Halt Date,Halt Time,Symbol,Name,Exchange,Reason,Resume Date,NYSE Resume Time
2026-06-03,19:50:00,ICCM,IceCure Medical Ltd. Ordinary Shares,Nasdaq,News Pending,,
2026-06-03,19:50:00,WXM,WF International Limited Ordinary Shares,Nasdaq,News Pending,,
2026-06-03,15:54:55,JDZG,JIADE LIMITED Class A Ordinary Shares,Nasdaq,LULD Pause,2026-06-03,16:00:00
2026-06-03,15:48:40,LSE,"""Leishen Energy Holding Co., Ltd. Class A Ordinary Shares""",Nasdaq,LULD Pause,2026-06-03,16:00:00
2026-06-03,15:18:28,RPGL,Republic Power Group Limited Class A Ordinary Shares,Nasdaq,LULD Pause,2026-06-03,16:00:00
2026-06-03,15:08:08,RPGL,Republic Power Group Limited Class A Ordinary Shares,Nasdaq,LULD Pause,2026-06-03,15:18:08
2026-06-03,15:05:17,GAVA,Grayscale Avalanche Staking ETF Common Units of Fractional Undivided Beneficial Interest,Nasdaq,LULD Pause,2026-06-03,15:10:17
2026-06-03,14:56:37,RPGL,Republic Power Group Limited Class A Ordinary Shares,Nasdaq,LULD Pause,2026-06-03,15:06:37
2026-06-03,14:48:01,YDES,YD Bio Limited Ordinary Shares,Nasdaq,LULD Pause,2026-06-03,14:58:01
2026-06-03,14:04:12,EEIQ,EpicQuest Education Group International Limited Common Stock,Nasdaq,LULD Pause,2026-06-03,14:14:12
2026-06-03,13:58:19,EEIQ,EpicQuest Education Group International Limited Common Stock,Nasdaq,LULD Pause,2026-06-03,14:03:19
2026-06-03,13:52:08,EEIQ,EpicQuest Education Group International Limited Common Stock,Nasdaq,LULD Pause,2026-06-03,13:57:08
2026-06-03,13:46:29,EEIQ,EpicQuest Education Group International Limited Common Stock,Nasdaq,LULD Pause,2026-06-03,13:51:29
2026-06-03,13:26:47,WLYB,"""John Wiley & Sons, Inc. Class B""",NYSE,LULD Pause,2026-06-03,13:32:00
2026-06-03,12:54:18,FOFO,"""Hang Feng Technology Innovation Co., Ltd. Ordinary Shares""",Nasdaq,LULD Pause,2026-06-03,12:59:18
2026-06-03,12:51:09,TJGC,TJGC Group Limited Ordinary Shares,Nasdaq,LULD Pause,2026-06-03,13:10:34
2026-06-03,12:42:22,PALOU,Paloma Acquisition Corp I Units,Nasdaq,LULD Pause,2026-06-03,12:47:22
2026-06-03,12:32:38,TJGC,TJGC Group Limited Ordinary Shares,Nasdaq,LULD Pause,2026-06-03,12:50:48
2026-06-03,12:26:18,SDOT,Sadot Group Inc. Common Stock,Nasdaq,LULD Pause,2026-06-03,12:31:18
2026-06-03,12:00:27,TJGC,TJGC Group Limited Ordinary Shares,Nasdaq,LULD Pause,2026-06-03,12:32:19
2026-06-03,11:25:01,JLHL,Julong Holding Limited Class A Ordinary Shares,Nasdaq,LULD Pause,2026-06-03,11:35:01
2026-06-03,11:14:03,JLHL,Julong Holding Limited Class A Ordinary Shares,Nasdaq,LULD Pause,2026-06-03,11:24:03
2026-06-03,11:08:33,JLHL,Julong Holding Limited Class A Ordinary Shares,Nasdaq,LULD Pause,2026-06-03,11:13:33
2026-06-03,10:58:17,SDOT,Sadot Group Inc. Common Stock,Nasdaq,LULD Pause,2026-06-03,11:03:17
2026-06-03,10:57:28,JLHL,Julong Holding Limited Class A Ordinary Shares,Nasdaq,LULD Pause,2026-06-03,11:02:28
2026-06-03,10:51:29,SDOT,Sadot Group Inc. Common Stock,Nasdaq,LULD Pause,2026-06-03,10:56:29
2026-06-03,10:48:37,JLHL,Julong Holding Limited Class A Ordinary Shares,Nasdaq,LULD Pause,2026-06-03,10:53:37
2026-06-03,10:36:56,WCT,Wellchange Holdings Company Limited Class A Ordinary shares,Nasdaq,LULD Pause,2026-06-03,10:41:56
2026-06-03,10:30:42,WCT,Wellchange Holdings Company Limited Class A Ordinary shares,Nasdaq,LULD Pause,2026-06-03,10:35:42
2026-06-03,10:16:37,SDOT,Sadot Group Inc. Common Stock,Nasdaq,LULD Pause,2026-06-03,10:21:37
2026-06-03,10:12:16,MGRT,Mega Fortune Company Limited Ordinary Shares,Nasdaq,LULD Pause,2026-06-03,10:17:16
2026-06-03,10:11:09,SDOT,Sadot Group Inc. Common Stock,Nasdaq,LULD Pause,2026-06-03,10:16:09
2026-06-03,10:09:26,CDTG,CDT Environmental Technology Investment Holdings Limited ordinary shares,Nasdaq,LULD Pause,2026-06-03,10:19:26
2026-06-03,09:59:18,FOFO,"""Hang Feng Technology Innovation Co., Ltd. Ordinary Shares""",Nasdaq,LULD Pause,2026-06-03,10:04:18
2026-06-03,09:56:40,WCT,Wellchange Holdings Company Limited Class A Ordinary shares,Nasdaq,LULD Pause,2026-06-03,10:01:40
2026-06-03,09:56:33,VSECU,VSE Corporation Tangible Equity Units,Nasdaq,LULD Pause,2026-06-03,10:01:33
2026-06-03,09:55:33,MGRT,Mega Fortune Company Limited Ordinary Shares,Nasdaq,LULD Pause,2026-06-03,10:05:33
2026-06-03,09:54:39,WYHG,Wing Yip Food Holdings Group Limited American Depositary Shares,Nasdaq,LULD Pause,2026-06-03,10:04:39
2026-06-03,09:53:18,HTCO,High-Trend International Group Class A Ordinary Shares,Nasdaq,LULD Pause,2026-06-03,09:58:18
2026-06-03,09:52:57,SDOT,Sadot Group Inc. Common Stock,Nasdaq,LULD Pause,2026-06-03,10:02:57
2026-06-03,09:52:04,MSAI,"""MultiSensor AI Holdings, Inc. Common Stock""",Nasdaq,LULD Pause,2026-06-03,09:57:04
2026-06-03,09:51:28,FOFO,"""Hang Feng Technology Innovation Co., Ltd. Ordinary Shares""",Nasdaq,LULD Pause,2026-06-03,09:56:28
2026-06-03,09:50:18,MGRT,Mega Fortune Company Limited Ordinary Shares,Nasdaq,LULD Pause,2026-06-03,09:55:18
2026-06-03,09:47:37,SDOT,Sadot Group Inc. Common Stock,Nasdaq,LULD Pause,2026-06-03,09:52:37
2026-06-03,09:47:21,NTSE,WisdomTree Emerging Markets Efficient Core Fund,NYSE Arca,LULD Pause,2026-06-03,09:52:21
2026-06-03,09:47:07,ASTC,Astrotech Corporation (DE) Common Stock,Nasdaq,LULD Pause,2026-06-03,09:52:07
2026-06-03,09:45:56,FOFO,"""Hang Feng Technology Innovation Co., Ltd. Ordinary Shares""",Nasdaq,LULD Pause,2026-06-03,09:50:56
2026-06-03,09:43:29,NODE,VanEck Onchain Economy ETF,Cboe BZX,LULD Pause,2026-06-03,09:48:29
2026-06-03,09:42:10,HBNB,Hotel101 Global Holdings Corp. Class A Ordinary Shares,Nasdaq,LULD Pause,2026-06-03,09:52:10
2026-06-03,09:42:10,SDOT,Sadot Group Inc. Common Stock,Nasdaq,LULD Pause,2026-06-03,09:47:10
2026-06-03,09:41:51,DAIC,"""CID HoldCo, Inc. Common Stock""",Nasdaq,LULD Pause,2026-06-03,09:46:51
2026-06-03,09:40:47,TKNQ,Amplify Tokenization Technology Leaders ETF,NYSE Arca,LULD Pause,2026-06-03,09:45:47
2026-06-03,09:40:41,MSAI,"""MultiSensor AI Holdings, Inc. Common Stock""",Nasdaq,LULD Pause,2026-06-03,09:45:41
2026-06-03,09:40:03,KUST,"""Kustom Entertainment, Inc. Common Stock""",Nasdaq,LULD Pause,2026-06-03,09:45:03
2026-06-03,09:39:27,AGQI,First Trust Active Global Quality Income ETF,NYSE Arca,LULD Pause,2026-06-03,09:44:27
2026-06-03,09:38:46,DXST,Decent Holding Inc Class A Ordinary Shares,Nasdaq,LULD Pause,2026-06-03,09:43:46
2026-06-03,09:38:29,PW,Power REIT,NYSE American,LULD Pause,2026-06-03,09:43:29
2026-06-03,09:37:17,CABZ,"""Roundhill Robotaxi, Autonomous Vehicles & Technology ETF""",Cboe BZX,LULD Pause,2026-06-03,09:42:17
2026-06-03,09:36:33,SDOT,Sadot Group Inc. Common Stock,Nasdaq,LULD Pause,2026-06-03,09:41:33
2026-06-03,09:34:31,HTCO,High-Trend International Group Class A Ordinary Shares,Nasdaq,LULD Pause,2026-06-03,09:50:14
2026-06-03,09:32:55,PW,Power REIT,NYSE American,LULD Pause,2026-06-03,09:37:55
2026-06-03,09:30:17,IND,Xtrackers Nifty 500 India ETF,Nasdaq,LULD Pause,2026-06-03,09:35:17
2026-06-03,08:26:55,DAICW,"""CID HoldCo, Inc. Warrants""",Nasdaq,News Pending,2026-06-03,08:55:00
2026-06-03,08:26:55,DAIC,"""CID HoldCo, Inc. Common Stock""",Nasdaq,News Pending,2026-06-03,08:50:00
2026-06-03,07:03:41,NVAWW,Nova Minerals Limited Warrant,Nasdaq,News Pending,,
2026-06-03,07:03:41,NVA,Nova Minerals Limited American Depositary Shares,Nasdaq,News Pending,,
2026-06-02,19:50:47,PW,Power REIT,NYSE American,Corporate Action,,
2026-06-02,19:50:47,PW,Power REIT,NYSE American,Corporate Action,2026-06-03,09:00:00
2026-06-02,19:50:00,FONR,Fonar Corporation,Nasdaq,News Pending,,
2026-06-02,19:50:00,SILO,"""Silo Pharma, Inc. Common Stock""",Nasdaq,News Pending,,
2026-06-02,19:50:00,SILO,"""Silo Pharma, Inc. Common Stock""",Nasdaq,News Pending,2026-06-03,09:00:00
2026-06-02,15:47:21,VIDA,VIDA Global Inc.,NYSE American,LULD Pause,2026-06-02,16:00:00
2026-06-02,15:08:13,JZ,Jianzhi Education Technology Group Company Limited American Depositary Shares,Nasdaq,LULD Pause,2026-06-02,15:13:13
2026-06-02,15:01:32,LILAV,Liberty Latin America Ltd Class A Common Stock Ex-Distribution When Issued,Nasdaq,LULD Pause,2026-06-02,15:11:32
2026-06-02,15:00:52,ASTC,Astrotech Corporation (DE) Common Stock,Nasdaq,LULD Pause,2026-06-02,15:05:52
2026-06-02,14:55:32,MLAC,Mountain Lake Acquisition Corp. Class A Ordinary Shares,Nasdaq,LULD Pause,2026-06-02,15:00:32
2026-06-02,14:55:15,ASTC,Astrotech Corporation (DE) Common Stock,Nasdaq,LULD Pause,2026-06-02,15:00:15
2026-06-02,14:52:33,JZ,Jianzhi Education Technology Group Company Limited American Depositary Shares,Nasdaq,LULD Pause,2026-06-02,14:57:33
2026-06-02,14:46:59,JZ,Jianzhi Education Technology Group Company Limited American Depositary Shares,Nasdaq,LULD Pause,2026-06-02,14:51:59
2026-06-02,14:34:45,LILAV,Liberty Latin America Ltd Class A Common Stock Ex-Distribution When Issued,Nasdaq,LULD Pause,2026-06-02,14:44:45
2026-06-02,14:22:06,JZ,Jianzhi Education Technology Group Company Limited American Depositary Shares,Nasdaq,LULD Pause,2026-06-02,14:27:06
2026-06-02,14:11:28,JZ,Jianzhi Education Technology Group Company Limited American Depositary Shares,Nasdaq,LULD Pause,2026-06-02,14:16:28
2026-06-02,14:05:40,JZ,Jianzhi Education Technology Group Company Limited American Depositary Shares,Nasdaq,LULD Pause,2026-06-02,14:10:40
2026-06-02,13:58:24,DXR,Daxor Corporation Common Stock,Nasdaq,LULD Pause,2026-06-02,14:03:24
2026-06-02,13:57:43,JZ,Jianzhi Education Technology Group Company Limited American Depositary Shares,Nasdaq,LULD Pause,2026-06-02,14:02:43
2026-06-02,13:49:45,JZ,Jianzhi Education Technology Group Company Limited American Depositary Shares,Nasdaq,LULD Pause,2026-06-02,13:54:45
2026-06-02,13:44:06,JZ,Jianzhi Education Technology Group Company Limited American Depositary Shares,Nasdaq,LULD Pause,2026-06-02,13:49:06
2026-06-02,13:38:33,JZ,Jianzhi Education Technology Group Company Limited American Depositary Shares,Nasdaq,LULD Pause,2026-06-02,13:43:33
2026-06-02,13:08:12,VSA,VisionSys AI Inc American Depositary Shares,Nasdaq,LULD Pause,2026-06-02,13:18:13
2026-06-02,13:06:59,JZ,Jianzhi Education Technology Group Company Limited American Depositary Shares,Nasdaq,LULD Pause,2026-06-02,13:11:59
2026-06-02,13:01:36,JZ,Jianzhi Education Technology Group Company Limited American Depositary Shares,Nasdaq,LULD Pause,2026-06-02,13:06:36
2026-06-02,12:59:23,WSO B,"""Watsco, Inc. Class B""",NYSE,LULD Pause,2026-06-02,13:17:47
2026-06-02,12:54:30,JZ,Jianzhi Education Technology Group Company Limited American Depositary Shares,Nasdaq,LULD Pause,2026-06-02,12:59:30
2026-06-02,12:34:34,LILKV,Liberty Latin America Ltd Class C Common Stock Ex-Distribution When Issued,Nasdaq,LULD Pause,2026-06-02,12:39:34
2026-06-02,12:22:52,LILKV,Liberty Latin America Ltd Class C Common Stock Ex-Distribution When Issued,Nasdaq,LULD Pause,2026-06-02,12:32:52
2026-06-02,12:12:01,LILKV,Liberty Latin America Ltd Class C Common Stock Ex-Distribution When Issued,Nasdaq,LULD Pause,2026-06-02,12:22:01
2026-06-02,12:04:21,LILKV,Liberty Latin America Ltd Class C Common Stock Ex-Distribution When Issued,Nasdaq,LULD Pause,2026-06-02,12:09:21
2026-06-02,11:53:57,LILKV,Liberty Latin America Ltd Class C Common Stock Ex-Distribution When Issued,Nasdaq,LULD Pause,2026-06-02,11:58:57
2026-06-02,11:46:14,ASTC,Astrotech Corporation (DE) Common Stock,Nasdaq,LULD Pause,2026-06-02,11:51:14
2026-06-02,11:36:26,LILKV,Liberty Latin America Ltd Class C Common Stock Ex-Distribution When Issued,Nasdaq,LULD Pause,2026-06-02,11:46:26
2026-06-02,11:30:42,LILKV,Liberty Latin America Ltd Class C Common Stock Ex-Distribution When Issued,Nasdaq,LULD Pause,2026-06-02,11:35:42
2026-06-02,11:02:58,JZ,Jianzhi Education Technology Group Company Limited American Depositary Shares,Nasdaq,LULD Pause,2026-06-02,11:07:58
2026-06-02,10:59:24,STLR,Stellar ETF,Cboe BZX,LULD Pause,2026-06-02,11:04:24
2026-06-02,10:45:59,HKIT,Hitek Global Inc. Class A Ordinary Share,Nasdaq,LULD Pause,2026-06-02,10:50:59
2026-06-02,10:41:04,JZ,Jianzhi Education Technology Group Company Limited American Depositary Shares,Nasdaq,LULD Pause,2026-06-02,10:46:04
2026-06-02,10:34:38,JZ,Jianzhi Education Technology Group Company Limited American Depositary Shares,Nasdaq,LULD Pause,2026-06-02,10:39:38
2026-06-02,10:32:38,VSA,VisionSys AI Inc American Depositary Shares,Nasdaq,LULD Pause,2026-06-02,10:42:38
2026-06-02,10:27:11,JZ,Jianzhi Education Technology Group Company Limited American Depositary Shares,Nasdaq,LULD Pause,2026-06-02,10:32:11
2026-06-02,10:25:48,VSA,VisionSys AI Inc American Depositary Shares,Nasdaq,LULD Pause,2026-06-02,10:30:48
2026-06-02,10:21:02,JZ,Jianzhi Education Technology Group Company Limited American Depositary Shares,Nasdaq,LULD Pause,2026-06-02,10:26:02
2026-06-02,10:13:30,ATPC,Agape ATP Corporation Common Stock,Nasdaq,LULD Pause,2026-06-02,10:18:30
2026-06-02,10:13:15,JZ,Jianzhi Education Technology Group Company Limited American Depositary Shares,Nasdaq,LULD Pause,2026-06-02,10:18:15
2026-06-02,10:11:33,DAIC,"""CID HoldCo, Inc. Common Stock""",Nasdaq,LULD Pause,2026-06-02,10:16:33
2026-06-02,10:05:36,JZ,Jianzhi Education Technology Group Company Limited American Depositary Shares,Nasdaq,LULD Pause,2026-06-02,10:10:36
2026-06-02,09:58:13,JZ,Jianzhi Education Technology Group Company Limited American Depositary Shares,Nasdaq,LULD Pause,2026-06-02,10:03:13
2026-06-02,09:54:43,HCHL,Happy City Holdings Limited Class A Ordinary shares,Nasdaq,LULD Pause,2026-06-02,10:04:43
2026-06-02,09:53:08,DXST,Decent Holding Inc Class A Ordinary Shares,Nasdaq,LULD Pause,2026-06-02,09:58:08
2026-06-02,09:50:18,YHC,LQR House Inc. Common Stock,Nasdaq,LULD Pause,2026-06-02,10:00:18
2026-06-02,09:50:17,DAIC,"""CID HoldCo, Inc. Common Stock""",Nasdaq,LULD Pause,2026-06-02,09:55:17
2026-06-02,09:48:21,JZ,Jianzhi Education Technology Group Company Limited American Depositary Shares,Nasdaq,LULD Pause,2026-06-02,09:53:21
2026-06-02,09:43:40,HCHL,Happy City Holdings Limited Class A Ordinary shares,Nasdaq,LULD Pause,2026-06-02,09:53:58
2026-06-02,09:41:39,ASTC,Astrotech Corporation (DE) Common Stock,Nasdaq,LULD Pause,2026-06-02,09:46:39
2026-06-02,09:41:24,VCIG,VCI Global Limited Ordinary Share,Nasdaq,LULD Pause,2026-06-02,09:46:24
2026-06-02,09:41:15,YHC,LQR House Inc. Common Stock,Nasdaq,LULD Pause,2026-06-02,09:46:15
2026-06-02,09:40:34,RAAQU,Real Asset Acquisition Corp. Unit,Nasdaq,LULD Pause,2026-06-02,09:45:34
2026-06-02,09:39:31,DXST,Decent Holding Inc Class A Ordinary Shares,Nasdaq,LULD Pause,2026-06-02,09:44:31
2026-06-02,09:38:53,VSECU,VSE Corporation Tangible Equity Units,Nasdaq,LULD Pause,2026-06-02,09:43:53
2026-06-02,09:38:45,JZ,Jianzhi Education Technology Group Company Limited American Depositary Shares,Nasdaq,LULD Pause,2026-06-02,09:43:45
2026-06-02,09:38:25,HCHL,Happy City Holdings Limited Class A Ordinary shares,Nasdaq,LULD Pause,2026-06-02,09:43:25
2026-06-02,09:35:51,CODX,"""Co-Diagnostics, Inc. Common Stock""",Nasdaq,LULD Pause,2026-06-02,09:45:51
2026-06-02,09:35:38,MLAC,Mountain Lake Acquisition Corp. Class A Ordinary Shares,Nasdaq,LULD Pause,2026-06-02,09:40:38
2026-06-02,09:34:45,CING,Cingulate Inc. Common Stock,Nasdaq,LULD Pause,2026-06-02,09:39:45
2026-06-02,09:31:44,JZ,Jianzhi Education Technology Group Company Limited American Depositary Shares,Nasdaq,LULD Pause,2026-06-02,09:36:44
2026-06-02,09:30:59,LILKV,Liberty Latin America Ltd Class C Common Stock Ex-Distribution When Issued,Nasdaq,LULD Pause,2026-06-02,11:27:29
2026-06-02,07:55:00,CINGW,Cingulate Inc. Warrants,Nasdaq,News Pending,2026-06-02,08:35:00
2026-06-02,07:55:00,CING,Cingulate Inc. Common Stock,Nasdaq,News Pending,2026-06-02,08:30:00
2026-06-02,03:58:00,ASD,Defiance Autism Impact ETF,Nasdaq,News Pending,2026-06-02,07:10:00
2026-06-01,19:50:00,MTYY,GraniteShares YieldBOOST MSTR ETF,Nasdaq,News Pending,,
2026-06-01,19:50:00,MTYY,GraniteShares YieldBOOST MSTR ETF,Nasdaq,News Pending,2026-06-02,09:00:00
2026-06-01,19:50:00,WYHG,Wing Yip Food Holdings Group Limited American Depositary Shares,Nasdaq,News Pending,,
2026-06-01,19:50:00,WYHG,Wing Yip Food Holdings Group Limited American Depositary Shares,Nasdaq,News Pending,2026-06-02,09:00:00
2026-06-01,19:50:00,PRHIZ,"""Presurance Holdings, Inc. 9.75% Senior Unsecured Notes due 2028""",Nasdaq,News Pending,2026-06-02,09:05:00
2026-06-01,19:50:00,PRHIZ,"""Presurance Holdings, Inc. 9.75% Senior Unsecured Notes due 2028""",Nasdaq,News Pending,,
2026-06-01,19:50:00,COYY,GraniteShares YieldBOOST COIN ETF,Nasdaq,News Pending,,
2026-06-01,19:50:00,COYY,GraniteShares YieldBOOST COIN ETF,Nasdaq,News Pending,2026-06-02,09:00:00
2026-06-01,19:50:00,TSYY,GraniteShares YieldBOOST TSLA ETF,Nasdaq,News Pending,2026-06-02,09:00:00
2026-06-01,19:50:00,TSYY,GraniteShares YieldBOOST TSLA ETF,Nasdaq,News Pending,,
2026-06-01,19:50:00,PRHI,"""Presurance Holdings, Inc. Common Stock""",Nasdaq,News Pending,2026-06-02,09:00:00
2026-06-01,19:50:00,PRHI,"""Presurance Holdings, Inc. Common Stock""",Nasdaq,News Pending,,
2026-06-01,19:25:00,QNTM,Quantum Biopharma Ltd. Class B Subordinate Voting Shares,Nasdaq,News Pending,,
2026-06-01,19:25:00,QNTM,Quantum Biopharma Ltd. Class B Subordinate Voting Shares,Nasdaq,News Pending,2026-06-02,07:10:00
2026-06-01,16:10:00,PRAX,"""Praxis Precision Medicines, Inc. Common Stock""",Nasdaq,News Pending,2026-06-01,16:45:00
2026-06-01,16:01:00,ABVX,Abivax SA American Depositary Shares,Nasdaq,News Pending,2026-06-01,16:30:01
2026-06-01,15:59:10,QH,Quhuo Limited American Depository Shares,Nasdaq,LULD Pause,2026-06-01,16:00:00
2026-06-01,15:56:57,LILAV,Liberty Latin America Ltd Class A Common Stock Ex-Distribution When Issued,Nasdaq,LULD Pause,2026-06-01,16:00:00
2026-06-01,15:49:53,JZ,Jianzhi Education Technology Group Company Limited American Depositary Shares,Nasdaq,LULD Pause,2026-06-01,16:00:00
2026-06-01,15:48:48,LILKV,Liberty Latin America Ltd Class C Common Stock Ex-Distribution When Issued,Nasdaq,LULD Pause,,
2026-06-01,15:38:43,JZ,Jianzhi Education Technology Group Company Limited American Depositary Shares,Nasdaq,LULD Pause,2026-06-01,15:43:43
2026-06-01,15:32:54,LILKV,Liberty Latin America Ltd Class C Common Stock Ex-Distribution When Issued,Nasdaq,LULD Pause,2026-06-01,15:37:54
2026-06-01,15:27:46,JZ,Jianzhi Education Technology Group Company Limited American Depositary Shares,Nasdaq,LULD Pause,2026-06-01,15:37:46
2026-06-01,15:27:39,LILKV,Liberty Latin America Ltd Class C Common Stock Ex-Distribution When Issued,Nasdaq,LULD Pause,2026-06-01,15:32:39
2026-06-01,15:17:24,JZ,Jianzhi Education Technology Group Company Limited American Depositary Shares,Nasdaq,LULD Pause,2026-06-01,15:27:24
2026-06-01,15:15:38,LILKV,Liberty Latin America Ltd Class C Common Stock Ex-Distribution When Issued,Nasdaq,LULD Pause,2026-06-01,15:20:38
2026-06-01,15:15:03,LILAV,Liberty Latin America Ltd Class A Common Stock Ex-Distribution When Issued,Nasdaq,LULD Pause,2026-06-01,15:20:03
2026-06-01,15:12:01,JZ,Jianzhi Education Technology Group Company Limited American Depositary Shares,Nasdaq,LULD Pause,2026-06-01,15:17:01
2026-06-01,15:11:33,DGZ,"""DB Gold Short ETN due February 15, 2038""",NYSE Arca,LULD Pause,2026-06-01,15:21:33
2026-06-01,15:01:45,JZ,Jianzhi Education Technology Group Company Limited American Depositary Shares,Nasdaq,LULD Pause,2026-06-01,15:11:45
2026-06-01,14:51:12,JZ,Jianzhi Education Technology Group Company Limited American Depositary Shares,Nasdaq,LULD Pause,2026-06-01,15:01:12
2026-06-01,14:40:46,JZ,Jianzhi Education Technology Group Company Limited American Depositary Shares,Nasdaq,LULD Pause,2026-06-01,14:50:46
2026-06-01,14:38:59,LILAV,Liberty Latin America Ltd Class A Common Stock Ex-Distribution When Issued,Nasdaq,LULD Pause,2026-06-01,15:09:31
2026-06-01,14:35:10,JZ,Jianzhi Education Technology Group Company Limited American Depositary Shares,Nasdaq,LULD Pause,2026-06-01,14:40:10
2026-06-01,14:29:40,JZ,Jianzhi Education Technology Group Company Limited American Depositary Shares,Nasdaq,LULD Pause,2026-06-01,14:34:40
2026-06-01,14:25:19,LILAV,Liberty Latin America Ltd Class A Common Stock Ex-Distribution When Issued,Nasdaq,LULD Pause,2026-06-01,14:30:19
2026-06-01,14:22:34,SIXP,AllianzIM U.S. Equity 6 Month Buffer10 Mar/Sep ETF,Cboe BZX,LULD Pause,2026-06-01,14:27:34
2026-06-01,14:19:22,JZ,Jianzhi Education Technology Group Company Limited American Depositary Shares,Nasdaq,LULD Pause,2026-06-01,14:29:22
2026-06-01,14:11:57,JZ,Jianzhi Education Technology Group Company Limited American Depositary Shares,Nasdaq,LULD Pause,2026-06-01,14:16:57
2026-06-01,14:01:39,JZ,Jianzhi Education Technology Group Company Limited American Depositary Shares,Nasdaq,LULD Pause,2026-06-01,14:11:39
2026-06-01,13:56:18,JZ,Jianzhi Education Technology Group Company Limited American Depositary Shares,Nasdaq,LULD Pause,2026-06-01,14:01:18
2026-06-01,13:46:02,JZ,Jianzhi Education Technology Group Company Limited American Depositary Shares,Nasdaq,LULD Pause,2026-06-01,13:56:02
2026-06-01,13:40:45,JZ,Jianzhi Education Technology Group Company Limited American Depositary Shares,Nasdaq,LULD Pause,2026-06-01,13:45:45
2026-06-01,13:34:16,JZ,Jianzhi Education Technology Group Company Limited American Depositary Shares,Nasdaq,LULD Pause,2026-06-01,13:39:16
2026-06-01,13:25:10,JZ,Jianzhi Education Technology Group Company Limited American Depositary Shares,Nasdaq,LULD Pause,2026-06-01,13:30:10
2026-06-01,13:13:24,JZ,Jianzhi Education Technology Group Company Limited American Depositary Shares,Nasdaq,LULD Pause,2026-06-01,13:23:24
2026-06-01,13:08:05,JZ,Jianzhi Education Technology Group Company Limited American Depositary Shares,Nasdaq,LULD Pause,2026-06-01,13:13:05
2026-06-01,13:00:39,JZ,Jianzhi Education Technology Group Company Limited American Depositary Shares,Nasdaq,LULD Pause,2026-06-01,13:05:39
2026-06-01,12:55:16,JZ,Jianzhi Education Technology Group Company Limited American Depositary Shares,Nasdaq,LULD Pause,2026-06-01,13:00:16
2026-06-01,12:50:01,JZ,Jianzhi Education Technology Group Company Limited American Depositary Shares,Nasdaq,LULD Pause,2026-06-01,12:55:01
2026-06-01,12:43:00,JZ,Jianzhi Education Technology Group Company Limited American Depositary Shares,Nasdaq,LULD Pause,2026-06-01,12:48:00
2026-06-01,12:37:22,JZ,Jianzhi Education Technology Group Company Limited American Depositary Shares,Nasdaq,LULD Pause,2026-06-01,12:42:22
2026-06-01,12:30:46,ATGL,Alpha Technology Group Limited Class A Ordinary Shares,Nasdaq,LULD Pause,2026-06-01,12:35:46
2026-06-01,12:23:13,AIM,AIM ImmunoTech Inc.,NYSE American,LULD Pause,2026-06-01,12:28:13
2026-06-01,12:22:54,TGHL,The GrowHub Limited Class A Ordinary Shares,Nasdaq,LULD Pause,2026-06-01,12:27:54
2026-06-01,12:18:13,JZ,Jianzhi Education Technology Group Company Limited American Depositary Shares,Nasdaq,LULD Pause,2026-06-01,12:23:13
2026-06-01,12:14:00,AIM,AIM ImmunoTech Inc.,NYSE American,LULD Pause,2026-06-01,12:19:00
2026-06-01,12:08:14,JZ,Jianzhi Education Technology Group Company Limited American Depositary Shares,Nasdaq,LULD Pause,2026-06-01,12:13:14
2026-06-01,12:07:24,TAVIU,Tavia Acquisition Corp. Unit,Nasdaq,LULD Pause,2026-06-01,12:12:24
2026-06-01,11:58:19,JZ,Jianzhi Education Technology Group Company Limited American Depositary Shares,Nasdaq,LULD Pause,2026-06-01,12:03:19
2026-06-01,11:52:42,JZ,Jianzhi Education Technology Group Company Limited American Depositary Shares,Nasdaq,LULD Pause,2026-06-01,11:57:42
2026-06-01,11:49:52,INLF,INLIF LIMITED Class A Ordinary Shares,Nasdaq,LULD Pause,2026-06-01,11:54:52
2026-06-01,11:47:26,JZ,Jianzhi Education Technology Group Company Limited American Depositary Shares,Nasdaq,LULD Pause,2026-06-01,11:52:26
2026-06-01,11:41:20,JZ,Jianzhi Education Technology Group Company Limited American Depositary Shares,Nasdaq,LULD Pause,2026-06-01,11:46:20
2026-06-01,11:35:16,DGZ,"""DB Gold Short ETN due February 15, 2038""",NYSE Arca,LULD Pause,2026-06-01,11:45:16
2026-06-01,11:27:46,CMND,Clearmind Medicine Inc. Common Shares,Nasdaq,LULD Pause,2026-06-01,11:32:46
2026-06-01,11:25:05,FEDU,"""Four Seasons Education (Cayman) Inc. American depositary shares, each representing ten (10) Ordinary Shares""",NYSE,LULD Pause,2026-06-01,11:41:49
2026-06-01,11:08:27,HKIT,Hitek Global Inc. Class A Ordinary Share,Nasdaq,LULD Pause,2026-06-01,11:13:27
2026-06-01,11:04:18,TGHL,The GrowHub Limited Class A Ordinary Shares,Nasdaq,LULD Pause,2026-06-01,11:09:18
2026-06-01,11:01:18,CDTG,CDT Environmental Technology Investment Holdings Limited ordinary shares,Nasdaq,LULD Pause,2026-06-01,11:06:18
2026-06-01,10:59:23,KNRX,KNOREX LTD.,NYSE American,LULD Pause,2026-06-01,11:04:23
2026-06-01,10:58:23,TGHL,The GrowHub Limited Class A Ordinary Shares,Nasdaq,LULD Pause,2026-06-01,11:03:23
2026-06-01,10:51:53,TGHL,The GrowHub Limited Class A Ordinary Shares,Nasdaq,LULD Pause,2026-06-01,10:56:53
2026-06-01,10:51:15,ORLA,Orla Mining Ltd.,NYSE American,News Pending,2026-06-01,11:35:00
2026-06-01,10:51:03,JZ,Jianzhi Education Technology Group Company Limited American Depositary Shares,Nasdaq,LULD Pause,2026-06-01,10:56:03
2026-06-01,10:46:18,TGHL,The GrowHub Limited Class A Ordinary Shares,Nasdaq,LULD Pause,2026-06-01,10:51:18
2026-06-01,10:38:05,DTSQU,DT Cloud Star Acquisition Corporation Units,Nasdaq,LULD Pause,2026-06-01,10:48:05
2026-06-01,10:37:00,NBCE,Neuberger China Equity ETF,NYSE Arca,LULD Pause,2026-06-01,10:42:00
2026-06-01,10:35:49,JZXN,"""Jiuzi Holdings, Inc. Ordinary Shares""",Nasdaq,LULD Pause,2026-06-01,10:40:49
2026-06-01,10:34:30,ABTS,Abits Group Inc Ordinary Shares,Nasdaq,LULD Pause,2026-06-01,10:39:30
2026-06-01,10:33:23,TGHL,The GrowHub Limited Class A Ordinary Shares,Nasdaq,LULD Pause,2026-06-01,10:43:23
2026-06-01,10:32:22,JZ,Jianzhi Education Technology Group Company Limited American Depositary Shares,Nasdaq,LULD Pause,2026-06-01,10:37:22
2026-06-01,10:31:42,DGZ,"""DB Gold Short ETN due February 15, 2038""",NYSE Arca,LULD Pause,2026-06-01,10:36:42
2026-06-01,10:28:04,TGHL,The GrowHub Limited Class A Ordinary Shares,Nasdaq,LULD Pause,2026-06-01,10:33:04
2026-06-01,10:25:21,HKIT,Hitek Global Inc. Class A Ordinary Share,Nasdaq,LULD Pause,2026-06-01,10:35:21
2026-06-01,10:22:58,JZXN,"""Jiuzi Holdings, Inc. Ordinary Shares""",Nasdaq,LULD Pause,2026-06-01,10:27:58
2026-06-01,10:21:44,JZ,Jianzhi Education Technology Group Company Limited American Depositary Shares,Nasdaq,LULD Pause,2026-06-01,10:31:44
2026-06-01,10:20:00,HKIT,Hitek Global Inc. Class A Ordinary Share,Nasdaq,LULD Pause,2026-06-01,10:25:00
2026-06-01,10:18:58,TGHL,The GrowHub Limited Class A Ordinary Shares,Nasdaq,LULD Pause,2026-06-01,10:23:58
2026-06-01,10:16:26,JZ,Jianzhi Education Technology Group Company Limited American Depositary Shares,Nasdaq,LULD Pause,2026-06-01,10:21:26
2026-06-01,10:15:14,SPCE,"""Virgin Galactic Holdings, Inc.""",NYSE,LULD Pause,2026-06-01,10:20:17
2026-06-01,10:13:02,TGHL,The GrowHub Limited Class A Ordinary Shares,Nasdaq,LULD Pause,2026-06-01,10:18:02
2026-06-01,10:12:56,HKIT,Hitek Global Inc. Class A Ordinary Share,Nasdaq,LULD Pause,2026-06-01,10:17:56
2026-06-01,10:10:38,JZ,Jianzhi Education Technology Group Company Limited American Depositary Shares,Nasdaq,LULD Pause,2026-06-01,10:15:38
2026-06-01,10:07:47,TGHL,The GrowHub Limited Class A Ordinary Shares,Nasdaq,LULD Pause,2026-06-01,10:12:47
2026-06-01,10:05:22,JZ,Jianzhi Education Technology Group Company Limited American Depositary Shares,Nasdaq,LULD Pause,2026-06-01,10:10:22
2026-06-01,10:00:00,FDXF,"""FedEx Freight Holding Company, Inc.""",NYSE,LULD Pause,2026-06-01,10:05:20
2026-06-01,09:59:34,JZ,Jianzhi Education Technology Group Company Limited American Depositary Shares,Nasdaq,LULD Pause,2026-06-01,10:04:34
2026-06-01,09:57:02,TGHL,The GrowHub Limited Class A Ordinary Shares,Nasdaq,LULD Pause,2026-06-01,10:07:02
2026-06-01,09:56:59,DGZ,"""DB Gold Short ETN due February 15, 2038""",NYSE Arca,LULD Pause,2026-06-01,10:01:59
2026-06-01,09:56:34,HKIT,Hitek Global Inc. Class A Ordinary Share,Nasdaq,LULD Pause,2026-06-01,10:01:34
2026-06-01,09:49:42,MASK,3 E Network Technology Group Ltd Class A Ordinary Shares,Nasdaq,LULD Pause,2026-06-01,09:54:42
2026-06-01,09:49:23,FDXF,"""FedEx Freight Holding Company, Inc.""",NYSE,LULD Pause,2026-06-01,09:54:47
2026-06-01,09:46:39,TGHL,The GrowHub Limited Class A Ordinary Shares,Nasdaq,LULD Pause,2026-06-01,09:56:39
2026-06-01,09:46:32,ATPC,Agape ATP Corporation Common Stock,Nasdaq,LULD Pause,2026-06-01,09:51:32
2026-06-01,09:42:28,MASK,3 E Network Technology Group Ltd Class A Ordinary Shares,Nasdaq,LULD Pause,2026-06-01,09:47:28
2026-06-01,09:41:44,NBCE,Neuberger China Equity ETF,NYSE Arca,LULD Pause,2026-06-01,09:46:44
2026-06-01,09:41:09,TGHL,The GrowHub Limited Class A Ordinary Shares,Nasdaq,LULD Pause,2026-06-01,09:46:09
2026-06-01,09:40:40,FDXF,"""FedEx Freight Holding Company, Inc.""",NYSE,LULD Pause,2026-06-01,09:45:50
2026-06-01,09:38:29,ASTC,Astrotech Corporation (DE) Common Stock,Nasdaq,LULD Pause,2026-06-01,09:43:29
2026-06-01,09:38:25,DAIC,"""CID HoldCo, Inc. Common Stock""",Nasdaq,LULD Pause,2026-06-01,09:43:25
2026-06-01,09:35:43,TGHL,The GrowHub Limited Class A Ordinary Shares,Nasdaq,LULD Pause,2026-06-01,09:40:43
2026-06-01,09:33:07,VSECU,VSE Corporation Tangible Equity Units,Nasdaq,LULD Pause,2026-06-01,09:38:07
2026-06-01,09:32:52,ABVE,Above Food Ingredients Inc. Common Stock,Nasdaq,LULD Pause,2026-06-01,09:37:52
2026-06-01,09:32:48,MSST,YieldMax MSTR Performance & Distribution Target 25 ETF,Cboe BZX,LULD Pause,2026-06-01,09:37:48
2026-06-01,09:31:39,MASK,3 E Network Technology Group Ltd Class A Ordinary Shares,Nasdaq,LULD Pause,2026-06-01,09:36:39
2026-06-01,09:30:38,REPL,"""Replimune Group, Inc.""",Nasdaq,LULD Pause,2026-06-01,09:35:38
2026-06-01,09:30:22,STG,"""Sunlands Technology Group, American Depositary Shares,  American Depositary Shares, every two (2) ADSs representing one (1) Class A Ordinary Share""",NYSE,LULD Pause,2026-06-01,09:35:39
2026-06-01,09:30:21,MLACU,Mountain Lake Acquisition Corp. Units,Nasdaq,LULD Pause,2026-06-01,09:48:44
2026-06-01,09:30:20,TGHL,The GrowHub Limited Class A Ordinary Shares,Nasdaq,LULD Pause,2026-06-01,09:35:20
2026-06-01,09:30:16,ARKD,ARK DIET Q1 Buffer ETF,Cboe BZX,LULD Pause,2026-06-01,09:40:16
2026-06-01,09:30:15,MBSX,Regan Fixed Rate MBS ETF,NYSE Arca,LULD Pause,2026-06-01,09:40:15
2026-06-01,08:57:14,THR,"""THERMON GROUP HOLDINGS, INC.""",NYSE,Merger Effective,,
2026-06-01,08:48:00,HCACU,Hall Chadwick Acquisition Corp. Unit,Nasdaq,News Pending,2026-06-01,13:40:00
2026-06-01,08:48:00,HCACR,Hall Chadwick Acquisition Corp Rights,Nasdaq,News Pending,2026-06-01,13:40:00
2026-06-01,08:48:00,HCAC,Hall Chadwick Acquisition Corp Class A Ordinary Shares,Nasdaq,News Pending,2026-06-01,13:35:00
2026-06-01,08:39:24,NVRI,Enviri Corporation,NYSE,Merger Effective,,
2026-06-01,07:56:37,OPTU,"""Optimum Communications, Inc.""",NYSE,News Pending,2026-06-01,08:14:25
2026-06-01,07:55:00,RLYB,Rallybio Corporation Common Stock,Nasdaq,News Pending,2026-06-01,08:35:00
2026-06-01,06:55:00,NCSM,"""NCS Multistage Holdings, Inc.""",Nasdaq,News Pending,2026-06-01,07:30:00
2026-06-01,03:58:05,BRHY,BlackRock ETF Trust II iShares High Yield Active ETF,Nasdaq,News Pending,2026-06-01,10:45:00
2026-05-29,19:50:00,SMXWW,SMX (Security Matters) Public Limited Company Warrant,Nasdaq,News Pending,2026-06-01,09:05:00
2026-05-29,19:50:00,SMXWW,SMX (Security Matters) Public Limited Company Warrant,Nasdaq,News Pending,,
2026-05-29,19:50:00,SBFMW,Sunshine Biopharma Inc. warrant,Nasdaq,News Pending,2026-06-01,09:05:00
2026-05-29,19:50:00,SBFMW,Sunshine Biopharma Inc. warrant,Nasdaq,News Pending,,
2026-05-29,19:50:00,SMX,SMX (Security Matters) Public Limited Company Ordinary Shares,Nasdaq,News Pending,,
2026-05-29,19:50:00,SMX,SMX (Security Matters) Public Limited Company Ordinary Shares,Nasdaq,News Pending,2026-06-01,09:00:00
2026-05-29,19:50:00,SCYX,"""SCYNEXIS, Inc.""",Nasdaq,News Pending,2026-06-01,09:00:00
2026-05-29,19:50:00,SCYX,"""SCYNEXIS, Inc.""",Nasdaq,News Pending,,
2026-05-29,19:50:00,CDTG,CDT Environmental Technology Investment Holdings Limited ordinary shares,Nasdaq,News Pending,,
2026-05-29,19:50:00,CDTG,CDT Environmental Technology Investment Holdings Limited ordinary shares,Nasdaq,News Pending,2026-06-01,09:00:00
2026-05-29,19:50:00,ZOOZW,ZOOZ Strategy Ltd. Warrant,Nasdaq,News Pending,2026-06-01,09:05:00
2026-05-29,19:50:00,ZOOZW,ZOOZ Strategy Ltd. Warrant,Nasdaq,News Pending,,
2026-05-29,19:50:00,DAICW,"""CID HoldCo, Inc. Warrants""",Nasdaq,News Pending,2026-06-01,09:05:00
2026-05-29,19:50:00,DAICW,"""CID HoldCo, Inc. Warrants""",Nasdaq,News Pending,,
2026-05-29,19:50:00,JDZG,JIADE LIMITED Class A Ordinary Shares,Nasdaq,News Pending,,
2026-05-29,19:50:00,JDZG,JIADE LIMITED Class A Ordinary Shares,Nasdaq,News Pending,2026-06-01,09:00:00
2026-05-29,19:50:00,TBH,"""Brag House Holdings, Inc. Common Stock""",Nasdaq,News Pending,2026-06-01,09:00:00
2026-05-29,19:50:00,TBH,"""Brag House Holdings, Inc. Common Stock""",Nasdaq,News Pending,,
2026-05-29,19:50:00,SBFM,Sunshine Biopharma Inc.,Nasdaq,News Pending,,
2026-05-29,19:50:00,SBFM,Sunshine Biopharma Inc.,Nasdaq,News Pending,2026-06-01,09:00:00
2026-05-29,19:50:00,DAIC,"""CID HoldCo, Inc. Common Stock""",Nasdaq,News Pending,,
2026-05-29,19:50:00,DAIC,"""CID HoldCo, Inc. Common Stock""",Nasdaq,News Pending,2026-06-01,09:00:00
2026-05-29,19:50:00,ZOOZ,ZOOZ Strategy Ltd. Ordinary Shares,Nasdaq,News Pending,,
2026-05-29,19:50:00,ZOOZ,ZOOZ Strategy Ltd. Ordinary Shares,Nasdaq,News Pending,2026-06-01,09:00:00
2026-05-29,15:44:47,ASTC,Astrotech Corporation (DE) Common Stock,Nasdaq,LULD Pause,2026-05-29,15:49:47
2026-05-29,15:35:12,MBSX,Regan Fixed Rate MBS ETF,NYSE Arca,LULD Pause,2026-05-29,15:45:25
2026-05-29,15:08:44,BUUU,BUUU Group Limited Class A Ordinary Share,Nasdaq,LULD Pause,2026-05-29,15:13:44
2026-05-29,15:06:34,CDT,CDT Equity Inc. Common Stock,Nasdaq,LULD Pause,2026-05-29,15:11:34
2026-05-29,14:57:55,BUUU,BUUU Group Limited Class A Ordinary Share,Nasdaq,LULD Pause,2026-05-29,15:07:56
2026-05-29,14:56:54,POAS,Phaos Technology Holdings (Cayman) Limited,NYSE American,LULD Pause,2026-05-29,15:01:54
2026-05-29,14:53:51,ASPCU,A SPAC III Acquisition Corp. Unit,Nasdaq,LULD Pause,2026-05-29,15:03:51
2026-05-29,14:50:00,POAS,Phaos Technology Holdings (Cayman) Limited,NYSE American,LULD Pause,2026-05-29,14:55:00
2026-05-29,14:44:31,POAS,Phaos Technology Holdings (Cayman) Limited,NYSE American,LULD Pause,2026-05-29,14:49:31
2026-05-29,14:43:56,OCSAW,Oculis Holding AG Warrants,Nasdaq,News Pending,2026-05-29,16:26:08
2026-05-29,14:43:56,OCS,Oculis Holding AG Ordinary shares,Nasdaq,News Pending,2026-05-29,16:21:08
2026-05-29,14:38:51,POAS,Phaos Technology Holdings (Cayman) Limited,NYSE American,LULD Pause,2026-05-29,14:43:51
2026-05-29,14:38:48,MBSX,Regan Fixed Rate MBS ETF,NYSE Arca,LULD Pause,2026-05-29,15:34:57
2026-05-29,14:28:36,POAS,Phaos Technology Holdings (Cayman) Limited,NYSE American,LULD Pause,2026-05-29,14:38:36
2026-05-29,14:26:00,VCIG,VCI Global Limited Ordinary Share,Nasdaq,LULD Pause,2026-05-29,14:31:00
2026-05-29,14:14:46,POAS,Phaos Technology Holdings (Cayman) Limited,NYSE American,LULD Pause,2026-05-29,14:24:46
2026-05-29,13:48:41,ASTC,Astrotech Corporation (DE) Common Stock,Nasdaq,LULD Pause,2026-05-29,13:58:41
2026-05-29,13:42:04,JLHL,Julong Holding Limited Class A Ordinary Shares,Nasdaq,LULD Pause,2026-05-29,13:47:04
2026-05-29,13:27:23,YMAT,"""J-Star Holding Co., Ltd. Class A Ordinary Shares""",Nasdaq,LULD Pause,2026-05-29,13:32:23
2026-05-29,13:21:58,YMAT,"""J-Star Holding Co., Ltd. Class A Ordinary Shares""",Nasdaq,LULD Pause,2026-05-29,13:26:58
2026-05-29,13:18:31,BVC,BitVentures Limited Ordinary Shares,Nasdaq,LULD Pause,2026-05-29,13:23:31
2026-05-29,13:16:23,YMAT,"""J-Star Holding Co., Ltd. Class A Ordinary Shares""",Nasdaq,LULD Pause,2026-05-29,13:21:23
2026-05-29,13:03:29,YMAT,"""J-Star Holding Co., Ltd. Class A Ordinary Shares""",Nasdaq,LULD Pause,2026-05-29,13:08:29
2026-05-29,12:49:48,CDT,CDT Equity Inc. Common Stock,Nasdaq,LULD Pause,2026-05-29,12:54:48
2026-05-29,12:32:40,EEIQ,EpicQuest Education Group International Limited Common Stock,Nasdaq,LULD Pause,2026-05-29,12:37:40
2026-05-29,12:25:31,INLF,INLIF LIMITED Class A Ordinary Shares,Nasdaq,LULD Pause,2026-05-29,12:30:31
2026-05-29,12:15:38,HTCO,High-Trend International Group Class A Ordinary Shares,Nasdaq,LULD Pause,2026-05-29,12:25:38
2026-05-29,12:11:13,CDT,CDT Equity Inc. Common Stock,Nasdaq,LULD Pause,2026-05-29,12:16:13
2026-05-29,12:04:29,HTCO,High-Trend International Group Class A Ordinary Shares,Nasdaq,LULD Pause,2026-05-29,12:09:29
2026-05-29,12:03:05,VCIG,VCI Global Limited Ordinary Share,Nasdaq,LULD Pause,2026-05-29,12:08:05
2026-05-29,11:51:45,VCIG,VCI Global Limited Ordinary Share,Nasdaq,LULD Pause,2026-05-29,12:01:45
2026-05-29,11:46:27,VCIG,VCI Global Limited Ordinary Share,Nasdaq,LULD Pause,2026-05-29,11:51:27
2026-05-29,11:32:35,QH,Quhuo Limited American Depository Shares,Nasdaq,LULD Pause,2026-05-29,11:37:35
2026-05-29,11:30:23,ASTC,Astrotech Corporation (DE) Common Stock,Nasdaq,LULD Pause,2026-05-29,11:35:23
2026-05-29,10:58:35,QTEX,QTREX Quantum Ltd. Ordinary Shares,Nasdaq,LULD Pause,2026-05-29,11:03:35
2026-05-29,10:54:24,NEXR,Nexera Technologies Ltd Ordinary Shares,Nasdaq,LULD Pause,2026-05-29,10:59:24
2026-05-29,10:40:49,ASTC,Astrotech Corporation (DE) Common Stock,Nasdaq,LULD Pause,2026-05-29,10:45:49
2026-05-29,10:28:15,QH,Quhuo Limited American Depository Shares,Nasdaq,LULD Pause,2026-05-29,10:33:15
2026-05-29,10:24:06,NEXR,Nexera Technologies Ltd Ordinary Shares,Nasdaq,LULD Pause,2026-05-29,10:34:06
2026-05-29,10:18:29,NEXR,Nexera Technologies Ltd Ordinary Shares,Nasdaq,LULD Pause,2026-05-29,10:23:29
2026-05-29,10:16:56,QH,Quhuo Limited American Depository Shares,Nasdaq,LULD Pause,2026-05-29,10:26:56
2026-05-29,10:12:52,ASTC,Astrotech Corporation (DE) Common Stock,Nasdaq,LULD Pause,2026-05-29,10:17:52
2026-05-29,10:11:33,QH,Quhuo Limited American Depository Shares,Nasdaq,LULD Pause,2026-05-29,10:16:33
2026-05-29,10:00:43,QTEX,QTREX Quantum Ltd. Ordinary Shares,Nasdaq,LULD Pause,2026-05-29,10:10:43
2026-05-29,10:00:26,ZCMD,Zhongchao Inc. Class A Ordinary Shares,Nasdaq,LULD Pause,2026-05-29,10:05:26
2026-05-29,09:58:44,VCIG,VCI Global Limited Ordinary Share,Nasdaq,LULD Pause,2026-05-29,10:08:45
2026-05-29,09:58:21,ASTC,Astrotech Corporation (DE) Common Stock,Nasdaq,LULD Pause,2026-05-29,10:03:21
2026-05-29,09:55:18,QTEX,QTREX Quantum Ltd. Ordinary Shares,Nasdaq,LULD Pause,2026-05-29,10:00:18
2026-05-29,09:50:57,QH,Quhuo Limited American Depository Shares,Nasdaq,LULD Pause,2026-05-29,09:55:57
2026-05-29,09:50:50,PCTTU,"""PureCycle Technologies, Inc. Unit""",Nasdaq,LULD Pause,2026-05-29,09:55:50
2026-05-29,09:50:34,ASTC,Astrotech Corporation (DE) Common Stock,Nasdaq,LULD Pause,2026-05-29,09:55:34
2026-05-29,09:46:16,OLOX,Olenox Industries Inc. Common Stock,Nasdaq,LULD Pause,2026-05-29,09:51:16
2026-05-29,09:43:13,QTEX,QTREX Quantum Ltd. Ordinary Shares,Nasdaq,LULD Pause,2026-05-29,09:48:13
2026-05-29,09:41:23,ASTC,Astrotech Corporation (DE) Common Stock,Nasdaq,LULD Pause,2026-05-29,09:46:23
2026-05-29,09:36:52,OLOX,Olenox Industries Inc. Common Stock,Nasdaq,LULD Pause,2026-05-29,09:41:52
2026-05-29,09:34:36,MODD,"""Modular Medical, Inc. Common Stock""",Nasdaq,LULD Pause,2026-05-29,09:39:36
2026-05-29,09:30:48,MX,Magnachip Semiconductor Corp.,NYSE,LULD Pause,2026-05-29,09:36:09
2026-05-29,09:30:39,QH,Quhuo Limited American Depository Shares,Nasdaq,LULD Pause,2026-05-29,09:45:39
2026-05-29,09:30:15,ASUP,T-REX 2X Long ASTS Daily Target ETF,Cboe BZX,LULD Pause,2026-05-29,09:40:25
2026-05-28,19:50:00,SLXNW,Silexion Therapeutics Corp Warrant,Nasdaq,News Pending,,
2026-05-28,19:50:00,SLXNW,Silexion Therapeutics Corp Warrant,Nasdaq,News Pending,2026-05-29,09:05:00
2026-05-28,19:50:00,HKIT,Hitek Global Inc. Class A Ordinary Share,Nasdaq,News Pending,,
2026-05-28,19:50:00,HKIT,Hitek Global Inc. Class A Ordinary Share,Nasdaq,News Pending,2026-05-29,09:00:00
2026-05-28,19:50:00,SLXN,Silexion Therapeutics Corp Ordinary Shares,Nasdaq,News Pending,2026-05-29,09:00:00
2026-05-28,19:50:00,SLXN,Silexion Therapeutics Corp Ordinary Shares,Nasdaq,News Pending,,
2026-05-28,15:42:09,SPRC,SciSparc Ltd. Ordinary Shares,Nasdaq,LULD Pause,2026-05-28,16:00:00
2026-05-28,15:26:22,ASTC,Astrotech Corporation (DE) Common Stock,Nasdaq,LULD Pause,2026-05-28,15:36:22
2026-05-28,14:50:58,SPRC,SciSparc Ltd. Ordinary Shares,Nasdaq,LULD Pause,2026-05-28,14:55:58
2026-05-28,14:39:12,SPRC,SciSparc Ltd. Ordinary Shares,Nasdaq,LULD Pause,2026-05-28,14:44:12
2026-05-28,14:26:02,ASTC,Astrotech Corporation (DE) Common Stock,Nasdaq,LULD Pause,2026-05-28,14:31:02
2026-05-28,13:58:48,PCLA,PicoCELA Inc. American Depositary Shares,Nasdaq,LULD Pause,2026-05-28,14:08:49
2026-05-28,13:49:05,ASTC,Astrotech Corporation (DE) Common Stock,Nasdaq,LULD Pause,2026-05-28,13:54:05
2026-05-28,13:43:02,PCLA,PicoCELA Inc. American Depositary Shares,Nasdaq,LULD Pause,2026-05-28,13:48:02
2026-05-28,13:37:46,ASTC,Astrotech Corporation (DE) Common Stock,Nasdaq,LULD Pause,2026-05-28,13:47:46
2026-05-28,13:32:28,ASTC,Astrotech Corporation (DE) Common Stock,Nasdaq,LULD Pause,2026-05-28,13:37:28
2026-05-28,13:26:09,CGTL,Creative Global Technology Holdings Limited Class A Ordinary Shares,Nasdaq,LULD Pause,2026-05-28,13:31:09
2026-05-28,13:22:07,ASTC,Astrotech Corporation (DE) Common Stock,Nasdaq,LULD Pause,2026-05-28,13:32:07
2026-05-28,13:14:06,SPRC,SciSparc Ltd. Ordinary Shares,Nasdaq,LULD Pause,2026-05-28,13:19:06
2026-05-28,12:11:38,FDXF WI,"""FedEx Freight Holding Company, Inc.""",NYSE,LULD Pause,2026-05-28,12:17:08
2026-05-28,12:04:42,MASK,3 E Network Technology Group Ltd Class A Ordinary Shares,Nasdaq,LULD Pause,2026-05-28,12:19:43
2026-05-28,11:46:33,SPRC,SciSparc Ltd. Ordinary Shares,Nasdaq,LULD Pause,2026-05-28,11:51:33
2026-05-28,11:14:02,NTCL,NETCLASS TECHNOLOGY INC Class A Ordinary Shares,Nasdaq,LULD Pause,2026-05-28,11:19:02
2026-05-28,10:53:00,SPRC,SciSparc Ltd. Ordinary Shares,Nasdaq,LULD Pause,2026-05-28,10:58:00
2026-05-28,10:47:43,MASK,3 E Network Technology Group Ltd Class A Ordinary Shares,Nasdaq,LULD Pause,2026-05-28,10:52:43
2026-05-28,10:47:06,ZCMD,Zhongchao Inc. Class A Ordinary Shares,Nasdaq,LULD Pause,2026-05-28,10:52:06
2026-05-28,10:43:12,JWEL,Jowell Global Ltd. Ordinary Shares,Nasdaq,LULD Pause,2026-05-28,10:53:12
2026-05-28,10:30:59,BAYAU,Bayview Acquisition Corp Unit,Nasdaq,LULD Pause,2026-05-28,10:45:59
2026-05-28,10:30:00,SPRC,SciSparc Ltd. Ordinary Shares,Nasdaq,LULD Pause,2026-05-28,10:35:00
2026-05-28,10:09:29,RAY,Raytech Holding Limited Ordinary Shares,Nasdaq,LULD Pause,2026-05-28,10:19:29
2026-05-28,10:03:06,FITZ,Fitz-Gerald Must Have Portfolio ETF,NYSE Arca,LULD Pause,2026-05-28,10:08:06
2026-05-28,10:02:21,RAY,Raytech Holding Limited Ordinary Shares,Nasdaq,LULD Pause,2026-05-28,10:07:21
2026-05-28,10:00:22,JXG,JX Luxventure Limited Common Stock,Nasdaq,LULD Pause,2026-05-28,10:05:22
2026-05-28,09:57:06,RAY,Raytech Holding Limited Ordinary Shares,Nasdaq,LULD Pause,2026-05-28,10:02:06
2026-05-28,09:56:19,FITZ,Fitz-Gerald Must Have Portfolio ETF,NYSE Arca,LULD Pause,2026-05-28,10:01:19
2026-05-28,09:55:02,AKTX,Akari Therapeutics plc ADR (0.01 USD),Nasdaq,LULD Pause,2026-05-28,10:05:03
2026-05-28,09:50:55,SPRC,SciSparc Ltd. Ordinary Shares,Nasdaq,LULD Pause,2026-05-28,09:55:56
2026-05-28,09:46:14,SUGP,SU Group Holdings Limited Class A Ordinary Shares,Nasdaq,LULD Pause,2026-05-28,09:51:14
2026-05-28,09:43:34,CGCTU,Cartesian Growth Corporation III Unit,Nasdaq,LULD Pause,2026-05-28,09:48:34
2026-05-28,09:43:31,RPGL,Republic Power Group Limited Class A Ordinary Shares,Nasdaq,LULD Pause,2026-05-28,09:48:31
2026-05-28,09:36:14,SPRC,SciSparc Ltd. Ordinary Shares,Nasdaq,LULD Pause,2026-05-28,09:46:36
2026-05-28,09:35:14,FITZ,Fitz-Gerald Must Have Portfolio ETF,NYSE Arca,LULD Pause,2026-05-28,09:55:44
2026-05-28,09:31:17,CGCTU,Cartesian Growth Corporation III Unit,Nasdaq,LULD Pause,2026-05-28,09:36:17
2026-05-28,09:30:51,RW,Rainwater Equity ETF,NYSE Arca,LULD Pause,2026-05-28,09:35:51
2026-05-28,09:30:47,SPRC,SciSparc Ltd. Ordinary Shares,Nasdaq,LULD Pause,2026-05-28,09:35:47
2026-05-28,09:30:45,BCOR,Grayscale Bitcoin Adopters ETF,NYSE Arca,LULD Pause,2026-05-28,09:35:45
2026-05-28,09:30:16,RSVR,"""Reservoir Media, Inc. Common Stock""",Nasdaq,LULD Pause,2026-05-28,09:40:49
2026-05-28,09:30:16,STLR,Stellar ETF,Cboe BZX,LULD Pause,2026-05-28,09:35:16
2026-05-28,09:30:15,STLU,2x Stellar ETF,Cboe BZX,LULD Pause,2026-05-28,09:40:15
2026-05-28,06:55:00,CZR,"""Caesars Entertainment, Inc. Common Stock""",Nasdaq,News Pending,2026-05-28,07:20:00
2026-05-27,19:51:08,SDP,ProShares UltraShort Utilities,NYSE Arca,Corporate Action,2026-05-28,09:00:00
2026-05-27,19:51:08,SZK,ProShares UltraShort Consumer Staples,NYSE Arca,Corporate Action,2026-05-28,09:00:00
2026-05-27,19:51:08,SDP,ProShares UltraShort Utilities,NYSE Arca,Corporate Action,,
2026-05-27,19:51:08,SZK,ProShares UltraShort Consumer Staples,NYSE Arca,Corporate Action,,
2026-05-27,19:51:08,BOIL,ProShares Ultra Bloomberg Natural Gas,NYSE Arca,Corporate Action,,
2026-05-27,19:51:08,BOIL,ProShares Ultra Bloomberg Natural Gas,NYSE Arca,Corporate Action,2026-05-28,09:00:00
2026-05-27,19:51:08,SMN,ProShares UltraShort Materials,NYSE Arca,Corporate Action,,
2026-05-27,19:51:08,SMN,ProShares UltraShort Materials,NYSE Arca,Corporate Action,2026-05-28,09:00:00
2026-05-27,19:51:08,SCO,ProShares UltraShort Bloomberg Crude Oil,NYSE Arca,Corporate Action,,
2026-05-27,19:51:08,SCO,ProShares UltraShort Bloomberg Crude Oil,NYSE Arca,Corporate Action,2026-05-28,09:00:00
2026-05-27,19:51:08,SIJ,ProShares UltraShort Industrials,NYSE Arca,Corporate Action,,
2026-05-27,19:51:08,SIJ,ProShares UltraShort Industrials,NYSE Arca,Corporate Action,2026-05-28,09:00:00
2026-05-27,19:50:47,SBB,ProShares Short SmallCap600,NYSE Arca,Corporate Action,,
2026-05-27,19:50:47,SBB,ProShares Short SmallCap600,NYSE Arca,Corporate Action,2026-05-28,09:00:00
2026-05-27,19:50:47,EMTY,ProShares Decline of the Retail Store ETF,NYSE Arca,Corporate Action,2026-05-28,09:00:00
2026-05-27,19:50:47,EMTY,ProShares Decline of the Retail Store ETF,NYSE Arca,Corporate Action,,
2026-05-27,19:50:47,RXD,ProShares UltraShort Health Care,NYSE Arca,Corporate Action,,
2026-05-27,19:50:47,RXD,ProShares UltraShort Health Care,NYSE Arca,Corporate Action,2026-05-28,09:00:00
2026-05-27,19:50:47,SLON,ProShares Ultra Solana ETF,NYSE Arca,Corporate Action,,
2026-05-27,19:50:47,SLON,ProShares Ultra Solana ETF,NYSE Arca,Corporate Action,2026-05-28,09:00:00
2026-05-27,19:50:47,REW,Proshares UltraShort Technology,NYSE Arca,Corporate Action,,
2026-05-27,19:50:47,REW,Proshares UltraShort Technology,NYSE Arca,Corporate Action,2026-05-28,09:00:00
2026-05-27,19:50:47,BZQ,ProShares UltraShort MSCI Brazil Capped,NYSE Arca,Corporate Action,,
2026-05-27,19:50:47,BZQ,ProShares UltraShort MSCI Brazil Capped,NYSE Arca,Corporate Action,2026-05-28,09:00:00
2026-05-27,19:50:47,UXRP,Proshares Ultra XRP ETF,NYSE Arca,Corporate Action,2026-05-28,09:00:00
2026-05-27,19:50:47,UXRP,Proshares Ultra XRP ETF,NYSE Arca,Corporate Action,,
2026-05-27,19:50:47,EFZ,ProShares Trust Short MSCI EAFE,NYSE Arca,Corporate Action,,
2026-05-27,19:50:47,EFZ,ProShares Trust Short MSCI EAFE,NYSE Arca,Corporate Action,2026-05-28,09:00:00
2026-05-27,19:50:47,COIA,ProShares Ultra COIN,NYSE Arca,Corporate Action,,
2026-05-27,19:50:47,COIA,ProShares Ultra COIN,NYSE Arca,Corporate Action,2026-05-28,09:00:00
2026-05-27,19:50:00,CVGW,Calavo Growers Inc,Nasdaq,News Pending,,
2026-05-27,19:50:00,AMWD,American Woodmark Corp,Nasdaq,News Pending,,
2026-05-27,19:50:00,RPGL,Republic Power Group Limited Class A Ordinary Shares,Nasdaq,News Pending,,
2026-05-27,19:50:00,RPGL,Republic Power Group Limited Class A Ordinary Shares,Nasdaq,News Pending,2026-05-28,09:00:00
2026-05-27,19:50:00,BIS,ProShares UltraShort NASDAQ Biotechnology,Nasdaq,News Pending,,
2026-05-27,19:50:00,BIS,ProShares UltraShort NASDAQ Biotechnology,Nasdaq,News Pending,2026-05-28,09:00:00
2026-05-27,14:52:44,STLU,2x Stellar ETF,Cboe BZX,LULD Pause,2026-05-27,14:57:44
2026-05-27,14:19:25,RYOJ,"""rYojbaba Co., Ltd. Common Shares""",Nasdaq,LULD Pause,2026-05-27,14:24:25
2026-05-27,14:18:49,DTSQU,DT Cloud Star Acquisition Corporation Units,Nasdaq,LULD Pause,2026-05-27,14:23:49
2026-05-27,13:58:05,RYOJ,"""rYojbaba Co., Ltd. Common Shares""",Nasdaq,LULD Pause,2026-05-27,14:03:05
2026-05-27,13:51:36,MB,MasterBeef Group Ordinary Shares,Nasdaq,LULD Pause,2026-05-27,13:56:36
2026-05-27,13:48:58,RYOJ,"""rYojbaba Co., Ltd. Common Shares""",Nasdaq,LULD Pause,2026-05-27,13:53:58
2026-05-27,13:42:06,RYOJ,"""rYojbaba Co., Ltd. Common Shares""",Nasdaq,LULD Pause,2026-05-27,13:47:06
2026-05-27,13:31:35,RYOJ,"""rYojbaba Co., Ltd. Common Shares""",Nasdaq,LULD Pause,2026-05-27,13:41:35
2026-05-27,13:20:35,RYOJ,"""rYojbaba Co., Ltd. Common Shares""",Nasdaq,LULD Pause,2026-05-27,13:31:14
2026-05-27,13:01:29,HTCO,High-Trend International Group Class A Ordinary Shares,Nasdaq,LULD Pause,2026-05-27,13:11:30
2026-05-27,12:55:17,TOPP,Toppoint Holdings Inc.,NYSE American,LULD Pause,2026-05-27,13:05:17
2026-05-27,12:52:37,RCT,RedCloud Holdings plc Ordinary Shares,Nasdaq,LULD Pause,2026-05-27,12:57:37
2026-05-27,12:50:35,HTCO,High-Trend International Group Class A Ordinary Shares,Nasdaq,LULD Pause,2026-05-27,12:55:35
2026-05-27,12:43:57,HTCO,High-Trend International Group Class A Ordinary Shares,Nasdaq,LULD Pause,2026-05-27,12:48:57
2026-05-27,12:33:05,HTCO,High-Trend International Group Class A Ordinary Shares,Nasdaq,LULD Pause,2026-05-27,12:38:05
2026-05-27,12:11:40,HOTH,"""Hoth Therapeutics, Inc. Common Stock""",Nasdaq,LULD Pause,2026-05-27,12:16:40
2026-05-27,11:58:40,PWRL,Powerlaw Corp. Common Stock,Nasdaq,LULD Pause,2026-05-27,12:03:40
2026-05-27,11:51:14,HSPT,Horizon Space Acquisition II Corp. Ordinary share,Nasdaq,LULD Pause,2026-05-27,12:01:14
2026-05-27,11:43:42,HSPT,Horizon Space Acquisition II Corp. Ordinary share,Nasdaq,LULD Pause,2026-05-27,11:48:42
2026-05-27,11:42:45,ASTC,Astrotech Corporation (DE) Common Stock,Nasdaq,LULD Pause,2026-05-27,11:47:45
2026-05-27,11:38:04,PWRL,Powerlaw Corp. Common Stock,Nasdaq,LULD Pause,2026-05-27,11:43:04
2026-05-27,11:33:01,PCLA,PicoCELA Inc. American Depositary Shares,Nasdaq,LULD Pause,2026-05-27,11:43:18
2026-05-27,11:21:44,STLR,Stellar ETF,Cboe BZX,LULD Pause,2026-05-27,11:26:44
2026-05-27,10:57:32,ATIIU,Archimedes Tech SPAC Partners II Co. Unit,Nasdaq,LULD Pause,2026-05-27,11:02:32
2026-05-27,10:57:00,KPET U,"""KPET Ultra Paceline Corporation Units, each consisting of one Class A Ordinary Share and one-sixth of one Warrant""",NYSE,LULD Pause,2026-05-27,11:03:07
2026-05-27,10:54:51,CODX,"""Co-Diagnostics, Inc. Common Stock""",Nasdaq,LULD Pause,2026-05-27,11:04:51
2026-05-27,10:47:33,ASTC,Astrotech Corporation (DE) Common Stock,Nasdaq,LULD Pause,2026-05-27,10:57:33
2026-05-27,10:10:52,CODX,"""Co-Diagnostics, Inc. Common Stock""",Nasdaq,LULD Pause,2026-05-27,10:15:52
2026-05-27,10:05:13,CODX,"""Co-Diagnostics, Inc. Common Stock""",Nasdaq,LULD Pause,2026-05-27,10:10:13
2026-05-27,09:59:51,CODX,"""Co-Diagnostics, Inc. Common Stock""",Nasdaq,LULD Pause,2026-05-27,10:04:51
2026-05-27,09:58:16,EDRY,EuroDry Ltd. Common Shares,Nasdaq,LULD Pause,2026-05-27,10:03:16
2026-05-27,09:53:38,TDACU,Translational Development Acquisition Corp. Units,Nasdaq,LULD Pause,2026-05-27,09:58:38
2026-05-27,09:50:23,CCAQU,Collective Acquisition Corp. Units,Nasdaq,LULD Pause,2026-05-27,09:55:23
2026-05-27,09:43:49,HSPT,Horizon Space Acquisition II Corp. Ordinary share,Nasdaq,LULD Pause,2026-05-27,09:48:49
2026-05-27,09:34:25,DGZ,"""DB Gold Short ETN due February 15, 2038""",NYSE Arca,LULD Pause,2026-05-27,09:44:25
2026-05-27,09:32:07,VRRM,Verra Mobility Corporation Class A Common Stock,Nasdaq,LULD Pause,2026-05-27,09:37:07
2026-05-27,09:32:04,QTTB,Q32 Bio Inc. Common Stock,Nasdaq,LULD Pause,2026-05-27,09:37:04
2026-05-27,09:31:21,BIO B,"""Bio-Rad Laboratories, Inc. Class B""",NYSE,LULD Pause,2026-05-27,09:36:46
2026-05-27,09:31:19,RW,Rainwater Equity ETF,NYSE Arca,LULD Pause,2026-05-27,09:36:19
2026-05-27,09:02:52,VRE,"""Veris Residential, Inc.""",NYSE,Merger Effective,,
2026-05-27,07:25:00,MNRO,"""Monro, Inc. Common Stock""",Nasdaq,News Pending,2026-05-27,07:50:00
2026-05-27,06:56:31,TDACW,Translational Development Acquisition Corp. Warrants,Nasdaq,News Pending,2026-05-27,07:25:00
2026-05-27,06:56:31,TDACU,Translational Development Acquisition Corp. Units,Nasdaq,News Pending,2026-05-27,07:25:00
2026-05-27,06:56:31,TDAC,Translational Development Acquisition Corp. Ordinary Shares,Nasdaq,News Pending,2026-05-27,07:20:00
2026-05-26,19:50:00,CUPR,Cuprina Holdings (Cayman) Limited Class A Ordinary Shares,Nasdaq,News Pending,2026-05-27,09:00:00
2026-05-26,19:50:00,CUPR,Cuprina Holdings (Cayman) Limited Class A Ordinary Shares,Nasdaq,News Pending,,
2026-05-26,19:50:00,SDOT,Sadot Group Inc. Common Stock,Nasdaq,News Pending,,
2026-05-26,19:50:00,SDOT,Sadot Group Inc. Common Stock,Nasdaq,News Pending,2026-05-27,09:00:00
2026-05-26,15:52:52,JLHL,Julong Holding Limited Class A Ordinary Shares,Nasdaq,LULD Pause,2026-05-26,16:00:00
2026-05-26,15:52:31,PCLA,PicoCELA Inc. American Depositary Shares,Nasdaq,LULD Pause,2026-05-26,16:00:00
2026-05-26,15:45:11,BIO B,"""Bio-Rad Laboratories, Inc. Class B""",NYSE,LULD Pause,2026-05-26,16:07:42
2026-05-26,15:34:34,PCLA,PicoCELA Inc. American Depositary Shares,Nasdaq,LULD Pause,2026-05-26,15:44:34
2026-05-26,15:24:13,PCLA,PicoCELA Inc. American Depositary Shares,Nasdaq,LULD Pause,2026-05-26,15:34:17
2026-05-26,15:18:49,PCLA,PicoCELA Inc. American Depositary Shares,Nasdaq,LULD Pause,2026-05-26,15:23:49
2026-05-26,14:32:45,LUNL,Defiance Daily Target 2X Long LUNR ETF,Cboe BZX,ETF Component Prices Not Available,2026-05-26,14:57:50
2026-05-26,14:32:45,LUNR,"""Intuitive Machines, Inc. Class A Common Stock""",Nasdaq,LULD Pause,2026-05-26,14:42:45
2026-05-26,13:48:41,ATIIU,Archimedes Tech SPAC Partners II Co. Unit,Nasdaq,LULD Pause,2026-05-26,14:48:22
2026-05-26,13:41:32,ATIIU,Archimedes Tech SPAC Partners II Co. Unit,Nasdaq,LULD Pause,2026-05-26,13:46:32
2026-05-26,11:43:37,BLCN,Siren ETF Trust Siren NexGen Economy ETF,Nasdaq,LULD Pause,2026-05-26,11:48:37
2026-05-26,11:17:53,AKTX,Akari Therapeutics plc ADR (0.01 USD),Nasdaq,LULD Pause,2026-05-26,11:22:53
2026-05-26,10:36:37,BRAI,Braiin Limited Common Stock,Nasdaq,LULD Pause,2026-05-26,10:41:37
2026-05-26,10:29:06,HSPT,Horizon Space Acquisition II Corp. Ordinary share,Nasdaq,LULD Pause,2026-05-26,10:34:06
2026-05-26,10:14:17,BRAI,Braiin Limited Common Stock,Nasdaq,LULD Pause,2026-05-26,10:19:17
2026-05-26,10:10:53,SPEGU,Silver Pegasus Acquisition Corp Unit,Nasdaq,LULD Pause,2026-05-26,10:15:53
2026-05-26,10:07:43,BRAI,Braiin Limited Common Stock,Nasdaq,LULD Pause,2026-05-26,10:12:43
2026-05-26,10:04:19,YMAT,"""J-Star Holding Co., Ltd. Class A Ordinary Shares""",Nasdaq,LULD Pause,2026-05-26,10:09:19
2026-05-26,10:00:37,AKTX,Akari Therapeutics plc ADR (0.01 USD),Nasdaq,LULD Pause,2026-05-26,10:05:37
2026-05-26,09:57:01,BRAI,Braiin Limited Common Stock,Nasdaq,LULD Pause,2026-05-26,10:07:01
2026-05-26,09:55:19,AKTX,Akari Therapeutics plc ADR (0.01 USD),Nasdaq,LULD Pause,2026-05-26,10:00:19
2026-05-26,09:51:50,LBTYB,Liberty Global Ltd. Class B Common Shares,Nasdaq,LULD Pause,2026-05-26,10:01:50
2026-05-26,09:49:50,AKTX,Akari Therapeutics plc ADR (0.01 USD),Nasdaq,LULD Pause,2026-05-26,09:54:50
2026-05-26,09:47:51,BRAI,Braiin Limited Common Stock,Nasdaq,LULD Pause,2026-05-26,09:52:51
2026-05-26,09:45:43,JG,Aurora Mobile Limited American Depositary Shares,Nasdaq,LULD Pause,2026-05-26,09:50:43
2026-05-26,09:34:10,CPSH,CPS Technologies Corp. Common Stock,Nasdaq,LULD Pause,2026-05-26,09:44:10
2026-05-26,09:33:29,YMAT,"""J-Star Holding Co., Ltd. Class A Ordinary Shares""",Nasdaq,LULD Pause,2026-05-26,09:38:29
2026-05-26,09:31:15,RW,Rainwater Equity ETF,NYSE Arca,LULD Pause,2026-05-26,09:36:15
2026-05-26,09:30:57,AKTX,Akari Therapeutics plc ADR (0.01 USD),Nasdaq,LULD Pause,2026-05-26,09:35:57
2026-05-26,09:30:43,EDIT,"""Editas Medicine, Inc. Common Stock""",Nasdaq,LULD Pause,2026-05-26,09:35:43
2026-05-26,09:30:17,BBCQU,Bleichroeder Acquisition Corp. II Units,Nasdaq,LULD Pause,2026-05-26,09:35:17
2026-05-26,09:30:17,ATIIU,Archimedes Tech SPAC Partners II Co. Unit,Nasdaq,LULD Pause,2026-05-26,13:41:17
2026-05-26,07:02:52,AXINU,Axiom Intelligence Acquisition Corp 1 Units,Nasdaq,News Pending,2026-05-26,07:55:00
2026-05-26,07:02:52,AXINR,Axiom Intelligence Acquisition Corp 1 Right,Nasdaq,News Pending,2026-05-26,07:55:00
2026-05-26,07:02:52,AXIN,Axiom Intelligence Acquisition Corp 1 Class A Ordinary Shares,Nasdaq,News Pending,2026-05-26,07:50:00
2026-05-22,19:50:00,PRTS,"""CarParts.com, Inc. Common Stock""",Nasdaq,News Pending,2026-05-26,09:00:00
2026-05-22,19:50:00,PRTS,"""CarParts.com, Inc. Common Stock""",Nasdaq,News Pending,,
2026-05-22,19:50:00,WGRX,"""Wellgistics Health, Inc. Common Stock""",Nasdaq,News Pending,,
2026-05-22,19:50:00,WGRX,"""Wellgistics Health, Inc. Common Stock""",Nasdaq,News Pending,2026-05-26,09:00:00
2026-05-22,19:50:00,VSA,VisionSys AI Inc American Depositary Shares,Nasdaq,News Pending,,
2026-05-22,19:50:00,VSA,VisionSys AI Inc American Depositary Shares,Nasdaq,News Pending,2026-05-26,09:00:00
2026-05-22,16:05:00,USGOW,U.S. GoldMining Inc. Warrant,Nasdaq,News Pending,,
2026-05-22,15:52:33,DGZ,"""DB Gold Short ETN due February 15, 2038""",NYSE Arca,LULD Pause,2026-05-22,16:00:00
2026-05-22,15:33:34,AKTX,Akari Therapeutics plc ADR (0.01 USD),Nasdaq,LULD Pause,2026-05-22,15:38:34
2026-05-22,15:30:27,GIGGU,GigCapital7 Corp. Unit,Nasdaq,LULD Pause,2026-05-22,16:00:00
2026-05-22,15:18:54,AKTX,Akari Therapeutics plc ADR (0.01 USD),Nasdaq,LULD Pause,2026-05-22,15:29:07
2026-05-22,15:14:55,GIGGU,GigCapital7 Corp. Unit,Nasdaq,LULD Pause,2026-05-22,15:24:55
2026-05-22,15:14:45,TPFI,Timothy Plan Fixed Income ETF,NYSE Arca,LULD Pause,2026-05-22,15:19:45
2026-05-22,15:13:14,AKTX,Akari Therapeutics plc ADR (0.01 USD),Nasdaq,LULD Pause,2026-05-22,15:18:14
2026-05-22,14:40:50,GIGGU,GigCapital7 Corp. Unit,Nasdaq,LULD Pause,2026-05-22,14:55:51
2026-05-22,14:20:53,QTEX,QTREX Quantum Ltd. Ordinary Shares,Nasdaq,LULD Pause,2026-05-22,14:25:53
2026-05-22,14:06:27,GIGGU,GigCapital7 Corp. Unit,Nasdaq,LULD Pause,2026-05-22,14:11:27
2026-05-22,13:56:31,HSPT,Horizon Space Acquisition II Corp. Ordinary share,Nasdaq,LULD Pause,2026-05-22,14:06:32
2026-05-22,13:51:49,AKTX,Akari Therapeutics plc ADR (0.01 USD),Nasdaq,LULD Pause,2026-05-22,13:56:49
2026-05-22,13:48:25,GIGGU,GigCapital7 Corp. Unit,Nasdaq,LULD Pause,2026-05-22,13:58:26
2026-05-22,13:42:19,AKTX,Akari Therapeutics plc ADR (0.01 USD),Nasdaq,LULD Pause,2026-05-22,13:47:19
2026-05-22,13:04:29,GIGGU,GigCapital7 Corp. Unit,Nasdaq,LULD Pause,2026-05-22,13:09:29
2026-05-22,12:27:05,GIGGU,GigCapital7 Corp. Unit,Nasdaq,LULD Pause,2026-05-22,12:37:05
2026-05-22,12:15:58,GIGGU,GigCapital7 Corp. Unit,Nasdaq,LULD Pause,2026-05-22,12:25:58
2026-05-22,12:14:02,RYOJ,"""rYojbaba Co., Ltd. Common Shares""",Nasdaq,LULD Pause,2026-05-22,12:19:02
2026-05-22,12:10:41,GIGGU,GigCapital7 Corp. Unit,Nasdaq,LULD Pause,2026-05-22,12:15:41
2026-05-22,12:03:53,RYOJ,"""rYojbaba Co., Ltd. Common Shares""",Nasdaq,LULD Pause,2026-05-22,12:08:53
2026-05-22,12:00:25,GIGGU,GigCapital7 Corp. Unit,Nasdaq,LULD Pause,2026-05-22,12:10:25
2026-05-22,11:51:39,GIGGU,GigCapital7 Corp. Unit,Nasdaq,LULD Pause,2026-05-22,11:56:39
2026-05-22,11:34:33,DSY,Big Tree Cloud Holdings Limited Class A Ordinary Shares,Nasdaq,LULD Pause,2026-05-22,11:44:34
2026-05-22,11:25:22,GIGGU,GigCapital7 Corp. Unit,Nasdaq,LULD Pause,2026-05-22,11:30:22
2026-05-22,11:09:41,GIGGU,GigCapital7 Corp. Unit,Nasdaq,LULD Pause,2026-05-22,11:19:41
2026-05-22,11:03:45,JG,Aurora Mobile Limited American Depositary Shares,Nasdaq,LULD Pause,2026-05-22,11:08:45
2026-05-22,10:53:52,GITS,"""Global Interactive Technologies, Inc. Common Stock""",Nasdaq,LULD Pause,2026-05-22,10:58:52
2026-05-22,10:50:55,GIGGU,GigCapital7 Corp. Unit,Nasdaq,LULD Pause,2026-05-22,11:00:55
2026-05-22,10:40:24,GIGGU,GigCapital7 Corp. Unit,Nasdaq,LULD Pause,2026-05-22,10:50:24
2026-05-22,10:25:47,GIGGU,GigCapital7 Corp. Unit,Nasdaq,LULD Pause,2026-05-22,10:35:47
2026-05-22,10:21:15,PHGE,BiomX Inc.,NYSE American,LULD Pause,2026-05-22,10:26:15
2026-05-22,10:20:03,GIGGU,GigCapital7 Corp. Unit,Nasdaq,LULD Pause,2026-05-22,10:25:03
2026-05-22,10:17:40,WHLRP,"""Wheeler Real Estate Investment Trust, Inc. Preferred Stock""",Nasdaq,LULD Pause,2026-05-22,10:27:40
2026-05-22,10:08:15,GIGGU,GigCapital7 Corp. Unit,Nasdaq,LULD Pause,2026-05-22,10:18:15
2026-05-22,10:02:46,SVRN,OceanPal Inc. Common Stock,Nasdaq,LULD Pause,2026-05-22,10:12:46
2026-05-22,10:00:50,JLHL,Julong Holding Limited Class A Ordinary Shares,Nasdaq,LULD Pause,2026-05-22,10:05:50
2026-05-22,09:55:42,SONM,"""DNA X, Inc. Common Stock""",Nasdaq,LULD Pause,2026-05-22,10:00:42
2026-05-22,09:39:53,MOVE,"""Corvex, Inc. Common Stock""",Nasdaq,LULD Pause,2026-05-22,09:44:53
2026-05-22,09:39:03,SVRN,OceanPal Inc. Common Stock,Nasdaq,LULD Pause,2026-05-22,09:44:03
2026-05-22,09:36:04,AIDX,"""20/20 Biolabs, Inc. Common Stock""",Nasdaq,LULD Pause,2026-05-22,09:41:04
2026-05-22,09:33:34,PLSM,Pulsenmore Ltd. Ordinary Shares,Nasdaq,LULD Pause,2026-05-22,09:43:34
2026-05-22,09:31:53,GIGGU,GigCapital7 Corp. Unit,Nasdaq,LULD Pause,2026-05-22,10:06:53
2026-05-22,09:30:21,OCTVV,Octave Intelligence plc Class B Ordinary Shares When Issued,Nasdaq,LULD Pause,2026-05-22,09:35:21
2026-05-22,09:30:17,JLHL,Julong Holding Limited Class A Ordinary Shares,Nasdaq,LULD Pause,2026-05-22,10:00:18
2026-05-22,08:55:00,AGAE,Allied Gaming & Entertainment Inc. Common Stock,Nasdaq,News Pending,2026-05-22,09:50:00
2026-05-21,19:50:00,NAKA,Nakamoto Inc. Common Stock,Nasdaq,News Pending,2026-05-22,09:00:00
2026-05-21,19:50:00,NAKA,Nakamoto Inc. Common Stock,Nasdaq,News Pending,,
2026-05-21,19:50:00,LNAI,Lunai Bioworks Inc. Common Stock,Nasdaq,News Pending,2026-05-22,09:00:00
2026-05-21,19:50:00,LNAI,Lunai Bioworks Inc. Common Stock,Nasdaq,News Pending,,
2026-05-21,19:50:00,UBXG,U-BX Technology Ltd. Class A Ordinary Shares,Nasdaq,News Pending,2026-05-22,09:00:00
2026-05-21,19:50:00,UBXG,U-BX Technology Ltd. Class A Ordinary Shares,Nasdaq,News Pending,,
2026-05-21,19:50:00,LZMH,LZ Technology Holdings Limited Class B Ordinary Shares,Nasdaq,News Pending,,
2026-05-21,19:50:00,LZMH,LZ Technology Holdings Limited Class B Ordinary Shares,Nasdaq,News Pending,2026-05-22,09:00:00
2026-05-21,19:50:00,IPW,"""iPower, Inc. Common Stock""",Nasdaq,News Pending,2026-05-22,09:00:00
2026-05-21,19:50:00,IPW,"""iPower, Inc. Common Stock""",Nasdaq,News Pending,,
2026-05-21,17:55:00,DNLI,Denali Therapeutics Inc. Common Stock,Nasdaq,News Pending,2026-05-21,18:35:00
2026-05-21,15:51:10,GIGGU,GigCapital7 Corp. Unit,Nasdaq,LULD Pause,2026-05-21,16:00:00
2026-05-21,15:32:36,GIGGU,GigCapital7 Corp. Unit,Nasdaq,LULD Pause,2026-05-21,15:42:37
2026-05-21,15:31:03,NYC,American Strategic Investment Co.,NYSE,LULD Pause,2026-05-21,15:37:12
2026-05-21,15:21:18,GIGGU,GigCapital7 Corp. Unit,Nasdaq,LULD Pause,2026-05-21,15:31:19
2026-05-21,15:10:33,GIGGU,GigCapital7 Corp. Unit,Nasdaq,LULD Pause,2026-05-21,15:20:33
2026-05-21,14:59:02,MKDW,MKDWELL Tech Inc. Ordinary Share,Nasdaq,LULD Pause,2026-05-21,15:09:14
2026-05-21,14:57:27,GIGGU,GigCapital7 Corp. Unit,Nasdaq,LULD Pause,2026-05-21,15:07:27
2026-05-21,14:49:00,MKDW,MKDWELL Tech Inc. Ordinary Share,Nasdaq,LULD Pause,2026-05-21,14:54:00
2026-05-21,14:46:29,GIGGU,GigCapital7 Corp. Unit,Nasdaq,LULD Pause,2026-05-21,14:51:29
2026-05-21,14:40:48,MKDW,MKDWELL Tech Inc. Ordinary Share,Nasdaq,LULD Pause,2026-05-21,14:45:48
2026-05-21,14:32:40,GIGGU,GigCapital7 Corp. Unit,Nasdaq,LULD Pause,2026-05-21,14:42:56
2026-05-21,14:32:40,SUGP,SU Group Holdings Limited Class A Ordinary Shares,Nasdaq,LULD Pause,2026-05-21,14:37:40
2026-05-21,14:07:41,GIGGU,GigCapital7 Corp. Unit,Nasdaq,LULD Pause,2026-05-21,14:17:41
2026-05-21,13:47:47,GIGGU,GigCapital7 Corp. Unit,Nasdaq,LULD Pause,2026-05-21,13:52:47
2026-05-21,13:47:21,SUGP,SU Group Holdings Limited Class A Ordinary Shares,Nasdaq,LULD Pause,2026-05-21,13:57:21
2026-05-21,13:41:32,VIDA,VIDA Global Inc.,NYSE American,LULD Pause,2026-05-21,13:46:32
2026-05-21,13:36:02,SUGP,SU Group Holdings Limited Class A Ordinary Shares,Nasdaq,LULD Pause,2026-05-21,13:46:02
2026-05-21,13:34:45,GIGGU,GigCapital7 Corp. Unit,Nasdaq,LULD Pause,2026-05-21,13:39:45
2026-05-21,13:22:54,GIGGU,GigCapital7 Corp. Unit,Nasdaq,LULD Pause,2026-05-21,13:32:54
2026-05-21,13:12:13,STLA,Stellantis N.V.,NYSE,News Pending,2026-05-21,13:40:43
2026-05-21,13:02:05,GIGGU,GigCapital7 Corp. Unit,Nasdaq,LULD Pause,2026-05-21,13:17:06
2026-05-21,12:56:10,GIGGU,GigCapital7 Corp. Unit,Nasdaq,LULD Pause,2026-05-21,13:01:10
2026-05-21,12:29:19,EHLD,Euroholdings Ltd. Common Stock,Nasdaq,LULD Pause,2026-05-21,12:34:19
2026-05-21,12:02:29,GIGGU,GigCapital7 Corp. Unit,Nasdaq,LULD Pause,2026-05-21,12:54:58
2026-05-21,12:01:41,EHLD,Euroholdings Ltd. Common Stock,Nasdaq,LULD Pause,2026-05-21,12:24:38
2026-05-21,12:01:33,MGRT,Mega Fortune Company Limited Ordinary Shares,Nasdaq,LULD Pause,2026-05-21,12:06:33
2026-05-21,11:51:06,HCAI,"""Huachen AI Parking Management Technology Holding Co., Ltd. Ordinary Shares""",Nasdaq,LULD Pause,2026-05-21,12:03:12
2026-05-21,11:45:16,GIGGU,GigCapital7 Corp. Unit,Nasdaq,LULD Pause,2026-05-21,12:02:04
2026-05-21,11:41:25,DBGI,"""Digital Brands Group, Inc. Common Stock""",Nasdaq,LULD Pause,2026-05-21,11:46:25
2026-05-21,11:28:20,GIGGU,GigCapital7 Corp. Unit,Nasdaq,LULD Pause,2026-05-21,11:44:30
2026-05-21,11:17:52,GIGGU,GigCapital7 Corp. Unit,Nasdaq,LULD Pause,2026-05-21,11:27:53
2026-05-21,11:05:30,SVRN,OceanPal Inc. Common Stock,Nasdaq,LULD Pause,2026-05-21,11:10:30
2026-05-21,10:55:15,GIGGU,GigCapital7 Corp. Unit,Nasdaq,LULD Pause,2026-05-21,11:11:55
2026-05-21,10:45:47,BLCN,Siren ETF Trust Siren NexGen Economy ETF,Nasdaq,LULD Pause,2026-05-21,10:50:47
2026-05-21,10:40:56,CNXU,Conexeu Sciences Inc. Common Stock,Nasdaq,LULD Pause,2026-05-21,10:50:56
2026-05-21,10:38:08,GIGGU,GigCapital7 Corp. Unit,Nasdaq,LULD Pause,2026-05-21,10:43:08
2026-05-21,10:32:28,CNXU,Conexeu Sciences Inc. Common Stock,Nasdaq,LULD Pause,2026-05-21,10:37:28
2026-05-21,10:22:41,GIGGU,GigCapital7 Corp. Unit,Nasdaq,LULD Pause,2026-05-21,10:27:41
2026-05-21,10:22:12,OCTVV,Octave Intelligence plc Class B Ordinary Shares When Issued,Nasdaq,LULD Pause,2026-05-21,10:27:12
2026-05-21,10:18:57,NIVF,NewGenIvf Group Limited Class A ordinary shares,Nasdaq,LULD Pause,2026-05-21,10:23:57
2026-05-21,10:09:13,NIVF,NewGenIvf Group Limited Class A ordinary shares,Nasdaq,LULD Pause,2026-05-21,10:14:13
2026-05-21,10:03:34,NIVF,NewGenIvf Group Limited Class A ordinary shares,Nasdaq,LULD Pause,2026-05-21,10:08:34
2026-05-21,09:54:56,HCWB,HCW Biologics Inc. Common Stock,Nasdaq,LULD Pause,2026-05-21,09:59:56
2026-05-21,09:49:27,NIVF,NewGenIvf Group Limited Class A ordinary shares,Nasdaq,LULD Pause,2026-05-21,09:54:27
2026-05-21,09:43:17,RITA,ETFB Green SRI REITs ETF,NYSE Arca,LULD Pause,2026-05-21,09:48:17
2026-05-21,09:42:30,QUCY,Quantum Cyber N.V. Ordinary Shares,Nasdaq,LULD Pause,2026-05-21,09:47:30
2026-05-21,09:41:10,AIAI,AIAI Holdings Corporation Class A Common Stock,Nasdaq,LULD Pause,2026-05-21,09:46:10
2026-05-21,09:35:45,AIAI,AIAI Holdings Corporation Class A Common Stock,Nasdaq,LULD Pause,2026-05-21,09:40:45
2026-05-21,09:35:04,QUCY,Quantum Cyber N.V. Ordinary Shares,Nasdaq,LULD Pause,2026-05-21,09:40:04
2026-05-21,09:34:26,JEM,707 Cayman Holdings Limited Ordinary Shares,Nasdaq,LULD Pause,2026-05-21,09:39:26
2026-05-21,09:32:13,JAGX,"""Jaguar Health, Inc.""",Nasdaq,LULD Pause,2026-05-21,09:37:13
2026-05-21,09:31:32,AMSS,AMASS Brands Inc. Common Stock,Nasdaq,LULD Pause,2026-05-21,09:36:32
2026-05-21,09:31:03,AIIO,Robo.ai Inc. Class B Ordinary Shares,Nasdaq,LULD Pause,2026-05-21,09:36:03
2026-05-21,09:30:28,AIAI,AIAI Holdings Corporation Class A Common Stock,Nasdaq,LULD Pause,2026-05-21,09:35:28
2026-05-20,19:50:00,HAO,Haoxi Health Technology Limited Class A Ordinary Shares,Nasdaq,News Pending,,
2026-05-20,19:50:00,HAO,Haoxi Health Technology Limited Class A Ordinary Shares,Nasdaq,News Pending,2026-05-21,09:00:00
2026-05-20,19:50:00,ONCO,"""Onconetix, Inc. Common Stock""",Nasdaq,News Pending,2026-05-21,09:00:00
2026-05-20,19:50:00,ONCO,"""Onconetix, Inc. Common Stock""",Nasdaq,News Pending,,
2026-05-20,19:50:00,CMND,Clearmind Medicine Inc. Common Shares,Nasdaq,News Pending,,
2026-05-20,19:50:00,CMND,Clearmind Medicine Inc. Common Shares,Nasdaq,News Pending,2026-05-21,09:00:00
2026-05-20,15:53:31,DGZ,"""DB Gold Short ETN due February 15, 2038""",NYSE Arca,LULD Pause,2026-05-20,16:00:00
2026-05-20,14:57:44,AIM,AIM ImmunoTech Inc.,NYSE American,News Pending,2026-05-20,15:20:00
2026-05-20,14:17:52,GIGGU,GigCapital7 Corp. Unit,Nasdaq,LULD Pause,2026-05-20,14:27:53
2026-05-20,14:17:20,HSPTU,Horizon Space Acquisition II Corp. Units,Nasdaq,LULD Pause,2026-05-20,14:22:20
2026-05-20,14:01:22,HSPTU,Horizon Space Acquisition II Corp. Units,Nasdaq,LULD Pause,2026-05-20,14:06:22
2026-05-20,13:51:33,HSPTU,Horizon Space Acquisition II Corp. Units,Nasdaq,LULD Pause,2026-05-20,13:56:33
2026-05-20,13:25:42,KVACU,Keen Vision Acquisition Corporation Units,Nasdaq,LULD Pause,2026-05-20,13:30:42
2026-05-20,12:56:32,GIGGU,GigCapital7 Corp. Unit,Nasdaq,LULD Pause,2026-05-20,13:06:32
2026-05-20,12:55:54,STFS,Star Fashion Culture Holdings Limited Class A Ordinary Shares,Nasdaq,LULD Pause,2026-05-20,13:00:54
2026-05-20,12:54:58,HSPTU,Horizon Space Acquisition II Corp. Units,Nasdaq,LULD Pause,2026-05-20,12:59:58
2026-05-20,12:54:36,ATIIU,Archimedes Tech SPAC Partners II Co. Unit,Nasdaq,LULD Pause,2026-05-20,12:59:36
2026-05-20,12:45:21,WTO,UTime Limited Class A Ordinary Shares,Nasdaq,LULD Pause,2026-05-20,12:50:21
2026-05-20,12:40:14,WNW,Meiwu Technology Company Limited Ordinary Shares,Nasdaq,LULD Pause,2026-05-20,12:45:14
2026-05-20,12:02:47,SVRN,OceanPal Inc. Common Stock,Nasdaq,LULD Pause,2026-05-20,12:07:47
2026-05-20,11:56:44,RDACU,Rising Dragon Acquisition Corp. Unit,Nasdaq,LULD Pause,2026-05-20,12:01:44
2026-05-20,11:24:33,AMSS,AMASS Brands Inc. Common Stock,Nasdaq,LULD Pause,2026-05-20,11:35:01
2026-05-20,11:10:19,AMSS,AMASS Brands Inc. Common Stock,Nasdaq,LULD Pause,2026-05-20,11:23:02
2026-05-20,10:49:02,HCWB,HCW Biologics Inc. Common Stock,Nasdaq,LULD Pause,2026-05-20,10:54:02
2026-05-20,10:26:38,AKAN,Akanda Corp. Common Shares,Nasdaq,LULD Pause,2026-05-20,10:31:38
2026-05-20,10:13:30,AKAN,Akanda Corp. Common Shares,Nasdaq,LULD Pause,2026-05-20,10:23:35
2026-05-20,10:13:15,HCWB,HCW Biologics Inc. Common Stock,Nasdaq,LULD Pause,2026-05-20,10:18:15
2026-05-20,10:06:38,MWC,"""Micware Co., Ltd. American Depositary Shares""",Nasdaq,LULD Pause,2026-05-20,10:11:38
2026-05-20,10:04:37,OPTH,Optimi Health Corp. Common Shares,Nasdaq,LULD Pause,2026-05-20,10:09:37
2026-05-20,10:00:13,JYD,Jayud Global Logistics Limited Class A Ordinary Shares,Nasdaq,LULD Pause,2026-05-20,10:10:13
2026-05-20,09:51:34,MWC,"""Micware Co., Ltd. American Depositary Shares""",Nasdaq,LULD Pause,2026-05-20,09:56:34
2026-05-20,09:48:56,JYD,Jayud Global Logistics Limited Class A Ordinary Shares,Nasdaq,LULD Pause,2026-05-20,09:53:56
2026-05-20,09:46:10,LICN,Lichen China Limited Class A Ordinary Shares,Nasdaq,LULD Pause,2026-05-20,09:51:10
2026-05-20,09:43:40,JYD,Jayud Global Logistics Limited Class A Ordinary Shares,Nasdaq,LULD Pause,2026-05-20,09:48:40
2026-05-20,09:43:05,UZX,Linkage Global Inc Class A Ordinary Shares,Nasdaq,LULD Pause,2026-05-20,09:48:05
2026-05-20,09:40:35,LICN,Lichen China Limited Class A Ordinary Shares,Nasdaq,LULD Pause,2026-05-20,09:45:35
2026-05-20,09:39:08,JEM,707 Cayman Holdings Limited Ordinary Shares,Nasdaq,LULD Pause,2026-05-20,09:44:08
2026-05-20,09:35:45,MODD,"""Modular Medical, Inc. Common Stock""",Nasdaq,LULD Pause,2026-05-20,09:40:45
2026-05-20,09:35:44,MWC,"""Micware Co., Ltd. American Depositary Shares""",Nasdaq,LULD Pause,2026-05-20,09:40:44
2026-05-20,09:33:21,JYD,Jayud Global Logistics Limited Class A Ordinary Shares,Nasdaq,LULD Pause,2026-05-20,09:43:22
2026-05-20,09:30:15,GIGGU,GigCapital7 Corp. Unit,Nasdaq,LULD Pause,2026-05-20,09:35:15
2026-05-19,15:20:06,JYD,Jayud Global Logistics Limited Class A Ordinary Shares,Nasdaq,LULD Pause,2026-05-19,16:00:00
2026-05-19,15:13:59,SPKLU,Spark I Acquisition Corp. Unit,Nasdaq,LULD Pause,2026-05-19,15:18:59
2026-05-19,15:09:51,JYD,Jayud Global Logistics Limited Class A Ordinary Shares,Nasdaq,LULD Pause,2026-05-19,15:19:51
2026-05-19,14:35:58,INM,InMed Pharmaceuticals Inc. Common Shares,Nasdaq,LULD Pause,2026-05-19,14:40:58
2026-05-19,14:05:22,CNEY,CN Energy Group Inc. Class A Ordinary Shares,Nasdaq,LULD Pause,2026-05-19,14:10:22
2026-05-19,13:59:50,CNEY,CN Energy Group Inc. Class A Ordinary Shares,Nasdaq,LULD Pause,2026-05-19,14:04:50
2026-05-19,13:40:03,CNEY,CN Energy Group Inc. Class A Ordinary Shares,Nasdaq,LULD Pause,2026-05-19,13:50:03
2026-05-19,12:52:27,SVRN,OceanPal Inc. Common Stock,Nasdaq,LULD Pause,2026-05-19,12:57:27
2026-05-19,12:29:09,LICN,Lichen China Limited Class A Ordinary Shares,Nasdaq,LULD Pause,2026-05-19,12:34:09
2026-05-19,11:48:47,LICN,Lichen China Limited Class A Ordinary Shares,Nasdaq,LULD Pause,2026-05-19,11:53:47
2026-05-19,11:48:47,INM,InMed Pharmaceuticals Inc. Common Shares,Nasdaq,LULD Pause,2026-05-19,11:53:47
2026-05-19,11:04:39,NOMA,NOMADAR Corp. Class A Common Stock,Nasdaq,LULD Pause,2026-05-19,11:09:39
2026-05-19,10:56:21,NOMA,NOMADAR Corp. Class A Common Stock,Nasdaq,LULD Pause,2026-05-19,11:01:21
2026-05-19,10:48:56,INM,InMed Pharmaceuticals Inc. Common Shares,Nasdaq,LULD Pause,2026-05-19,10:53:56
2026-05-19,10:44:07,CNF,"""CNFinance Holdings Limited American Depositary Shares, each representing two hundred (200) Ordinary Shares""",NYSE,LULD Pause,2026-05-19,10:49:07
2026-05-19,10:33:00,ZCMD,Zhongchao Inc. Class A Ordinary Shares,Nasdaq,LULD Pause,2026-05-19,10:43:00
2026-05-19,10:32:13,PHOE,Phoenix Asia Holdings Limited Ordinary Shares,Nasdaq,LULD Pause,2026-05-19,10:37:13
2026-05-19,10:19:10,INM,InMed Pharmaceuticals Inc. Common Shares,Nasdaq,LULD Pause,2026-05-19,10:24:10
2026-05-19,10:09:20,INM,InMed Pharmaceuticals Inc. Common Shares,Nasdaq,LULD Pause,2026-05-19,10:14:20
2026-05-19,10:02:55,PHOE,Phoenix Asia Holdings Limited Ordinary Shares,Nasdaq,LULD Pause,2026-05-19,10:12:55
2026-05-19,09:55:50,INM,InMed Pharmaceuticals Inc. Common Shares,Nasdaq,LULD Pause,2026-05-19,10:00:50
2026-05-19,09:52:17,GHTA,Goose Hollow Tactical Allocation ETF,Cboe BZX,LULD Pause,2026-05-19,09:57:17
2026-05-19,09:52:02,PHOE,Phoenix Asia Holdings Limited Ordinary Shares,Nasdaq,LULD Pause,2026-05-19,10:02:02
2026-05-19,09:51:07,PIII,P3 Health Partners Inc. Common Stock,Nasdaq,LULD Pause,2026-05-19,09:56:07
2026-05-19,09:46:40,PHOE,Phoenix Asia Holdings Limited Ordinary Shares,Nasdaq,LULD Pause,2026-05-19,09:51:40
2026-05-19,09:46:16,WNW,Meiwu Technology Company Limited Ordinary Shares,Nasdaq,LULD Pause,2026-05-19,09:51:16
2026-05-19,09:43:16,RHRX,RH Tactical Rotation ETF,NYSE Arca,LULD Pause,2026-05-19,09:48:16
2026-05-19,09:42:30,INM,InMed Pharmaceuticals Inc. Common Shares,Nasdaq,LULD Pause,2026-05-19,09:47:30
2026-05-19,09:40:37,WHLRP,"""Wheeler Real Estate Investment Trust, Inc. Preferred Stock""",Nasdaq,LULD Pause,2026-05-19,09:50:37
2026-05-19,09:40:11,PIII,P3 Health Partners Inc. Common Stock,Nasdaq,LULD Pause,2026-05-19,09:50:11
2026-05-19,09:36:40,NXPL,NextPlat Corp Common Stock,Nasdaq,LULD Pause,2026-05-19,09:41:40
2026-05-19,09:36:23,PHOE,Phoenix Asia Holdings Limited Ordinary Shares,Nasdaq,LULD Pause,2026-05-19,09:46:24
2026-05-19,09:33:40,INM,InMed Pharmaceuticals Inc. Common Shares,Nasdaq,LULD Pause,2026-05-19,09:38:40
2026-05-19,09:33:16,EDSA,"""Edesa Biotech, Inc. Common Shares""",Nasdaq,LULD Pause,2026-05-19,09:38:16
2026-05-19,09:32:03,PLUR,Pluri Inc. Common Stock,Nasdaq,LULD Pause,2026-05-19,09:37:03
2026-05-19,07:55:00,INM,InMed Pharmaceuticals Inc. Common Shares,Nasdaq,News Pending,2026-05-19,08:25:00
2026-05-18,19:50:00,MCW,"""Mister Car Wash, Inc.""",Nasdaq,News Pending,,
2026-05-18,19:50:00,NCI,Neo-Concept International Group Holdings Limited Class A Ordinary Shares,Nasdaq,News Pending,2026-05-19,09:00:00
2026-05-18,19:50:00,NCI,Neo-Concept International Group Holdings Limited Class A Ordinary Shares,Nasdaq,News Pending,,
2026-05-18,19:50:00,EZGO,EZGO Technologies Ltd. Ordinary Shares,Nasdaq,News Pending,2026-05-19,09:00:00
2026-05-18,19:50:00,EZGO,EZGO Technologies Ltd. Ordinary Shares,Nasdaq,News Pending,,
2026-05-18,16:34:09,DTSTW,Data Storage Corporation Warrant,Nasdaq,News Pending,,
2026-05-18,15:56:34,MI,NFT Limited,NYSE American,LULD Pause,2026-05-18,16:00:00
2026-05-18,14:49:28,NXTS,Nexentis Technologies Inc. Common Stock,Nasdaq,LULD Pause,2026-05-18,14:54:28
2026-05-18,13:25:32,MDBH,"""MDB Capital Holdings, LLC Class A common""",Nasdaq,LULD Pause,2026-05-18,13:30:32
2026-05-18,13:15:52,HCAI,"""Huachen AI Parking Management Technology Holding Co., Ltd. Ordinary Shares""",Nasdaq,LULD Pause,2026-05-18,13:20:52
2026-05-18,13:03:14,HCAI,"""Huachen AI Parking Management Technology Holding Co., Ltd. Ordinary Shares""",Nasdaq,LULD Pause,2026-05-18,13:08:14
2026-05-18,13:00:28,RIME,"""Algorhythm Holdings, Inc. Common Stock""",Nasdaq,LULD Pause,2026-05-18,13:05:28
2026-05-18,12:51:00,HCAI,"""Huachen AI Parking Management Technology Holding Co., Ltd. Ordinary Shares""",Nasdaq,LULD Pause,2026-05-18,12:56:00
2026-05-18,12:49:29,SBFM,Sunshine Biopharma Inc.,Nasdaq,LULD Pause,2026-05-18,12:54:29
2026-05-18,12:40:50,LICN,Lichen China Limited Class A Ordinary Shares,Nasdaq,LULD Pause,2026-05-18,12:45:50
2026-05-18,12:32:59,SBFM,Sunshine Biopharma Inc.,Nasdaq,LULD Pause,2026-05-18,12:37:59
2026-05-18,12:29:27,HCAI,"""Huachen AI Parking Management Technology Holding Co., Ltd. Ordinary Shares""",Nasdaq,LULD Pause,2026-05-18,12:49:28
2026-05-18,12:22:31,SBFM,Sunshine Biopharma Inc.,Nasdaq,LULD Pause,2026-05-18,12:32:31
2026-05-18,12:19:12,HCAI,"""Huachen AI Parking Management Technology Holding Co., Ltd. Ordinary Shares""",Nasdaq,LULD Pause,2026-05-18,12:29:12
2026-05-18,12:18:17,CTEV,Claritev Corporation,NYSE,LULD Pause,2026-05-18,12:23:20
2026-05-18,12:17:04,SBFM,Sunshine Biopharma Inc.,Nasdaq,LULD Pause,2026-05-18,12:22:04
2026-05-18,12:12:49,CTEV,Claritev Corporation,NYSE,LULD Pause,2026-05-18,12:17:53
2026-05-18,12:05:17,CTEV,Claritev Corporation,NYSE,LULD Pause,2026-05-18,12:11:13
2026-05-18,11:58:59,SBFM,Sunshine Biopharma Inc.,Nasdaq,LULD Pause,2026-05-18,12:03:59
2026-05-18,11:55:33,LICN,Lichen China Limited Class A Ordinary Shares,Nasdaq,LULD Pause,2026-05-18,12:00:33
2026-05-18,11:46:35,CISS,C3is Inc. Common Stock,Nasdaq,LULD Pause,2026-05-18,11:51:35
2026-05-18,11:41:47,SBFM,Sunshine Biopharma Inc.,Nasdaq,LULD Pause,2026-05-18,11:46:47
2026-05-18,11:28:03,CISS,C3is Inc. Common Stock,Nasdaq,LULD Pause,2026-05-18,11:33:03
2026-05-18,11:18:34,SBFM,Sunshine Biopharma Inc.,Nasdaq,LULD Pause,2026-05-18,11:23:34
2026-05-18,11:12:05,SBFM,Sunshine Biopharma Inc.,Nasdaq,LULD Pause,2026-05-18,11:17:05
2026-05-18,11:09:15,KG,"""Kestrel Group, Ltd.""",Nasdaq,LULD Pause,2026-05-18,11:14:15
2026-05-18,11:05:13,SBFM,Sunshine Biopharma Inc.,Nasdaq,LULD Pause,2026-05-18,11:10:13
2026-05-18,11:04:32,NCEW,New Century Logistics (BVI) Limited Ordinary Shares,Nasdaq,LULD Pause,2026-05-18,11:09:32
2026-05-18,10:59:41,SBFM,Sunshine Biopharma Inc.,Nasdaq,LULD Pause,2026-05-18,11:04:41
2026-05-18,10:47:58,STFS,Star Fashion Culture Holdings Limited Class A Ordinary Shares,Nasdaq,LULD Pause,2026-05-18,10:52:58
2026-05-18,10:39:46,SBFM,Sunshine Biopharma Inc.,Nasdaq,LULD Pause,2026-05-18,10:44:46
2026-05-18,10:34:26,SBFM,Sunshine Biopharma Inc.,Nasdaq,LULD Pause,2026-05-18,10:39:26
2026-05-18,10:29:51,WNW,Meiwu Technology Company Limited Ordinary Shares,Nasdaq,LULD Pause,2026-05-18,10:34:51
2026-05-18,10:25:49,SBFM,Sunshine Biopharma Inc.,Nasdaq,LULD Pause,2026-05-18,10:30:49
2026-05-18,10:20:17,SBFM,Sunshine Biopharma Inc.,Nasdaq,LULD Pause,2026-05-18,10:25:17
2026-05-18,10:14:55,SBFM,Sunshine Biopharma Inc.,Nasdaq,LULD Pause,2026-05-18,10:19:55
2026-05-18,10:09:58,CISS,C3is Inc. Common Stock,Nasdaq,LULD Pause,2026-05-18,10:19:58
2026-05-18,10:08:59,SBFM,Sunshine Biopharma Inc.,Nasdaq,LULD Pause,2026-05-18,10:13:59
2026-05-18,10:04:06,CISS,C3is Inc. Common Stock,Nasdaq,LULD Pause,2026-05-18,10:09:06
2026-05-18,10:03:23,GOVX,"""GeoVax Labs, Inc. New""",Nasdaq,LULD Pause,2026-05-18,10:08:23
2026-05-18,10:03:22,SBFM,Sunshine Biopharma Inc.,Nasdaq,LULD Pause,2026-05-18,10:08:22
2026-05-18,10:01:00,AIIO,Robo.ai Inc. Class B Ordinary Shares,Nasdaq,LULD Pause,2026-05-18,10:06:00
2026-05-18,09:53:14,CISS,C3is Inc. Common Stock,Nasdaq,LULD Pause,2026-05-18,09:58:14
2026-05-18,09:53:01,SBFM,Sunshine Biopharma Inc.,Nasdaq,LULD Pause,2026-05-18,10:03:01
2026-05-18,09:46:37,CISS,C3is Inc. Common Stock,Nasdaq,LULD Pause,2026-05-18,09:51:37
2026-05-18,09:46:08,SPEGU,Silver Pegasus Acquisition Corp Unit,Nasdaq,LULD Pause,2026-05-18,09:56:09
2026-05-18,09:43:37,HCAI,"""Huachen AI Parking Management Technology Holding Co., Ltd. Ordinary Shares""",Nasdaq,LULD Pause,2026-05-18,09:48:37
2026-05-18,09:42:45,SBFM,Sunshine Biopharma Inc.,Nasdaq,LULD Pause,2026-05-18,09:52:45
2026-05-18,09:37:58,CISS,C3is Inc. Common Stock,Nasdaq,LULD Pause,2026-05-18,09:42:58
2026-05-18,09:37:27,SBFM,Sunshine Biopharma Inc.,Nasdaq,LULD Pause,2026-05-18,09:42:27
2026-05-18,09:36:50,AIIR,Air Global PLC Ordinary Shares,Nasdaq,LULD Pause,2026-05-18,09:41:50
2026-05-18,09:36:48,HCAI,"""Huachen AI Parking Management Technology Holding Co., Ltd. Ordinary Shares""",Nasdaq,LULD Pause,2026-05-18,09:41:48
2026-05-18,09:34:54,GIGGU,GigCapital7 Corp. Unit,Nasdaq,LULD Pause,2026-05-18,09:39:54
2026-05-18,09:34:29,NOMA,NOMADAR Corp. Class A Common Stock,Nasdaq,LULD Pause,2026-05-18,09:39:29
2026-05-18,09:33:41,QNCX,"""Quince Therapeutics, Inc. Common Stock""",Nasdaq,LULD Pause,2026-05-18,09:38:41
2026-05-18,09:31:06,SBFM,Sunshine Biopharma Inc.,Nasdaq,LULD Pause,2026-05-18,09:36:06
2026-05-18,09:30:33,BVC,BitVentures Limited Ordinary Shares,Nasdaq,LULD Pause,2026-05-18,09:35:33
2026-05-18,09:30:20,BTCC,Grayscale Bitcoin Covered Call ETF,NYSE Arca,LULD Pause,2026-05-18,09:35:20
2026-05-18,09:30:20,SPEGU,Silver Pegasus Acquisition Corp Unit,Nasdaq,LULD Pause,2026-05-18,09:40:51
2026-05-15,19:50:22,MI,NFT Limited,NYSE American,Corporate Action,,
2026-05-15,19:50:22,MI,NFT Limited,NYSE American,Corporate Action,2026-05-18,09:00:00
2026-05-15,19:50:00,EZRA,"""Reliance Global Group, Inc. Common Stock""",Nasdaq,News Pending,2026-05-18,09:00:00
2026-05-15,19:50:00,EZRA,"""Reliance Global Group, Inc. Common Stock""",Nasdaq,News Pending,,
2026-05-15,19:50:00,PPCB,"""Propanc Biopharma, Inc. Common Stock""",Nasdaq,News Pending,,
2026-05-15,19:50:00,PPCB,"""Propanc Biopharma, Inc. Common Stock""",Nasdaq,News Pending,2026-05-18,09:00:00
2026-05-15,19:50:00,ADTX,"""Aditxt, Inc. Common Stock""",Nasdaq,News Pending,,
2026-05-15,19:50:00,ADTX,"""Aditxt, Inc. Common Stock""",Nasdaq,News Pending,2026-05-18,09:00:00
2026-05-15,19:50:00,RETO,"""ReTo Eco-Solutions, Inc. Class A Shares""",Nasdaq,News Pending,2026-05-18,09:00:00
2026-05-15,19:50:00,RETO,"""ReTo Eco-Solutions, Inc. Class A Shares""",Nasdaq,News Pending,,
2026-05-15,19:50:00,YMT,Yimutian Inc. American Depositary Shares,Nasdaq,News Pending,2026-05-18,09:00:00
2026-05-15,19:50:00,YMT,Yimutian Inc. American Depositary Shares,Nasdaq,News Pending,,
2026-05-15,19:50:00,FRGT,"""Freight Technologies, Inc. Ordinary Shares""",Nasdaq,News Pending,,
2026-05-15,19:50:00,FRGT,"""Freight Technologies, Inc. Ordinary Shares""",Nasdaq,News Pending,2026-05-18,09:00:00
2026-05-15,19:50:00,YYAI,AiRWA Inc. Common Stock,Nasdaq,News Pending,,
2026-05-15,19:50:00,YYAI,AiRWA Inc. Common Stock,Nasdaq,News Pending,2026-05-18,09:00:00
2026-05-15,19:50:00,SLNO,"""Soleno Therapeutics, Inc. Common Stock""",Nasdaq,News Pending,,
2026-05-15,18:50:47,TJGC,TJGC Group Limited Ordinary Shares,Nasdaq,News Pending,2026-06-03,12:00:00
2026-05-15,18:50:47,TJGC,TJGC Group Limited Ordinary Shares,Nasdaq,News Pending,,
2026-05-15,15:59:05,SPEGU,Silver Pegasus Acquisition Corp Unit,Nasdaq,LULD Pause,2026-05-15,16:00:00
2026-05-15,15:45:24,JXG,JX Luxventure Limited Common Stock,Nasdaq,LULD Pause,2026-05-15,16:00:00
2026-05-15,14:32:36,HCWB,HCW Biologics Inc. Common Stock,Nasdaq,LULD Pause,2026-05-15,14:37:36
2026-05-15,14:21:35,VIDA,VIDA Global Inc.,NYSE American,LULD Pause,2026-05-15,14:26:35
2026-05-15,13:23:14,PIII,P3 Health Partners Inc. Common Stock,Nasdaq,LULD Pause,2026-05-15,13:28:14
2026-05-15,13:00:00,GPUS,"""Hyperscale Data, Inc.""",NYSE American,News Pending,2026-05-15,13:45:00
2026-05-15,13:00:00,GPUS PRD,"""Hyperscale Data, Inc. 13.00% Series D Cumulative Redeemable Perpetual Preferred Stock""",NYSE American,News Pending,2026-05-15,13:45:00
2026-05-15,12:54:09,ERNA,Ernexa Therapeutics Inc. Common Stock,Nasdaq,LULD Pause,2026-05-15,12:59:09
2026-05-15,12:48:36,ERNA,Ernexa Therapeutics Inc. Common Stock,Nasdaq,LULD Pause,2026-05-15,12:53:36
2026-05-15,12:47:21,VIDA,VIDA Global Inc.,NYSE American,LULD Pause,2026-05-15,12:57:21
2026-05-15,12:43:02,PIII,P3 Health Partners Inc. Common Stock,Nasdaq,LULD Pause,2026-05-15,12:48:02
2026-05-15,12:42:58,ERNA,Ernexa Therapeutics Inc. Common Stock,Nasdaq,LULD Pause,2026-05-15,12:47:58
2026-05-15,12:36:24,SLE,"""Super League Enterprise, Inc. Common Stock""",Nasdaq,LULD Pause,2026-05-15,12:41:24
2026-05-15,12:19:25,FCUV,Focus Universal Inc. Common Stock,Nasdaq,LULD Pause,2026-05-15,12:24:25
2026-05-15,12:16:40,VIDA,VIDA Global Inc.,NYSE American,LULD Pause,2026-05-15,12:21:40
2026-05-15,12:08:47,FCUV,Focus Universal Inc. Common Stock,Nasdaq,LULD Pause,2026-05-15,12:13:47
2026-05-15,12:07:27,PIII,P3 Health Partners Inc. Common Stock,Nasdaq,LULD Pause,2026-05-15,12:17:27
2026-05-15,12:00:27,FCUV,Focus Universal Inc. Common Stock,Nasdaq,LULD Pause,2026-05-15,12:05:27
2026-05-15,11:56:10,VIDA,VIDA Global Inc.,NYSE American,LULD Pause,2026-05-15,12:06:10
2026-05-15,11:49:54,PIII,P3 Health Partners Inc. Common Stock,Nasdaq,LULD Pause,2026-05-15,11:54:54
2026-05-15,11:38:59,PIII,P3 Health Partners Inc. Common Stock,Nasdaq,LULD Pause,2026-05-15,11:43:59
2026-05-15,11:30:56,QUCY,Quantum Cyber N.V. Ordinary Shares,Nasdaq,LULD Pause,2026-05-15,11:35:56
2026-05-15,11:28:20,MDBH,"""MDB Capital Holdings, LLC Class A common""",Nasdaq,LULD Pause,2026-05-15,11:38:20
2026-05-15,11:11:20,PIII,P3 Health Partners Inc. Common Stock,Nasdaq,LULD Pause,2026-05-15,11:21:20
2026-05-15,11:04:50,ADSE,ADS-TEC ENERGY PLC Ordinary Shares,Nasdaq,LULD Pause,2026-05-15,11:09:50
2026-05-15,10:57:02,PIII,P3 Health Partners Inc. Common Stock,Nasdaq,LULD Pause,2026-05-15,11:07:02
2026-05-15,10:55:26,BOT,"""RoboStrategy, Inc. Common Stock""",Nasdaq,LULD Pause,2026-05-15,11:00:26
2026-05-15,10:51:27,PIII,P3 Health Partners Inc. Common Stock,Nasdaq,LULD Pause,2026-05-15,10:56:27
2026-05-15,10:49:40,QUCY,Quantum Cyber N.V. Ordinary Shares,Nasdaq,LULD Pause,2026-05-15,10:54:40
2026-05-15,10:37:48,QUCY,Quantum Cyber N.V. Ordinary Shares,Nasdaq,LULD Pause,2026-05-15,10:42:48
2026-05-15,10:33:11,VIDA,VIDA Global Inc.,NYSE American,LULD Pause,2026-05-15,10:38:11
2026-05-15,10:31:49,QUCY,Quantum Cyber N.V. Ordinary Shares,Nasdaq,LULD Pause,2026-05-15,10:36:49
2026-05-15,10:31:09,AEHL,Antelope Enterprise Holdings Limited Class A Ordinary Shares,Nasdaq,LULD Pause,2026-05-15,10:36:09
2026-05-15,10:27:35,PIII,P3 Health Partners Inc. Common Stock,Nasdaq,LULD Pause,2026-05-15,10:32:35
2026-05-15,10:23:49,HCWB,HCW Biologics Inc. Common Stock,Nasdaq,LULD Pause,2026-05-15,10:28:49
2026-05-15,10:21:24,QUCY,Quantum Cyber N.V. Ordinary Shares,Nasdaq,LULD Pause,2026-05-15,10:31:24
2026-05-15,10:15:33,PIII,P3 Health Partners Inc. Common Stock,Nasdaq,LULD Pause,2026-05-15,10:20:33
2026-05-15,10:12:34,TOPS,TOP Ships Inc.,NYSE American,News Pending,2026-05-15,10:45:00
2026-05-15,10:11:08,QUCY,Quantum Cyber N.V. Ordinary Shares,Nasdaq,LULD Pause,2026-05-15,10:21:08
2026-05-15,10:07:26,AIIO,Robo.ai Inc. Class B Ordinary Shares,Nasdaq,LULD Pause,2026-05-15,10:12:26
2026-05-15,10:04:48,PIII,P3 Health Partners Inc. Common Stock,Nasdaq,LULD Pause,2026-05-15,10:09:48
2026-05-15,09:58:07,AIIO,Robo.ai Inc. Class B Ordinary Shares,Nasdaq,LULD Pause,2026-05-15,10:03:07
2026-05-15,09:50:20,PIII,P3 Health Partners Inc. Common Stock,Nasdaq,LULD Pause,2026-05-15,09:55:20
2026-05-15,09:44:57,TOXR,21Shares XRP ETF,Cboe BZX,LULD Pause,2026-05-15,09:49:57
2026-05-15,09:40:47,PIII,P3 Health Partners Inc. Common Stock,Nasdaq,LULD Pause,2026-05-15,09:45:47
2026-05-15,09:36:29,AARD,"""Aardvark Therapeutics, Inc. Common Stock""",Nasdaq,LULD Pause,2026-05-15,09:41:29
2026-05-15,09:34:22,SLE,"""Super League Enterprise, Inc. Common Stock""",Nasdaq,LULD Pause,2026-05-15,09:39:22
2026-05-15,09:33:26,HCWB,HCW Biologics Inc. Common Stock,Nasdaq,LULD Pause,2026-05-15,09:38:26
2026-05-15,09:32:11,LNZA,"""LanzaTech Global, Inc. Common Stock""",Nasdaq,LULD Pause,2026-05-15,09:37:11
2026-05-15,09:30:37,YMAT,"""J-Star Holding Co., Ltd. Class A Ordinary Shares""",Nasdaq,LULD Pause,2026-05-15,09:35:37
2026-05-15,09:30:16,GIGGU,GigCapital7 Corp. Unit,Nasdaq,LULD Pause,2026-05-15,09:35:16
2026-05-15,08:52:23,MPX,Marine Products Corp.,NYSE,Merger Effective,,
2026-05-15,08:38:41,EHAB,"""Enhabit, Inc.""",NYSE,Merger Effective,,
2026-05-14,19:50:00,FORA,Forian Inc. Common Stock,Nasdaq,News Pending,,
2026-05-14,15:59:25,TDIC,Dreamland Limited Class A Ordinary Shares,Nasdaq,LULD Pause,2026-05-14,16:00:00
2026-05-14,15:19:51,PLBL,Polibeli Group Ltd Class A Ordinary Shares,Nasdaq,LULD Pause,2026-05-14,15:24:51
2026-05-14,15:16:26,YMAT,"""J-Star Holding Co., Ltd. Class A Ordinary Shares""",Nasdaq,LULD Pause,2026-05-14,15:21:26
2026-05-14,14:50:33,STAK,STAK Inc. Class A Ordinary Shares,Nasdaq,LULD Pause,2026-05-14,14:55:33
2026-05-14,14:38:44,CVR,Chicago Rivet & Machine Co.,NYSE American,News Pending,,
2026-05-14,14:38:44,CVR,Chicago Rivet & Machine Co.,NYSE American,News Pending,2026-05-15,09:00:00
2026-05-14,14:29:51,AEHL,Antelope Enterprise Holdings Limited Class A Ordinary Shares,Nasdaq,LULD Pause,2026-05-14,14:34:51
2026-05-14,14:26:12,LNKS,Linkers Industries Limited Class A Ordinary Shares,Nasdaq,LULD Pause,2026-05-14,14:31:12
2026-05-14,14:20:48,LNKS,Linkers Industries Limited Class A Ordinary Shares,Nasdaq,LULD Pause,2026-05-14,14:25:48
2026-05-14,14:16:43,TDIC,Dreamland Limited Class A Ordinary Shares,Nasdaq,LULD Pause,2026-05-14,14:21:43
2026-05-14,14:14:41,LNKS,Linkers Industries Limited Class A Ordinary Shares,Nasdaq,LULD Pause,2026-05-14,14:19:41
2026-05-14,14:13:17,FCUV,Focus Universal Inc. Common Stock,Nasdaq,LULD Pause,2026-05-14,14:18:17
2026-05-14,14:05:35,TDIC,Dreamland Limited Class A Ordinary Shares,Nasdaq,LULD Pause,2026-05-14,14:10:35
2026-05-14,13:59:11,TDIC,Dreamland Limited Class A Ordinary Shares,Nasdaq,LULD Pause,2026-05-14,14:04:11
2026-05-14,13:51:06,HSPTU,Horizon Space Acquisition II Corp. Units,Nasdaq,LULD Pause,2026-05-14,14:26:06
2026-05-14,13:49:42,TDIC,Dreamland Limited Class A Ordinary Shares,Nasdaq,LULD Pause,2026-05-14,13:54:42
2026-05-14,13:45:02,LBTYB,Liberty Global Ltd. Class B Common Shares,Nasdaq,LULD Pause,2026-05-14,13:50:02
2026-05-14,13:44:28,FCUV,Focus Universal Inc. Common Stock,Nasdaq,LULD Pause,2026-05-14,13:49:28
2026-05-14,13:28:35,AEHL,Antelope Enterprise Holdings Limited Class A Ordinary Shares,Nasdaq,LULD Pause,2026-05-14,13:33:35
2026-05-14,13:26:57,TDIC,Dreamland Limited Class A Ordinary Shares,Nasdaq,LULD Pause,2026-05-14,13:36:57
2026-05-14,13:26:24,AIAI,AIAI Holdings Corporation Class A Common Stock,Nasdaq,LULD Pause,2026-05-14,13:31:24
2026-05-14,13:22:59,AEHL,Antelope Enterprise Holdings Limited Class A Ordinary Shares,Nasdaq,LULD Pause,2026-05-14,13:27:59
2026-05-14,13:09:42,AIIO,Robo.ai Inc. Class B Ordinary Shares,Nasdaq,LULD Pause,2026-05-14,13:14:42
2026-05-14,13:09:10,TDIC,Dreamland Limited Class A Ordinary Shares,Nasdaq,LULD Pause,2026-05-14,13:14:10
2026-05-14,13:03:36,AIIO,Robo.ai Inc. Class B Ordinary Shares,Nasdaq,LULD Pause,2026-05-14,13:08:36
2026-05-14,13:02:50,TDIC,Dreamland Limited Class A Ordinary Shares,Nasdaq,LULD Pause,2026-05-14,13:07:50
2026-05-14,13:00:01,CBRS,Cerebras Systems Inc. Class A Common Stock,Nasdaq,LULD Pause,2026-05-14,13:05:01
2026-05-14,12:46:34,TDIC,Dreamland Limited Class A Ordinary Shares,Nasdaq,LULD Pause,2026-05-14,12:51:34
2026-05-14,12:41:31,AEHL,Antelope Enterprise Holdings Limited Class A Ordinary Shares,Nasdaq,LULD Pause,2026-05-14,12:51:31
2026-05-14,12:40:22,TDIC,Dreamland Limited Class A Ordinary Shares,Nasdaq,LULD Pause,2026-05-14,12:45:22
2026-05-14,12:34:54,TDIC,Dreamland Limited Class A Ordinary Shares,Nasdaq,LULD Pause,2026-05-14,12:39:54
2026-05-14,12:29:10,TDIC,Dreamland Limited Class A Ordinary Shares,Nasdaq,LULD Pause,2026-05-14,12:34:10
2026-05-14,12:23:45,TDIC,Dreamland Limited Class A Ordinary Shares,Nasdaq,LULD Pause,2026-05-14,12:28:45
2026-05-14,12:21:11,AEHL,Antelope Enterprise Holdings Limited Class A Ordinary Shares,Nasdaq,LULD Pause,2026-05-14,12:26:11
2026-05-14,12:18:18,TDIC,Dreamland Limited Class A Ordinary Shares,Nasdaq,LULD Pause,2026-05-14,12:23:18
2026-05-14,12:10:59,AIAI,AIAI Holdings Corporation Class A Common Stock,Nasdaq,LULD Pause,2026-05-14,12:20:59
2026-05-14,12:07:47,TDIC,Dreamland Limited Class A Ordinary Shares,Nasdaq,LULD Pause,2026-05-14,12:17:47
2026-05-14,12:01:59,AIAI,AIAI Holdings Corporation Class A Common Stock,Nasdaq,LULD Pause,2026-05-14,12:06:59
2026-05-14,11:58:33,TDIC,Dreamland Limited Class A Ordinary Shares,Nasdaq,LULD Pause,2026-05-14,12:03:33
2026-05-14,11:54:55,AEHL,Antelope Enterprise Holdings Limited Class A Ordinary Shares,Nasdaq,LULD Pause,2026-05-14,11:59:55
2026-05-14,11:52:48,VACH,Voyager Acquisition Corp Class A Ordinary Shares,Nasdaq,LULD Pause,2026-05-14,11:57:48
2026-05-14,11:52:25,AIAI,AIAI Holdings Corporation Class A Common Stock,Nasdaq,LULD Pause,2026-05-14,11:57:25
2026-05-14,11:47:05,AIAI,AIAI Holdings Corporation Class A Common Stock,Nasdaq,LULD Pause,2026-05-14,11:52:05
2026-05-14,11:46:10,TDIC,Dreamland Limited Class A Ordinary Shares,Nasdaq,LULD Pause,2026-05-14,11:51:10
2026-05-14,11:44:05,PCTTU,"""PureCycle Technologies, Inc. Unit""",Nasdaq,LULD Pause,2026-05-14,13:14:06
2026-05-14,11:40:07,AEHL,Antelope Enterprise Holdings Limited Class A Ordinary Shares,Nasdaq,LULD Pause,2026-05-14,11:50:07
2026-05-14,11:40:01,TDIC,Dreamland Limited Class A Ordinary Shares,Nasdaq,LULD Pause,2026-05-14,11:45:01
2026-05-14,11:34:41,AEHL,Antelope Enterprise Holdings Limited Class A Ordinary Shares,Nasdaq,LULD Pause,2026-05-14,11:39:41
2026-05-14,11:34:11,TDIC,Dreamland Limited Class A Ordinary Shares,Nasdaq,LULD Pause,2026-05-14,11:39:11
2026-05-14,11:33:46,YOOV,Concorde International Group Ltd Class A Ordinary Shares,Nasdaq,LULD Pause,2026-05-14,11:38:46
2026-05-14,11:26:40,AEHL,Antelope Enterprise Holdings Limited Class A Ordinary Shares,Nasdaq,LULD Pause,2026-05-14,11:31:40
2026-05-14,11:26:17,TDIC,Dreamland Limited Class A Ordinary Shares,Nasdaq,LULD Pause,2026-05-14,11:31:17
2026-05-14,11:12:07,AEHL,Antelope Enterprise Holdings Limited Class A Ordinary Shares,Nasdaq,LULD Pause,2026-05-14,11:23:14
2026-05-14,11:10:22,SNAL,"""Snail, Inc. Class A Common Stock""",Nasdaq,LULD Pause,2026-05-14,11:15:22
2026-05-14,11:04:33,SNAL,"""Snail, Inc. Class A Common Stock""",Nasdaq,LULD Pause,2026-05-14,11:09:33
2026-05-14,11:01:10,AEHL,Antelope Enterprise Holdings Limited Class A Ordinary Shares,Nasdaq,LULD Pause,2026-05-14,11:11:11
2026-05-14,10:50:26,AEHL,Antelope Enterprise Holdings Limited Class A Ordinary Shares,Nasdaq,LULD Pause,2026-05-14,11:00:26
2026-05-14,10:39:39,YOOV,Concorde International Group Ltd Class A Ordinary Shares,Nasdaq,LULD Pause,2026-05-14,10:44:39
2026-05-14,10:36:04,AEHL,Antelope Enterprise Holdings Limited Class A Ordinary Shares,Nasdaq,LULD Pause,2026-05-14,10:49:53
2026-05-14,10:31:22,YOOV,Concorde International Group Ltd Class A Ordinary Shares,Nasdaq,LULD Pause,2026-05-14,10:36:22
2026-05-14,10:30:16,MWC,"""Micware Co., Ltd. American Depositary Shares""",Nasdaq,LULD Pause,2026-05-14,10:35:16
2026-05-14,10:24:47,MWC,"""Micware Co., Ltd. American Depositary Shares""",Nasdaq,LULD Pause,2026-05-14,10:29:47
2026-05-14,10:24:17,AEHL,Antelope Enterprise Holdings Limited Class A Ordinary Shares,Nasdaq,LULD Pause,2026-05-14,10:34:17
2026-05-14,10:21:03,TDIC,Dreamland Limited Class A Ordinary Shares,Nasdaq,LULD Pause,2026-05-14,10:26:03
2026-05-14,10:19:44,YOOV,Concorde International Group Ltd Class A Ordinary Shares,Nasdaq,LULD Pause,2026-05-14,10:29:44
2026-05-14,10:16:23,QUCY,Quantum Cyber N.V. Ordinary Shares,Nasdaq,LULD Pause,2026-05-14,10:21:23
2026-05-14,10:15:09,VACH,Voyager Acquisition Corp Class A Ordinary Shares,Nasdaq,LULD Pause,2026-05-14,10:20:09
2026-05-14,10:14:27,YOOV,Concorde International Group Ltd Class A Ordinary Shares,Nasdaq,LULD Pause,2026-05-14,10:19:27
2026-05-14,10:09:10,YOOV,Concorde International Group Ltd Class A Ordinary Shares,Nasdaq,LULD Pause,2026-05-14,10:14:10
2026-05-14,10:03:44,YOOV,Concorde International Group Ltd Class A Ordinary Shares,Nasdaq,LULD Pause,2026-05-14,10:08:44
2026-05-14,09:57:20,YOOV,Concorde International Group Ltd Class A Ordinary Shares,Nasdaq,LULD Pause,2026-05-14,10:02:20
2026-05-14,09:51:45,YOOV,Concorde International Group Ltd Class A Ordinary Shares,Nasdaq,LULD Pause,2026-05-14,09:56:45
2026-05-14,09:47:29,TDIC,Dreamland Limited Class A Ordinary Shares,Nasdaq,LULD Pause,2026-05-14,09:52:29
2026-05-14,09:46:00,YOOV,Concorde International Group Ltd Class A Ordinary Shares,Nasdaq,LULD Pause,2026-05-14,09:51:00
2026-05-14,09:37:12,MOBX,"""Mobix Labs, Inc. Class A Common Stock""",Nasdaq,LULD Pause,2026-05-14,09:42:12
2026-05-14,09:36:50,YOOV,Concorde International Group Ltd Class A Ordinary Shares,Nasdaq,LULD Pause,2026-05-14,09:41:50
2026-05-14,09:36:46,TDIC,Dreamland Limited Class A Ordinary Shares,Nasdaq,LULD Pause,2026-05-14,09:46:46
2026-05-14,09:32:37,VACH,Voyager Acquisition Corp Class A Ordinary Shares,Nasdaq,LULD Pause,2026-05-14,09:37:37
2026-05-14,09:31:10,YOOV,Concorde International Group Ltd Class A Ordinary Shares,Nasdaq,LULD Pause,2026-05-14,09:36:10
2026-05-14,09:31:05,RVI,Robinhood Ventures Fund I,NYSE,LULD Pause,2026-05-14,09:36:24
2026-05-14,08:43:21,TPH,"""Tri Pointe Homes, Inc.""",NYSE,Merger Effective,,
2026-05-14,06:55:00,RGNX,REGENXBIO Inc.,Nasdaq,News Pending,2026-05-14,07:40:00
2026-05-13,19:50:00,SLMT,Brera Holdings PLC Class B Ordinary Shares,Nasdaq,News Pending,2026-05-14,09:00:00
2026-05-13,19:50:00,SLMT,Brera Holdings PLC Class B Ordinary Shares,Nasdaq,News Pending,,
2026-05-13,19:50:00,CSGS,CSG Systems International,Nasdaq,News Pending,,
2026-05-13,19:50:00,APLS,"""Apellis Pharmaceuticals, Inc. Common Stock""",Nasdaq,News Pending,,
2026-05-13,15:53:34,NYC,American Strategic Investment Co.,NYSE,LULD Pause,2026-05-13,16:00:56
2026-05-13,15:41:52,WOK,WORK Medical Technology Group LTD Class A Ordinary Shares,Nasdaq,LULD Pause,2026-05-13,15:46:52
2026-05-13,15:38:20,NDRA,ENDRA Life Sciences Inc. Common Stock,Nasdaq,LULD Pause,2026-05-13,15:43:20
2026-05-13,15:28:26,QUCY,Quantum Cyber N.V. Ordinary Shares,Nasdaq,LULD Pause,2026-05-13,15:33:26
2026-05-13,15:26:42,TDIC,Dreamland Limited Class A Ordinary Shares,Nasdaq,LULD Pause,2026-05-13,15:31:42
2026-05-13,15:15:25,TDIC,Dreamland Limited Class A Ordinary Shares,Nasdaq,LULD Pause,2026-05-13,15:20:25
2026-05-13,15:04:22,QUCY,Quantum Cyber N.V. Ordinary Shares,Nasdaq,LULD Pause,2026-05-13,15:09:22
2026-05-13,15:00:50,WOK,WORK Medical Technology Group LTD Class A Ordinary Shares,Nasdaq,LULD Pause,2026-05-13,15:05:50
2026-05-13,14:52:56,VACH,Voyager Acquisition Corp Class A Ordinary Shares,Nasdaq,LULD Pause,2026-05-13,14:57:56
2026-05-13,14:52:41,TDIC,Dreamland Limited Class A Ordinary Shares,Nasdaq,LULD Pause,2026-05-13,15:02:41
2026-05-13,14:52:33,QUCY,Quantum Cyber N.V. Ordinary Shares,Nasdaq,LULD Pause,2026-05-13,14:57:33
2026-05-13,14:47:18,TDIC,Dreamland Limited Class A Ordinary Shares,Nasdaq,LULD Pause,2026-05-13,14:52:18
2026-05-13,14:33:43,TDIC,Dreamland Limited Class A Ordinary Shares,Nasdaq,LULD Pause,2026-05-13,14:43:43
2026-05-13,14:28:28,TDIC,Dreamland Limited Class A Ordinary Shares,Nasdaq,LULD Pause,2026-05-13,14:33:28
2026-05-13,14:27:11,PLSM,Pulsenmore Ltd. Ordinary Shares,Nasdaq,LULD Pause,2026-05-13,14:32:11
2026-05-13,14:25:55,WOK,WORK Medical Technology Group LTD Class A Ordinary Shares,Nasdaq,LULD Pause,2026-05-13,14:30:55
2026-05-13,14:20:30,WOK,WORK Medical Technology Group LTD Class A Ordinary Shares,Nasdaq,LULD Pause,2026-05-13,14:25:30
2026-05-13,14:14:53,PLSM,Pulsenmore Ltd. Ordinary Shares,Nasdaq,LULD Pause,2026-05-13,14:19:53
2026-05-13,14:10:03,WOK,WORK Medical Technology Group LTD Class A Ordinary Shares,Nasdaq,LULD Pause,2026-05-13,14:20:03
2026-05-13,14:04:17,PLSM,Pulsenmore Ltd. Ordinary Shares,Nasdaq,LULD Pause,2026-05-13,14:14:17
2026-05-13,13:59:18,WOK,WORK Medical Technology Group LTD Class A Ordinary Shares,Nasdaq,LULD Pause,2026-05-13,14:09:18
2026-05-13,13:55:09,VACH,Voyager Acquisition Corp Class A Ordinary Shares,Nasdaq,LULD Pause,2026-05-13,14:00:09
2026-05-13,13:50:00,TDIC,Dreamland Limited Class A Ordinary Shares,Nasdaq,LULD Pause,2026-05-13,13:55:00
2026-05-13,13:48:52,PLSM,Pulsenmore Ltd. Ordinary Shares,Nasdaq,LULD Pause,2026-05-13,13:58:52
2026-05-13,13:46:42,WOK,WORK Medical Technology Group LTD Class A Ordinary Shares,Nasdaq,LULD Pause,2026-05-13,13:58:37
2026-05-13,13:44:16,TDIC,Dreamland Limited Class A Ordinary Shares,Nasdaq,LULD Pause,2026-05-13,13:49:16
2026-05-13,13:43:35,PLSM,Pulsenmore Ltd. Ordinary Shares,Nasdaq,LULD Pause,2026-05-13,13:48:35
2026-05-13,13:36:22,WOK,WORK Medical Technology Group LTD Class A Ordinary Shares,Nasdaq,LULD Pause,2026-05-13,13:46:22
2026-05-13,13:33:07,PLSM,Pulsenmore Ltd. Ordinary Shares,Nasdaq,LULD Pause,2026-05-13,13:43:07
2026-05-13,13:31:05,WOK,WORK Medical Technology Group LTD Class A Ordinary Shares,Nasdaq,LULD Pause,2026-05-13,13:36:05
2026-05-13,13:15:14,PLSM,Pulsenmore Ltd. Ordinary Shares,Nasdaq,LULD Pause,2026-05-13,13:30:15
2026-05-13,13:11:48,WOK,WORK Medical Technology Group LTD Class A Ordinary Shares,Nasdaq,LULD Pause,2026-05-13,13:21:48
2026-05-13,13:06:08,WOK,WORK Medical Technology Group LTD Class A Ordinary Shares,Nasdaq,LULD Pause,2026-05-13,13:11:08
2026-05-13,12:31:49,WOK,WORK Medical Technology Group LTD Class A Ordinary Shares,Nasdaq,LULD Pause,2026-05-13,12:36:49
2026-05-13,12:22:12,WOK,WORK Medical Technology Group LTD Class A Ordinary Shares,Nasdaq,LULD Pause,2026-05-13,12:27:12
2026-05-13,12:07:32,WOK,WORK Medical Technology Group LTD Class A Ordinary Shares,Nasdaq,LULD Pause,2026-05-13,12:12:32
2026-05-13,12:02:09,WOK,WORK Medical Technology Group LTD Class A Ordinary Shares,Nasdaq,LULD Pause,2026-05-13,12:07:09
2026-05-13,11:45:22,WOK,WORK Medical Technology Group LTD Class A Ordinary Shares,Nasdaq,LULD Pause,2026-05-13,11:55:22
2026-05-13,11:34:46,WOK,WORK Medical Technology Group LTD Class A Ordinary Shares,Nasdaq,LULD Pause,2026-05-13,11:44:46
2026-05-13,11:24:03,WOK,WORK Medical Technology Group LTD Class A Ordinary Shares,Nasdaq,LULD Pause,2026-05-13,11:34:03
2026-05-13,11:18:43,WOK,WORK Medical Technology Group LTD Class A Ordinary Shares,Nasdaq,LULD Pause,2026-05-13,11:23:43
2026-05-13,11:11:05,WOK,WORK Medical Technology Group LTD Class A Ordinary Shares,Nasdaq,LULD Pause,2026-05-13,11:16:05
2026-05-13,11:06:28,AHT PRG,"""Ashford Hospitality Trust, Inc   7.375% Series G Cumulative Preferred Stock""",NYSE,LULD Pause,2026-05-13,11:11:28
2026-05-13,11:04:03,WOK,WORK Medical Technology Group LTD Class A Ordinary Shares,Nasdaq,LULD Pause,2026-05-13,11:09:03
2026-05-13,10:58:22,WOK,WORK Medical Technology Group LTD Class A Ordinary Shares,Nasdaq,LULD Pause,2026-05-13,11:03:22
2026-05-13,10:51:47,WOK,WORK Medical Technology Group LTD Class A Ordinary Shares,Nasdaq,LULD Pause,2026-05-13,10:56:47
2026-05-13,10:40:57,WOK,WORK Medical Technology Group LTD Class A Ordinary Shares,Nasdaq,LULD Pause,2026-05-13,10:50:57
2026-05-13,10:35:40,WOK,WORK Medical Technology Group LTD Class A Ordinary Shares,Nasdaq,LULD Pause,2026-05-13,10:40:40
2026-05-13,10:32:15,BOT,"""RoboStrategy, Inc. Common Stock""",Nasdaq,LULD Pause,2026-05-13,10:37:15
2026-05-13,10:30:25,WOK,WORK Medical Technology Group LTD Class A Ordinary Shares,Nasdaq,LULD Pause,2026-05-13,10:35:25
2026-05-13,10:24:14,WOK,WORK Medical Technology Group LTD Class A Ordinary Shares,Nasdaq,LULD Pause,2026-05-13,10:29:14
2026-05-13,10:22:14,AKTX,Akari Therapeutics plc ADR (0.01 USD),Nasdaq,LULD Pause,2026-05-13,10:27:14
2026-05-13,10:18:38,WOK,WORK Medical Technology Group LTD Class A Ordinary Shares,Nasdaq,LULD Pause,2026-05-13,10:23:38
2026-05-13,10:12:03,WOK,WORK Medical Technology Group LTD Class A Ordinary Shares,Nasdaq,LULD Pause,2026-05-13,10:17:03
2026-05-13,10:04:17,WOK,WORK Medical Technology Group LTD Class A Ordinary Shares,Nasdaq,LULD Pause,2026-05-13,10:09:17
2026-05-13,09:56:27,WOK,WORK Medical Technology Group LTD Class A Ordinary Shares,Nasdaq,LULD Pause,2026-05-13,10:01:27
2026-05-13,09:47:52,WOK,WORK Medical Technology Group LTD Class A Ordinary Shares,Nasdaq,LULD Pause,2026-05-13,09:52:52
2026-05-13,09:41:35,WOK,WORK Medical Technology Group LTD Class A Ordinary Shares,Nasdaq,LULD Pause,2026-05-13,09:46:35
2026-05-13,09:38:05,HSPT,Horizon Space Acquisition II Corp. Ordinary share,Nasdaq,LULD Pause,2026-05-13,09:48:05
2026-05-13,09:37:30,TLSI,"""TriSalus Life Sciences, Inc. Common Stock""",Nasdaq,LULD Pause,2026-05-13,09:42:30
2026-05-13,09:36:04,WOK,WORK Medical Technology Group LTD Class A Ordinary Shares,Nasdaq,LULD Pause,2026-05-13,09:41:04
2026-05-13,09:31:47,TLSI,"""TriSalus Life Sciences, Inc. Common Stock""",Nasdaq,LULD Pause,2026-05-13,09:36:47
2026-05-13,09:30:28,WOK,WORK Medical Technology Group LTD Class A Ordinary Shares,Nasdaq,LULD Pause,2026-05-13,09:35:28
2026-05-13,07:55:00,ASRT,"""Assertio Holdings, Inc. Common Stock""",Nasdaq,News Pending,2026-05-13,08:20:00
2026-05-12,19:50:00,SNCY,"""Sun Country Airlines Holdings, Inc. Common Stock""",Nasdaq,News Pending,,
2026-05-12,16:10:00,NSTS,"""NSTS Bancorp, Inc. Common Stock""",Nasdaq,News Pending,2026-05-12,16:45:00
2026-05-12,15:47:33,WOK,WORK Medical Technology Group LTD Class A Ordinary Shares,Nasdaq,LULD Pause,2026-05-12,16:00:00
2026-05-12,15:41:00,CGCTU,Cartesian Growth Corporation III Unit,Nasdaq,LULD Pause,2026-05-12,15:46:00
2026-05-12,15:37:13,WOK,WORK Medical Technology Group LTD Class A Ordinary Shares,Nasdaq,LULD Pause,2026-05-12,15:47:13
2026-05-12,15:37:00,BOT,"""RoboStrategy, Inc. Common Stock""",Nasdaq,LULD Pause,2026-05-12,15:42:00
2026-05-12,15:31:42,WOK,WORK Medical Technology Group LTD Class A Ordinary Shares,Nasdaq,LULD Pause,2026-05-12,15:36:42
2026-05-12,15:21:03,WOK,WORK Medical Technology Group LTD Class A Ordinary Shares,Nasdaq,LULD Pause,2026-05-12,15:31:03
2026-05-12,15:13:27,WOK,WORK Medical Technology Group LTD Class A Ordinary Shares,Nasdaq,LULD Pause,2026-05-12,15:18:27
2026-05-12,15:01:51,VACH,Voyager Acquisition Corp Class A Ordinary Shares,Nasdaq,LULD Pause,2026-05-12,15:14:49
2026-05-12,14:42:44,WOK,WORK Medical Technology Group LTD Class A Ordinary Shares,Nasdaq,LULD Pause,2026-05-12,14:52:44
2026-05-12,14:28:54,VACH,Voyager Acquisition Corp Class A Ordinary Shares,Nasdaq,LULD Pause,2026-05-12,14:33:54
2026-05-12,14:17:28,ZSTK,ZeroStack Corp. Common Stock,Nasdaq,LULD Pause,2026-05-12,14:22:28
2026-05-12,14:09:30,ZSTK,ZeroStack Corp. Common Stock,Nasdaq,LULD Pause,2026-05-12,14:14:30
2026-05-12,14:00:05,WOK,WORK Medical Technology Group LTD Class A Ordinary Shares,Nasdaq,LULD Pause,2026-05-12,14:05:05
2026-05-12,13:52:16,CGTL,Creative Global Technology Holdings Limited Class A Ordinary Shares,Nasdaq,LULD Pause,2026-05-12,13:57:16
2026-05-12,13:47:23,WOK,WORK Medical Technology Group LTD Class A Ordinary Shares,Nasdaq,LULD Pause,2026-05-12,13:57:23
2026-05-12,13:41:52,CGTL,Creative Global Technology Holdings Limited Class A Ordinary Shares,Nasdaq,LULD Pause,2026-05-12,13:51:52
2026-05-12,13:37:31,SMX,SMX (Security Matters) Public Limited Company Ordinary Shares,Nasdaq,LULD Pause,2026-05-12,13:42:31
2026-05-12,13:34:37,WOK,WORK Medical Technology Group LTD Class A Ordinary Shares,Nasdaq,LULD Pause,2026-05-12,13:39:37
2026-05-12,13:28:25,WOK,WORK Medical Technology Group LTD Class A Ordinary Shares,Nasdaq,LULD Pause,2026-05-12,13:33:25
2026-05-12,13:23:05,WOK,WORK Medical Technology Group LTD Class A Ordinary Shares,Nasdaq,LULD Pause,2026-05-12,13:28:05
2026-05-12,13:17:30,WOK,WORK Medical Technology Group LTD Class A Ordinary Shares,Nasdaq,LULD Pause,2026-05-12,13:22:30
2026-05-12,13:12:55,BKYI,"""BIO-key International, Inc. Common Stock""",Nasdaq,LULD Pause,2026-05-12,13:17:55
2026-05-12,13:12:09,WOK,WORK Medical Technology Group LTD Class A Ordinary Shares,Nasdaq,LULD Pause,2026-05-12,13:17:09
2026-05-12,13:02:24,BKYI,"""BIO-key International, Inc. Common Stock""",Nasdaq,LULD Pause,2026-05-12,13:12:24
2026-05-12,11:52:24,WOK,WORK Medical Technology Group LTD Class A Ordinary Shares,Nasdaq,LULD Pause,2026-05-12,11:57:24
2026-05-12,11:45:21,TVGN,Tevogen Bio Holdings Inc. Common Stock,Nasdaq,LULD Pause,2026-05-12,11:50:21
2026-05-12,11:30:46,WOK,WORK Medical Technology Group LTD Class A Ordinary Shares,Nasdaq,LULD Pause,2026-05-12,11:35:46
2026-05-12,11:30:12,NCEW,New Century Logistics (BVI) Limited Ordinary Shares,Nasdaq,LULD Pause,2026-05-12,11:35:12
2026-05-12,11:25:56,ENHA,Enhanced Group Inc.,NYSE,LULD Pause,2026-05-12,11:31:07
2026-05-12,11:15:14,WOK,WORK Medical Technology Group LTD Class A Ordinary Shares,Nasdaq,LULD Pause,2026-05-12,11:20:14
2026-05-12,11:14:45,SUGP,SU Group Holdings Limited Class A Ordinary Shares,Nasdaq,LULD Pause,2026-05-12,11:19:45
2026-05-12,11:12:38,ERNA,Ernexa Therapeutics Inc. Common Stock,Nasdaq,LULD Pause,2026-05-12,11:17:38
2026-05-12,11:05:45,SUGP,SU Group Holdings Limited Class A Ordinary Shares,Nasdaq,LULD Pause,2026-05-12,11:10:45
2026-05-12,10:55:54,WOK,WORK Medical Technology Group LTD Class A Ordinary Shares,Nasdaq,LULD Pause,2026-05-12,11:00:54
2026-05-12,10:38:53,WOK,WORK Medical Technology Group LTD Class A Ordinary Shares,Nasdaq,LULD Pause,2026-05-12,10:43:53
2026-05-12,10:33:32,WOK,WORK Medical Technology Group LTD Class A Ordinary Shares,Nasdaq,LULD Pause,2026-05-12,10:38:32
2026-05-12,10:29:37,SRL,Scully Royalty Ltd. Common Shares,NYSE,Regulatory Concern,,
2026-05-12,10:27:54,ERNA,Ernexa Therapeutics Inc. Common Stock,Nasdaq,LULD Pause,2026-05-12,10:32:54
2026-05-12,10:19:52,WOK,WORK Medical Technology Group LTD Class A Ordinary Shares,Nasdaq,LULD Pause,2026-05-12,10:29:52
2026-05-12,10:14:29,WOK,WORK Medical Technology Group LTD Class A Ordinary Shares,Nasdaq,LULD Pause,2026-05-12,10:19:29
2026-05-12,10:14:09,FABC,"""Fabric.AI, Inc. Common Stock""",Nasdaq,LULD Pause,2026-05-12,10:19:09
2026-05-12,10:13:30,ERNA,Ernexa Therapeutics Inc. Common Stock,Nasdaq,LULD Pause,2026-05-12,10:18:30
2026-05-12,10:07:47,ERNA,Ernexa Therapeutics Inc. Common Stock,Nasdaq,LULD Pause,2026-05-12,10:12:47
2026-05-12,10:03:59,WOK,WORK Medical Technology Group LTD Class A Ordinary Shares,Nasdaq,LULD Pause,2026-05-12,10:14:00
2026-05-12,10:03:46,FABC,"""Fabric.AI, Inc. Common Stock""",Nasdaq,LULD Pause,2026-05-12,10:08:46
2026-05-12,10:03:43,NYC,American Strategic Investment Co.,NYSE,LULD Pause,2026-05-12,10:08:43
2026-05-12,09:58:43,WOK,WORK Medical Technology Group LTD Class A Ordinary Shares,Nasdaq,LULD Pause,2026-05-12,10:03:43
2026-05-12,09:58:14,FABC,"""Fabric.AI, Inc. Common Stock""",Nasdaq,LULD Pause,2026-05-12,10:03:14
2026-05-12,09:58:01,MB,MasterBeef Group Ordinary Shares,Nasdaq,LULD Pause,2026-05-12,10:08:01
2026-05-12,09:57:34,ZBAI,ATIF Holdings Limited Ordinary Shares,Nasdaq,LULD Pause,2026-05-12,10:02:34
2026-05-12,09:57:24,ERNA,Ernexa Therapeutics Inc. Common Stock,Nasdaq,LULD Pause,2026-05-12,10:07:24
2026-05-12,09:55:09,BUUU,BUUU Group Limited Class A Ordinary Share,Nasdaq,LULD Pause,2026-05-12,10:00:09
2026-05-12,09:52:33,WOK,WORK Medical Technology Group LTD Class A Ordinary Shares,Nasdaq,LULD Pause,2026-05-12,09:57:33
2026-05-12,09:50:08,BZFD,"""BuzzFeed, Inc. Class A Common Stock""",Nasdaq,LULD Pause,2026-05-12,09:55:08
2026-05-12,09:49:26,ERNA,Ernexa Therapeutics Inc. Common Stock,Nasdaq,LULD Pause,2026-05-12,09:54:26
2026-05-12,09:46:08,SUGP,SU Group Holdings Limited Class A Ordinary Shares,Nasdaq,LULD Pause,2026-05-12,09:51:08
2026-05-12,09:45:45,FABC,"""Fabric.AI, Inc. Common Stock""",Nasdaq,LULD Pause,2026-05-12,09:55:45
2026-05-12,09:44:32,VCX,"""Fundrise Innovation Fund, LLC""",NYSE,LULD Pause,2026-05-12,09:49:44
2026-05-12,09:42:00,WOK,WORK Medical Technology Group LTD Class A Ordinary Shares,Nasdaq,LULD Pause,2026-05-12,09:52:01
2026-05-12,09:38:57,ERNA,Ernexa Therapeutics Inc. Common Stock,Nasdaq,LULD Pause,2026-05-12,09:48:58
2026-05-12,09:36:56,BOT,"""RoboStrategy, Inc. Common Stock""",Nasdaq,LULD Pause,2026-05-12,09:41:56
2026-05-12,09:35:56,SUGP,SU Group Holdings Limited Class A Ordinary Shares,Nasdaq,LULD Pause,2026-05-12,09:40:56
2026-05-12,09:33:46,LENZ,"""LENZ Therapeutics, Inc. Common Stock""",Nasdaq,LULD Pause,2026-05-12,09:38:46
2026-05-12,09:33:39,WOK,WORK Medical Technology Group LTD Class A Ordinary Shares,Nasdaq,LULD Pause,2026-05-12,09:38:39
2026-05-12,09:33:22,SMX,SMX (Security Matters) Public Limited Company Ordinary Shares,Nasdaq,LULD Pause,2026-05-12,09:38:22
2026-05-12,09:32:27,VCX,"""Fundrise Innovation Fund, LLC""",NYSE,LULD Pause,2026-05-12,09:37:59
2026-05-12,09:30:45,KOPN,Kopin Corp,Nasdaq,LULD Pause,2026-05-12,09:35:45
2026-05-12,06:32:53,ELVR,Elevra Lithium Limited American Depository Shares,Nasdaq,News Pending,2026-05-13,07:00:00
2026-05-12,06:32:53,ELVR,Elevra Lithium Limited American Depository Shares,Nasdaq,News Pending,,
2026-05-11,16:45:03,BZFDW,"""BuzzFeed, Inc. Warrant""",Nasdaq,News Pending,2026-05-11,17:35:01
2026-05-11,16:45:03,BZFD,"""BuzzFeed, Inc. Class A Common Stock""",Nasdaq,News Pending,2026-05-11,17:30:01
2026-05-11,16:25:00,MGNX,"""MacroGenics, Inc.""",Nasdaq,News Pending,2026-05-11,17:45:00
2026-05-11,16:08:25,GPRO,"""GoPro, Inc.""",Nasdaq,News Pending,2026-05-11,16:40:00
2026-05-11,14:34:26,HSPT,Horizon Space Acquisition II Corp. Ordinary share,Nasdaq,LULD Pause,2026-05-11,14:39:26
2026-05-11,14:28:53,WOK,WORK Medical Technology Group LTD Class A Ordinary Shares,Nasdaq,LULD Pause,2026-05-11,14:33:53
2026-05-11,14:24:26,HSPT,Horizon Space Acquisition II Corp. Ordinary share,Nasdaq,LULD Pause,2026-05-11,14:29:26
2026-05-11,14:11:49,HSPT,Horizon Space Acquisition II Corp. Ordinary share,Nasdaq,LULD Pause,2026-05-11,14:16:49
2026-05-11,14:00:12,HSPT,Horizon Space Acquisition II Corp. Ordinary share,Nasdaq,LULD Pause,2026-05-11,14:05:12
2026-05-11,13:53:50,HSPT,Horizon Space Acquisition II Corp. Ordinary share,Nasdaq,LULD Pause,2026-05-11,13:58:50
2026-05-11,13:51:53,WOK,WORK Medical Technology Group LTD Class A Ordinary Shares,Nasdaq,LULD Pause,2026-05-11,13:56:53
2026-05-11,13:46:23,WOK,WORK Medical Technology Group LTD Class A Ordinary Shares,Nasdaq,LULD Pause,2026-05-11,13:51:23
2026-05-11,13:44:06,BOT,"""RoboStrategy, Inc. Common Stock""",Nasdaq,LULD Pause,2026-05-11,13:49:06
2026-05-11,13:36:54,HSPT,Horizon Space Acquisition II Corp. Ordinary share,Nasdaq,LULD Pause,2026-05-11,13:46:55
2026-05-11,13:32:11,BOT,"""RoboStrategy, Inc. Common Stock""",Nasdaq,LULD Pause,2026-05-11,13:37:11
2026-05-11,13:10:13,HSPT,Horizon Space Acquisition II Corp. Ordinary share,Nasdaq,LULD Pause,2026-05-11,13:35:36
2026-05-11,13:09:58,BOT,"""RoboStrategy, Inc. Common Stock""",Nasdaq,LULD Pause,2026-05-11,13:19:58
2026-05-11,12:48:11,BOT,"""RoboStrategy, Inc. Common Stock""",Nasdaq,LULD Pause,2026-05-11,12:53:11
2026-05-11,12:41:56,BOT,"""RoboStrategy, Inc. Common Stock""",Nasdaq,LULD Pause,2026-05-11,12:46:56
2026-05-11,12:24:22,BOT,"""RoboStrategy, Inc. Common Stock""",Nasdaq,LULD Pause,2026-05-11,12:29:22
2026-05-11,12:16:20,PMAX,Powell Max Limited Class A Ordinary Shares,Nasdaq,LULD Pause,2026-05-11,12:21:20
2026-05-11,12:06:56,PMAX,Powell Max Limited Class A Ordinary Shares,Nasdaq,LULD Pause,2026-05-11,12:11:56
2026-05-11,12:06:09,BOT,"""RoboStrategy, Inc. Common Stock""",Nasdaq,LULD Pause,2026-05-11,12:16:09
2026-05-11,11:52:48,BOT,"""RoboStrategy, Inc. Common Stock""",Nasdaq,LULD Pause,2026-05-11,12:02:48
2026-05-11,11:50:13,WOK,WORK Medical Technology Group LTD Class A Ordinary Shares,Nasdaq,LULD Pause,2026-05-11,11:55:13
2026-05-11,11:46:32,BOT,"""RoboStrategy, Inc. Common Stock""",Nasdaq,LULD Pause,2026-05-11,11:51:32
2026-05-11,11:41:14,WOK,WORK Medical Technology Group LTD Class A Ordinary Shares,Nasdaq,LULD Pause,2026-05-11,11:46:14
2026-05-11,11:40:59,BOT,"""RoboStrategy, Inc. Common Stock""",Nasdaq,LULD Pause,2026-05-11,11:45:59
2026-05-11,11:33:14,WOK,WORK Medical Technology Group LTD Class A Ordinary Shares,Nasdaq,LULD Pause,2026-05-11,11:38:14
2026-05-11,11:27:59,BOT,"""RoboStrategy, Inc. Common Stock""",Nasdaq,LULD Pause,2026-05-11,11:38:00
2026-05-11,11:27:13,WOK,WORK Medical Technology Group LTD Class A Ordinary Shares,Nasdaq,LULD Pause,2026-05-11,11:32:13
2026-05-11,11:22:11,TKC,TURKCELL ILETISIM HIZMETLERI A.S. ADS,NYSE,News Pending,2026-05-11,12:20:54
2026-05-11,11:21:37,WOK,WORK Medical Technology Group LTD Class A Ordinary Shares,Nasdaq,LULD Pause,2026-05-11,11:26:37
2026-05-11,11:17:48,NCEW,New Century Logistics (BVI) Limited Ordinary Shares,Nasdaq,LULD Pause,2026-05-11,11:22:48
2026-05-11,11:16:45,UK,Ucommune International Ltd Class A Ordinary Shares,Nasdaq,LULD Pause,2026-05-11,11:21:45
2026-05-11,11:16:03,WOK,WORK Medical Technology Group LTD Class A Ordinary Shares,Nasdaq,LULD Pause,2026-05-11,11:21:03
2026-05-11,11:06:15,UK,Ucommune International Ltd Class A Ordinary Shares,Nasdaq,LULD Pause,2026-05-11,11:16:16
2026-05-11,11:06:04,WOK,WORK Medical Technology Group LTD Class A Ordinary Shares,Nasdaq,LULD Pause,2026-05-11,11:11:04
2026-05-11,10:58:57,WOK,WORK Medical Technology Group LTD Class A Ordinary Shares,Nasdaq,LULD Pause,2026-05-11,11:03:57
2026-05-11,10:58:27,RPGL,Republic Power Group Limited Class A Ordinary Shares,Nasdaq,LULD Pause,2026-05-11,11:03:27
2026-05-11,10:54:55,BOT,"""RoboStrategy, Inc. Common Stock""",Nasdaq,LULD Pause,2026-05-11,11:26:38
2026-05-11,10:53:39,WOK,WORK Medical Technology Group LTD Class A Ordinary Shares,Nasdaq,LULD Pause,2026-05-11,10:58:39
2026-05-11,10:44:39,PHOE,Phoenix Asia Holdings Limited Ordinary Shares,Nasdaq,LULD Pause,2026-05-11,10:49:39
2026-05-11,10:37:06,CLIK,Click Holdings Limited Class A Ordinary Share,Nasdaq,LULD Pause,2026-05-11,10:42:06
2026-05-11,10:30:46,WOK,WORK Medical Technology Group LTD Class A Ordinary Shares,Nasdaq,LULD Pause,2026-05-11,10:35:46
2026-05-11,10:29:21,ODYS,Odysight.ai Inc. Common Stock,Nasdaq,LULD Pause,2026-05-11,10:34:21
2026-05-11,10:23:56,ODYS,Odysight.ai Inc. Common Stock,Nasdaq,LULD Pause,2026-05-11,10:28:56
2026-05-11,10:16:09,GAUZ,Gauzy Ltd. Ordinary Shares,Nasdaq,LULD Pause,2026-05-11,10:21:09
2026-05-11,10:12:56,ODYS,Odysight.ai Inc. Common Stock,Nasdaq,LULD Pause,2026-05-11,10:22:57
2026-05-11,10:11:00,WOK,WORK Medical Technology Group LTD Class A Ordinary Shares,Nasdaq,LULD Pause,2026-05-11,10:16:00
2026-05-11,10:03:19,WOK,WORK Medical Technology Group LTD Class A Ordinary Shares,Nasdaq,LULD Pause,2026-05-11,10:08:19
2026-05-11,10:02:49,GAUZ,Gauzy Ltd. Ordinary Shares,Nasdaq,LULD Pause,2026-05-11,10:07:49
2026-05-11,09:57:37,WOK,WORK Medical Technology Group LTD Class A Ordinary Shares,Nasdaq,LULD Pause,2026-05-11,10:02:37
2026-05-11,09:52:03,WOK,WORK Medical Technology Group LTD Class A Ordinary Shares,Nasdaq,LULD Pause,2026-05-11,09:57:03
2026-05-11,09:51:46,LHAI,Linkhome Holdings Inc. Common stock,Nasdaq,LULD Pause,2026-05-11,09:56:46
2026-05-11,09:49:08,ODYS,Odysight.ai Inc. Common Stock,Nasdaq,LULD Pause,2026-05-11,09:54:08
2026-05-11,09:46:32,WOK,WORK Medical Technology Group LTD Class A Ordinary Shares,Nasdaq,LULD Pause,2026-05-11,09:51:32
2026-05-11,09:45:47,LHAI,Linkhome Holdings Inc. Common stock,Nasdaq,LULD Pause,2026-05-11,09:50:47
2026-05-11,09:41:00,WOK,WORK Medical Technology Group LTD Class A Ordinary Shares,Nasdaq,LULD Pause,2026-05-11,09:46:00
2026-05-11,09:40:41,AIXI,XIAO-I Corporation American Depositary Shares,Nasdaq,LULD Pause,2026-05-11,09:50:41
2026-05-11,09:36:49,LCUT,"""Lifetime Brands, Inc.""",Nasdaq,LULD Pause,2026-05-11,09:41:49
2026-05-11,09:36:44,ODYS,Odysight.ai Inc. Common Stock,Nasdaq,LULD Pause,2026-05-11,09:46:44
2026-05-11,09:35:40,BUUU,BUUU Group Limited Class A Ordinary Share,Nasdaq,LULD Pause,2026-05-11,09:47:29
2026-05-11,09:35:13,LHAI,Linkhome Holdings Inc. Common stock,Nasdaq,LULD Pause,2026-05-11,09:45:13
2026-05-11,09:33:06,PMAX,Powell Max Limited Class A Ordinary Shares,Nasdaq,LULD Pause,2026-05-11,09:43:06
2026-05-11,09:32:57,SMX,SMX (Security Matters) Public Limited Company Ordinary Shares,Nasdaq,LULD Pause,2026-05-11,09:42:57
2026-05-11,09:32:09,COHN,Cohen & Company Inc,NYSE American,LULD Pause,2026-05-11,09:37:09
2026-05-11,09:31:38,CERT,"""Certara, Inc. Common Stock""",Nasdaq,LULD Pause,2026-05-11,09:41:38
2026-05-11,09:31:13,ODYS,Odysight.ai Inc. Common Stock,Nasdaq,LULD Pause,2026-05-11,09:36:13
2026-05-11,09:30:40,WOK,WORK Medical Technology Group LTD Class A Ordinary Shares,Nasdaq,LULD Pause,2026-05-11,09:40:41
2026-05-08,19:50:00,KZR,"""Kezar Life Sciences, Inc. Common Stock""",Nasdaq,News Pending,,
2026-05-08,19:50:00,ASBPW,"""Aspire Biopharma Holdings, Inc. Warrant""",Nasdaq,News Pending,,
2026-05-08,19:50:00,ASBPW,"""Aspire Biopharma Holdings, Inc. Warrant""",Nasdaq,News Pending,2026-05-11,09:05:00
2026-05-08,19:50:00,UDMY,"""Udemy, Inc. Common Stock""",Nasdaq,News Pending,,
2026-05-08,19:50:00,SMXWW,SMX (Security Matters) Public Limited Company Warrant,Nasdaq,News Pending,2026-05-11,09:05:00
2026-05-08,19:50:00,SMXWW,SMX (Security Matters) Public Limited Company Warrant,Nasdaq,News Pending,,
2026-05-08,19:50:00,ASBP,"""Aspire Biopharma Holdings, Inc. Common Stock""",Nasdaq,News Pending,2026-05-11,09:00:00
2026-05-08,19:50:00,ASBP,"""Aspire Biopharma Holdings, Inc. Common Stock""",Nasdaq,News Pending,,
2026-05-08,19:50:00,SMX,SMX (Security Matters) Public Limited Company Ordinary Shares,Nasdaq,News Pending,2026-05-11,09:00:00
2026-05-08,19:50:00,SMX,SMX (Security Matters) Public Limited Company Ordinary Shares,Nasdaq,News Pending,,
2026-05-08,19:50:00,KALA,"""KALA BIO, Inc. Common Stock""",Nasdaq,News Pending,,
2026-05-08,19:50:00,KALA,"""KALA BIO, Inc. Common Stock""",Nasdaq,News Pending,2026-05-11,09:00:00
2026-05-08,19:50:00,AIXI,XIAO-I Corporation American Depositary Shares,Nasdaq,News Pending,2026-05-11,09:00:00
2026-05-08,19:50:00,AIXI,XIAO-I Corporation American Depositary Shares,Nasdaq,News Pending,,
2026-05-08,19:50:00,DKI,DarkIris Inc. Class A Ordinary Shares,Nasdaq,News Pending,,
2026-05-08,19:50:00,DKI,DarkIris Inc. Class A Ordinary Shares,Nasdaq,News Pending,2026-05-11,09:00:00
2026-05-08,15:56:18,MOBI,"""Mobia Medical, Inc. Common Stock""",Nasdaq,LULD Pause,2026-05-08,16:00:00
2026-05-08,15:30:56,AEHL,Antelope Enterprise Holdings Limited Class A Ordinary Shares,Nasdaq,LULD Pause,2026-05-08,15:35:56
2026-05-08,15:03:52,POM,POMDOCTOR LIMITED American Depositary Shares,Nasdaq,LULD Pause,2026-05-08,15:08:52
2026-05-08,14:07:04,WLACU,Willow Lane Acquisition Corp. Unit,Nasdaq,LULD Pause,2026-05-08,14:12:04
2026-05-08,14:02:49,STFS,Star Fashion Culture Holdings Limited Class A Ordinary Shares,Nasdaq,LULD Pause,2026-05-08,14:07:49
2026-05-08,13:42:58,WLACU,Willow Lane Acquisition Corp. Unit,Nasdaq,LULD Pause,2026-05-08,13:47:58
2026-05-08,13:35:05,AEHL,Antelope Enterprise Holdings Limited Class A Ordinary Shares,Nasdaq,LULD Pause,2026-05-08,13:40:05
2026-05-08,13:19:51,AEHL,Antelope Enterprise Holdings Limited Class A Ordinary Shares,Nasdaq,LULD Pause,2026-05-08,13:29:51
2026-05-08,13:14:27,AEHL,Antelope Enterprise Holdings Limited Class A Ordinary Shares,Nasdaq,LULD Pause,2026-05-08,13:19:27
2026-05-08,13:09:33,REPL,"""Replimune Group, Inc.""",Nasdaq,LULD Pause,2026-05-08,13:19:33
2026-05-08,13:08:51,AEHL,Antelope Enterprise Holdings Limited Class A Ordinary Shares,Nasdaq,LULD Pause,2026-05-08,13:13:51
2026-05-08,12:24:12,AEHL,Antelope Enterprise Holdings Limited Class A Ordinary Shares,Nasdaq,LULD Pause,2026-05-08,12:29:12
2026-05-08,12:17:16,AEHL,Antelope Enterprise Holdings Limited Class A Ordinary Shares,Nasdaq,LULD Pause,2026-05-08,12:22:16
2026-05-08,12:11:06,ANPA,Rich Sparkle Holdings Limited Ordinary Shares,Nasdaq,LULD Pause,2026-05-08,12:16:06
2026-05-08,12:06:30,AEHL,Antelope Enterprise Holdings Limited Class A Ordinary Shares,Nasdaq,LULD Pause,2026-05-08,12:16:41
2026-05-08,12:02:13,ANPA,Rich Sparkle Holdings Limited Ordinary Shares,Nasdaq,LULD Pause,2026-05-08,12:07:13
2026-05-08,11:56:14,AEHL,Antelope Enterprise Holdings Limited Class A Ordinary Shares,Nasdaq,LULD Pause,2026-05-08,12:06:14
2026-05-08,11:55:07,ANPA,Rich Sparkle Holdings Limited Ordinary Shares,Nasdaq,LULD Pause,2026-05-08,12:00:07
2026-05-08,11:50:37,AEHL,Antelope Enterprise Holdings Limited Class A Ordinary Shares,Nasdaq,LULD Pause,2026-05-08,11:55:37
2026-05-08,11:49:24,ANPA,Rich Sparkle Holdings Limited Ordinary Shares,Nasdaq,LULD Pause,2026-05-08,11:54:24
2026-05-08,11:48:48,ENHA,Enhanced Group Inc.,NYSE,LULD Pause,2026-05-08,11:53:52
2026-05-08,11:44:28,AEHL,Antelope Enterprise Holdings Limited Class A Ordinary Shares,Nasdaq,LULD Pause,2026-05-08,11:49:28
2026-05-08,11:39:59,RPGL,Republic Power Group Limited Class A Ordinary Shares,Nasdaq,LULD Pause,2026-05-08,11:44:59
2026-05-08,11:39:01,ANPA,Rich Sparkle Holdings Limited Ordinary Shares,Nasdaq,LULD Pause,2026-05-08,11:49:02
2026-05-08,11:36:42,PTLE,PTL LTD Class A Ordinary Shares,Nasdaq,LULD Pause,2026-05-08,11:46:42
2026-05-08,11:32:09,STFS,Star Fashion Culture Holdings Limited Class A Ordinary Shares,Nasdaq,LULD Pause,2026-05-08,11:37:09
2026-05-08,11:31:55,AEHL,Antelope Enterprise Holdings Limited Class A Ordinary Shares,Nasdaq,LULD Pause,2026-05-08,11:41:55
2026-05-08,11:27:34,ANPA,Rich Sparkle Holdings Limited Ordinary Shares,Nasdaq,LULD Pause,2026-05-08,11:37:34
2026-05-08,11:25:40,STFS,Star Fashion Culture Holdings Limited Class A Ordinary Shares,Nasdaq,LULD Pause,2026-05-08,11:30:40
2026-05-08,11:21:32,AEHL,Antelope Enterprise Holdings Limited Class A Ordinary Shares,Nasdaq,LULD Pause,2026-05-08,11:31:32
2026-05-08,11:19:17,STFS,Star Fashion Culture Holdings Limited Class A Ordinary Shares,Nasdaq,LULD Pause,2026-05-08,11:24:17
2026-05-08,11:12:40,STFS,Star Fashion Culture Holdings Limited Class A Ordinary Shares,Nasdaq,LULD Pause,2026-05-08,11:17:40
2026-05-08,11:11:05,AEHL,Antelope Enterprise Holdings Limited Class A Ordinary Shares,Nasdaq,LULD Pause,2026-05-08,11:21:05
2026-05-08,11:06:50,AIIO,Robo.ai Inc. Class B Ordinary Shares,Nasdaq,LULD Pause,2026-05-08,11:11:50
2026-05-08,11:06:01,STFS,Star Fashion Culture Holdings Limited Class A Ordinary Shares,Nasdaq,LULD Pause,2026-05-08,11:11:01
2026-05-08,11:04:56,YMAT,"""J-Star Holding Co., Ltd. Class A Ordinary Shares""",Nasdaq,LULD Pause,2026-05-08,11:09:56
2026-05-08,11:03:04,ATGL,Alpha Technology Group Limited Class A Ordinary Shares,Nasdaq,LULD Pause,2026-05-08,11:08:04
2026-05-08,11:00:47,AEHL,Antelope Enterprise Holdings Limited Class A Ordinary Shares,Nasdaq,LULD Pause,2026-05-08,11:10:47
2026-05-08,10:55:26,STFS,Star Fashion Culture Holdings Limited Class A Ordinary Shares,Nasdaq,LULD Pause,2026-05-08,11:05:26
2026-05-08,10:50:31,AEHL,Antelope Enterprise Holdings Limited Class A Ordinary Shares,Nasdaq,LULD Pause,2026-05-08,11:00:31
2026-05-08,10:43:21,STFS,Star Fashion Culture Holdings Limited Class A Ordinary Shares,Nasdaq,LULD Pause,2026-05-08,10:53:21
2026-05-08,10:40:15,AEHL,Antelope Enterprise Holdings Limited Class A Ordinary Shares,Nasdaq,LULD Pause,2026-05-08,10:50:15
2026-05-08,10:34:55,AEHL,Antelope Enterprise Holdings Limited Class A Ordinary Shares,Nasdaq,LULD Pause,2026-05-08,10:39:55
2026-05-08,10:33:58,PHOE,Phoenix Asia Holdings Limited Ordinary Shares,Nasdaq,LULD Pause,2026-05-08,10:38:58
2026-05-08,10:32:46,STFS,Star Fashion Culture Holdings Limited Class A Ordinary Shares,Nasdaq,LULD Pause,2026-05-08,10:42:46
2026-05-08,10:27:18,OLOX,Olenox Industries Inc. Common Stock,Nasdaq,LULD Pause,2026-05-08,10:32:18
2026-05-08,10:13:56,PHOE,Phoenix Asia Holdings Limited Ordinary Shares,Nasdaq,LULD Pause,2026-05-08,10:18:56
2026-05-08,10:05:31,PHOE,Phoenix Asia Holdings Limited Ordinary Shares,Nasdaq,LULD Pause,2026-05-08,10:10:31
2026-05-08,10:03:18,OLOX,Olenox Industries Inc. Common Stock,Nasdaq,LULD Pause,2026-05-08,10:13:18
2026-05-08,09:57:26,NEPH,Nephros Inc.,Nasdaq,LULD Pause,2026-05-08,10:02:26
2026-05-08,09:55:52,BUUU,BUUU Group Limited Class A Ordinary Share,Nasdaq,LULD Pause,2026-05-08,10:00:52
2026-05-08,09:54:12,PHOE,Phoenix Asia Holdings Limited Ordinary Shares,Nasdaq,LULD Pause,2026-05-08,09:59:12
2026-05-08,09:49:13,AEHL,Antelope Enterprise Holdings Limited Class A Ordinary Shares,Nasdaq,LULD Pause,2026-05-08,09:54:13
2026-05-08,09:48:34,PHOE,Phoenix Asia Holdings Limited Ordinary Shares,Nasdaq,LULD Pause,2026-05-08,09:53:34
2026-05-08,09:43:25,BUUU,BUUU Group Limited Class A Ordinary Share,Nasdaq,LULD Pause,2026-05-08,09:53:25
2026-05-08,09:41:13,STFS,Star Fashion Culture Holdings Limited Class A Ordinary Shares,Nasdaq,LULD Pause,2026-05-08,10:32:22
2026-05-08,09:37:47,RDACU,Rising Dragon Acquisition Corp. Unit,Nasdaq,LULD Pause,2026-05-08,09:42:47
2026-05-08,09:37:15,IBTR,iShares iBonds Dec 2036 Term Treasury ETF,Nasdaq,LULD Pause,2026-05-08,09:47:15
2026-05-08,09:36:44,BUUU,BUUU Group Limited Class A Ordinary Share,Nasdaq,LULD Pause,2026-05-08,09:41:44
2026-05-08,09:36:00,PHOE,Phoenix Asia Holdings Limited Ordinary Shares,Nasdaq,LULD Pause,2026-05-08,09:46:00
2026-05-08,09:34:04,PN,Skycorp Solar Group Limited Ordinary Shares,Nasdaq,LULD Pause,2026-05-08,09:44:04
2026-05-08,09:30:57,NXTS,Nexentis Technologies Inc. Common Stock,Nasdaq,LULD Pause,2026-05-08,09:35:57
2026-05-08,09:30:15,TC,Token Cat Limited American Depositary Shares,Nasdaq,LULD Pause,2026-05-08,09:40:16
2026-05-07,19:50:00,EWCZ,"""European Wax Center, Inc. Class A Common Stock""",Nasdaq,News Pending,,
2026-05-07,19:50:00,OLOX,Olenox Industries Inc. Common Stock,Nasdaq,News Pending,2026-05-08,09:00:00
2026-05-07,19:50:00,OLOX,Olenox Industries Inc. Common Stock,Nasdaq,News Pending,,
2026-05-07,19:50:00,CTLP,"""Cantaloupe, Inc. Common Stock""",Nasdaq,News Pending,,
2026-05-07,19:50:00,BNZI,"""Banzai International, Inc. Class A Common Stock""",Nasdaq,News Pending,2026-05-08,09:00:00
2026-05-07,19:50:00,BNZI,"""Banzai International, Inc. Class A Common Stock""",Nasdaq,News Pending,,
2026-05-07,19:50:00,BNZIW,"""Banzai International, Inc. Warrant""",Nasdaq,News Pending,,
2026-05-07,19:50:00,BNZIW,"""Banzai International, Inc. Warrant""",Nasdaq,News Pending,2026-05-08,09:05:00
2026-05-07,16:30:00,BTBDW,"""BT Brands, Inc. Warrant""",Nasdaq,News Pending,2026-05-07,17:10:00
2026-05-07,16:30:00,BTBD,"""BT Brands, Inc. Common Stock""",Nasdaq,News Pending,2026-05-07,17:05:00
2026-05-07,16:11:50,CLAR,Clarus Corporation Common Stock,Nasdaq,News Pending,2026-05-07,16:45:00
2026-05-07,15:40:48,PHOE,Phoenix Asia Holdings Limited Ordinary Shares,Nasdaq,LULD Pause,2026-05-07,16:00:00
2026-05-07,15:30:39,WFCF,"""Where Food Comes From, Inc. Common Stock""",Nasdaq,LULD Pause,2026-05-07,15:45:19
2026-05-07,15:30:30,ATRA,"""Atara Biotherapeutics, Inc""",Nasdaq,LULD Pause,2026-05-07,15:40:30
2026-05-07,14:53:03,WFCF,"""Where Food Comes From, Inc. Common Stock""",Nasdaq,LULD Pause,2026-05-07,14:58:03
2026-05-07,14:14:30,WFCF,"""Where Food Comes From, Inc. Common Stock""",Nasdaq,LULD Pause,2026-05-07,14:24:30
2026-05-07,14:03:44,ATGL,Alpha Technology Group Limited Class A Ordinary Shares,Nasdaq,LULD Pause,2026-05-07,14:08:44
2026-05-07,13:56:46,WFCF,"""Where Food Comes From, Inc. Common Stock""",Nasdaq,LULD Pause,2026-05-07,14:06:46
2026-05-07,13:12:45,APADU,A Paradise Acquisition Corp. Unit,Nasdaq,LULD Pause,2026-05-07,13:22:46
2026-05-07,13:08:11,WFCF,"""Where Food Comes From, Inc. Common Stock""",Nasdaq,LULD Pause,2026-05-07,13:18:12
2026-05-07,12:40:58,ONEG,OneConstruction Group Limited Ordinary Shares,Nasdaq,LULD Pause,2026-05-07,12:45:58
2026-05-07,12:32:25,ONEG,OneConstruction Group Limited Ordinary Shares,Nasdaq,LULD Pause,2026-05-07,12:37:25
2026-05-07,12:26:30,ONEG,OneConstruction Group Limited Ordinary Shares,Nasdaq,LULD Pause,2026-05-07,12:31:30
2026-05-07,12:24:10,WFCF,"""Where Food Comes From, Inc. Common Stock""",Nasdaq,LULD Pause,2026-05-07,12:34:10
2026-05-07,12:18:32,ONEG,OneConstruction Group Limited Ordinary Shares,Nasdaq,LULD Pause,2026-05-07,12:23:32
2026-05-07,12:14:06,ATRA,"""Atara Biotherapeutics, Inc""",Nasdaq,LULD Pause,2026-05-07,12:19:06
2026-05-07,12:12:11,WFCF,"""Where Food Comes From, Inc. Common Stock""",Nasdaq,LULD Pause,2026-05-07,12:17:11
2026-05-07,12:11:41,ONEG,OneConstruction Group Limited Ordinary Shares,Nasdaq,LULD Pause,2026-05-07,12:16:41
2026-05-07,12:08:54,JLHL,Julong Holding Limited Class A Ordinary Shares,Nasdaq,LULD Pause,2026-05-07,12:13:54
2026-05-07,12:00:58,WFCF,"""Where Food Comes From, Inc. Common Stock""",Nasdaq,LULD Pause,2026-05-07,12:10:58
2026-05-07,11:45:33,SMX,SMX (Security Matters) Public Limited Company Ordinary Shares,Nasdaq,LULD Pause,2026-05-07,11:50:33
2026-05-07,11:37:37,ONEG,OneConstruction Group Limited Ordinary Shares,Nasdaq,LULD Pause,2026-05-07,11:42:37
2026-05-07,11:31:39,ONEG,OneConstruction Group Limited Ordinary Shares,Nasdaq,LULD Pause,2026-05-07,11:36:39
2026-05-07,11:21:34,ATGL,Alpha Technology Group Limited Class A Ordinary Shares,Nasdaq,LULD Pause,2026-05-07,11:26:34
2026-05-07,11:19:29,ONEG,OneConstruction Group Limited Ordinary Shares,Nasdaq,LULD Pause,2026-05-07,11:29:29
2026-05-07,11:14:06,ONEG,OneConstruction Group Limited Ordinary Shares,Nasdaq,LULD Pause,2026-05-07,11:19:06
2026-05-07,10:50:36,ATRA,"""Atara Biotherapeutics, Inc""",Nasdaq,LULD Pause,2026-05-07,10:55:36
2026-05-07,10:48:42,MB,MasterBeef Group Ordinary Shares,Nasdaq,LULD Pause,2026-05-07,10:58:42
2026-05-07,10:42:42,NXTS,Nexentis Technologies Inc. Common Stock,Nasdaq,LULD Pause,2026-05-07,10:47:42
2026-05-07,10:29:17,GDC,GD Culture Group Limited Common Stock,Nasdaq,LULD Pause,2026-05-07,10:34:17
2026-05-07,10:25:47,HWAY,Themes US Infrastructure ETF,Nasdaq,LULD Pause,2026-05-07,10:30:47
2026-05-07,10:18:58,AHT PRI,"""Ashford Hospitality Trust, Inc. 7.50% Series I Cumulative Preferred Stock""",NYSE,LULD Pause,2026-05-07,10:23:59
2026-05-07,10:09:57,AIOS,AIOS Tech Inc. Class A Common Shares,Nasdaq,LULD Pause,2026-05-07,10:19:57
2026-05-07,10:09:00,GDC,GD Culture Group Limited Common Stock,Nasdaq,LULD Pause,2026-05-07,10:14:00
2026-05-07,10:07:58,ONEG,OneConstruction Group Limited Ordinary Shares,Nasdaq,LULD Pause,2026-05-07,10:12:58
2026-05-07,09:53:27,WFCF,"""Where Food Comes From, Inc. Common Stock""",Nasdaq,LULD Pause,2026-05-07,09:58:27
2026-05-07,09:51:30,GDC,GD Culture Group Limited Common Stock,Nasdaq,LULD Pause,2026-05-07,09:56:30
2026-05-07,09:50:36,SSM,Sono Group N.V. Ordinary Shares,Nasdaq,LULD Pause,2026-05-07,09:55:36
2026-05-07,09:46:46,ONEG,OneConstruction Group Limited Ordinary Shares,Nasdaq,LULD Pause,2026-05-07,09:51:46
2026-05-07,09:41:34,GDC,GD Culture Group Limited Common Stock,Nasdaq,LULD Pause,2026-05-07,09:46:34
2026-05-07,09:40:48,ONEG,OneConstruction Group Limited Ordinary Shares,Nasdaq,LULD Pause,2026-05-07,09:45:48
2026-05-07,09:40:13,PLNT,"""Planet Fitness, Inc.""",NYSE,LULD Pause,2026-05-07,09:45:13
2026-05-07,09:39:42,PN,Skycorp Solar Group Limited Ordinary Shares,Nasdaq,LULD Pause,2026-05-07,09:49:42
2026-05-07,09:36:05,GDC,GD Culture Group Limited Common Stock,Nasdaq,LULD Pause,2026-05-07,09:41:05
2026-05-07,09:35:42,APAD,A Paradise Acquisition Corp. Class A Ordinary Shares,Nasdaq,LULD Pause,2026-05-07,09:40:42
2026-05-07,09:35:28,CHSN,Chanson International Holding Class A Ordinary Shares,Nasdaq,LULD Pause,2026-05-07,09:45:28
2026-05-07,09:32:42,GLIBK,"""GCI Liberty, Inc. Series C GCI Group Common Stock""",Nasdaq,LULD Pause,2026-05-07,09:37:42
2026-05-07,09:30:59,PN,Skycorp Solar Group Limited Ordinary Shares,Nasdaq,LULD Pause,2026-05-07,09:35:59
2026-05-07,09:30:43,CVR,Chicago Rivet & Machine Co.,NYSE American,LULD Pause,2026-05-07,09:35:43
2026-05-07,09:30:26,ONEG,OneConstruction Group Limited Ordinary Shares,Nasdaq,LULD Pause,2026-05-07,09:40:26
2026-05-07,09:30:15,AMPU,Defiance Daily Target 2X Long AMPX ETF,Cboe BZX,LULD Pause,2026-05-07,09:45:25
2026-05-07,08:28:20,CTRA,Coterra Energy Inc.,NYSE,Merger Effective,,
2026-05-06,19:50:00,CHSN,Chanson International Holding Class A Ordinary Shares,Nasdaq,News Pending,,
2026-05-06,19:50:00,CHSN,Chanson International Holding Class A Ordinary Shares,Nasdaq,News Pending,2026-05-07,09:00:00
2026-05-06,17:29:07,CCRN,Cross Country Healthcare Inc,Nasdaq,News Pending,2026-05-06,18:05:01
2026-05-06,15:50:19,BUUU,BUUU Group Limited Class A Ordinary Share,Nasdaq,LULD Pause,2026-05-06,16:00:00
2026-05-06,15:49:28,PHOE,Phoenix Asia Holdings Limited Ordinary Shares,Nasdaq,LULD Pause,2026-05-06,16:00:00
2026-05-06,15:36:36,GVH,Globavend Holdings Limited Ordinary Shares,Nasdaq,LULD Pause,2026-05-06,15:41:36
2026-05-06,15:36:23,ONEG,OneConstruction Group Limited Ordinary Shares,Nasdaq,LULD Pause,2026-05-06,16:00:00
2026-05-06,15:28:35,WFCF,"""Where Food Comes From, Inc. Common Stock""",Nasdaq,LULD Pause,2026-05-06,15:38:35
2026-05-06,15:20:40,WFCF,"""Where Food Comes From, Inc. Common Stock""",Nasdaq,LULD Pause,2026-05-06,15:25:40
2026-05-06,15:15:40,GVH,Globavend Holdings Limited Ordinary Shares,Nasdaq,LULD Pause,2026-05-06,15:25:41
2026-05-06,15:08:46,GDC,GD Culture Group Limited Common Stock,Nasdaq,LULD Pause,2026-05-06,15:13:46
2026-05-06,15:08:28,WFCF,"""Where Food Comes From, Inc. Common Stock""",Nasdaq,LULD Pause,2026-05-06,15:18:28
2026-05-06,15:04:59,STFS,Star Fashion Culture Holdings Limited Class A Ordinary Shares,Nasdaq,LULD Pause,2026-05-06,15:09:59
2026-05-06,15:00:26,GDC,GD Culture Group Limited Common Stock,Nasdaq,LULD Pause,2026-05-06,15:05:26
2026-05-06,14:47:13,GVH,Globavend Holdings Limited Ordinary Shares,Nasdaq,LULD Pause,2026-05-06,15:02:36
2026-05-06,14:36:14,GDC,GD Culture Group Limited Common Stock,Nasdaq,LULD Pause,2026-05-06,14:41:14
2026-05-06,14:07:45,CRE,Cre8 Enterprise Limited Class A Ordinary Shares,Nasdaq,LULD Pause,2026-05-06,14:17:46
2026-05-06,14:07:24,STFS,Star Fashion Culture Holdings Limited Class A Ordinary Shares,Nasdaq,LULD Pause,2026-05-06,14:17:24
2026-05-06,14:01:43,STFS,Star Fashion Culture Holdings Limited Class A Ordinary Shares,Nasdaq,LULD Pause,2026-05-06,14:06:43
2026-05-06,14:01:36,GDC,GD Culture Group Limited Common Stock,Nasdaq,LULD Pause,2026-05-06,14:11:37
2026-05-06,13:54:10,GDC,GD Culture Group Limited Common Stock,Nasdaq,LULD Pause,2026-05-06,13:59:10
2026-05-06,13:40:27,GDC,GD Culture Group Limited Common Stock,Nasdaq,LULD Pause,2026-05-06,13:45:27
2026-05-06,13:11:11,PHOE,Phoenix Asia Holdings Limited Ordinary Shares,Nasdaq,LULD Pause,2026-05-06,13:16:11
2026-05-06,13:06:01,GDC,GD Culture Group Limited Common Stock,Nasdaq,LULD Pause,2026-05-06,13:11:01
2026-05-06,13:01:36,STFS,Star Fashion Culture Holdings Limited Class A Ordinary Shares,Nasdaq,LULD Pause,2026-05-06,13:06:36
2026-05-06,12:43:44,STFS,Star Fashion Culture Holdings Limited Class A Ordinary Shares,Nasdaq,LULD Pause,2026-05-06,12:48:44
2026-05-06,12:30:49,STFS,Star Fashion Culture Holdings Limited Class A Ordinary Shares,Nasdaq,LULD Pause,2026-05-06,12:40:49
2026-05-06,12:25:33,STFS,Star Fashion Culture Holdings Limited Class A Ordinary Shares,Nasdaq,LULD Pause,2026-05-06,12:30:33
2026-05-06,12:20:34,DIN,"""Dine Brands Global, Inc.""",NYSE,News Pending,2026-05-06,15:38:35
2026-05-06,12:02:57,CRE,Cre8 Enterprise Limited Class A Ordinary Shares,Nasdaq,LULD Pause,2026-05-06,12:15:20
2026-05-06,11:58:04,PHOE,Phoenix Asia Holdings Limited Ordinary Shares,Nasdaq,LULD Pause,2026-05-06,12:08:04
2026-05-06,11:53:16,CRE,Cre8 Enterprise Limited Class A Ordinary Shares,Nasdaq,LULD Pause,2026-05-06,11:58:16
2026-05-06,11:46:32,ZTEK,Zentek Ltd. Common Stock,Nasdaq,News Pending,2026-05-06,12:30:00
2026-05-06,11:10:06,GDC,GD Culture Group Limited Common Stock,Nasdaq,LULD Pause,2026-05-06,11:15:06
2026-05-06,10:48:14,GDC,GD Culture Group Limited Common Stock,Nasdaq,LULD Pause,2026-05-06,11:03:15
2026-05-06,10:42:45,GDC,GD Culture Group Limited Common Stock,Nasdaq,LULD Pause,2026-05-06,10:47:45
2026-05-06,10:41:05,BNRG,Brenmiller Energy Ltd Ordinary Shares,Nasdaq,LULD Pause,2026-05-06,10:46:05
2026-05-06,10:36:56,GDC,GD Culture Group Limited Common Stock,Nasdaq,LULD Pause,2026-05-06,10:41:56
2026-05-06,10:31:15,GDC,GD Culture Group Limited Common Stock,Nasdaq,LULD Pause,2026-05-06,10:36:15
2026-05-06,10:30:20,ELPW,Elong Power Holding Limited Class A Ordinary Shares,Nasdaq,LULD Pause,2026-05-06,10:35:20
2026-05-06,10:28:56,EUDA,EUDA Health Holdings Limited Ordinary Shares,Nasdaq,LULD Pause,2026-05-06,10:33:56
2026-05-06,10:28:03,EZGO,EZGO Technologies Ltd. Ordinary Shares,Nasdaq,LULD Pause,2026-05-06,10:33:03
2026-05-06,10:25:03,BRKRP,"""Bruker Corporation 6.375% Mandatory Convertible Preferred Stock, Series A""",Nasdaq,LULD Pause,2026-05-06,10:30:03
2026-05-06,10:23:33,BNRG,Brenmiller Energy Ltd Ordinary Shares,Nasdaq,LULD Pause,2026-05-06,10:33:33
2026-05-06,10:23:12,EUDA,EUDA Health Holdings Limited Ordinary Shares,Nasdaq,LULD Pause,2026-05-06,10:28:12
2026-05-06,10:20:32,GDC,GD Culture Group Limited Common Stock,Nasdaq,LULD Pause,2026-05-06,10:30:32
2026-05-06,10:18:08,EZGO,EZGO Technologies Ltd. Ordinary Shares,Nasdaq,LULD Pause,2026-05-06,10:23:08
2026-05-06,10:17:54,ELPW,Elong Power Holding Limited Class A Ordinary Shares,Nasdaq,LULD Pause,2026-05-06,10:27:54
2026-05-06,10:15:58,EUDA,EUDA Health Holdings Limited Ordinary Shares,Nasdaq,LULD Pause,2026-05-06,10:20:58
2026-05-06,10:14:27,GDC,GD Culture Group Limited Common Stock,Nasdaq,LULD Pause,2026-05-06,10:19:27
2026-05-06,10:12:26,ELPW,Elong Power Holding Limited Class A Ordinary Shares,Nasdaq,LULD Pause,2026-05-06,10:17:26
2026-05-06,10:09:34,EUDA,EUDA Health Holdings Limited Ordinary Shares,Nasdaq,LULD Pause,2026-05-06,10:14:34
2026-05-06,10:08:54,GDC,GD Culture Group Limited Common Stock,Nasdaq,LULD Pause,2026-05-06,10:13:54
2026-05-06,10:06:21,BNRG,Brenmiller Energy Ltd Ordinary Shares,Nasdaq,LULD Pause,2026-05-06,10:20:04
2026-05-06,10:03:23,PHOE,Phoenix Asia Holdings Limited Ordinary Shares,Nasdaq,LULD Pause,2026-05-06,10:08:23
2026-05-06,10:00:29,EZGO,EZGO Technologies Ltd. Ordinary Shares,Nasdaq,LULD Pause,2026-05-06,10:05:29
2026-05-06,09:59:15,AKAN,Akanda Corp. Common Shares,Nasdaq,LULD Pause,2026-05-06,10:04:15
2026-05-06,09:55:02,EUDA,EUDA Health Holdings Limited Ordinary Shares,Nasdaq,LULD Pause,2026-05-06,10:05:03
2026-05-06,09:51:39,GDC,GD Culture Group Limited Common Stock,Nasdaq,LULD Pause,2026-05-06,10:08:23
2026-05-06,09:51:10,PHOE,Phoenix Asia Holdings Limited Ordinary Shares,Nasdaq,LULD Pause,2026-05-06,10:01:10
2026-05-06,09:50:34,EZGO,EZGO Technologies Ltd. Ordinary Shares,Nasdaq,LULD Pause,2026-05-06,09:55:34
2026-05-06,09:47:49,EGGQ,NestYield Visionary ETF,Nasdaq,LULD Pause,2026-05-06,09:57:49
2026-05-06,09:44:22,EUDA,EUDA Health Holdings Limited Ordinary Shares,Nasdaq,LULD Pause,2026-05-06,09:54:23
2026-05-06,09:42:41,EZGO,EZGO Technologies Ltd. Ordinary Shares,Nasdaq,LULD Pause,2026-05-06,09:47:41
2026-05-06,09:39:02,FFDI,Fidelity Fundamental Developed International ETF,Cboe BZX,LULD Pause,2026-05-06,09:44:02
2026-05-06,09:35:30,HLXX,Tradr 2X Long HL Daily ETF,Cboe BZX,LULD Pause,2026-05-06,09:40:30
2026-05-06,09:35:18,PAAU,T-REX 2X Long PAAS Daily Target ETF,Cboe BZX,LULD Pause,2026-05-06,09:40:18
2026-05-06,09:34:45,ERNA,Ernexa Therapeutics Inc. Common Stock,Nasdaq,LULD Pause,2026-05-06,09:39:45
2026-05-06,09:34:02,EUDA,EUDA Health Holdings Limited Ordinary Shares,Nasdaq,LULD Pause,2026-05-06,09:44:03
2026-05-06,09:30:32,PN,Skycorp Solar Group Limited Ordinary Shares,Nasdaq,LULD Pause,2026-05-06,09:35:32
2026-05-06,09:30:16,CPNX,Tradr 2X Long CPNG Daily ETF,Cboe BZX,LULD Pause,2026-05-06,09:35:16
2026-05-06,09:30:16,ARMW,Roundhill ARM WeeklyPay ETF,Cboe BZX,LULD Pause,2026-05-06,09:35:16
2026-05-06,09:03:17,PKST,Peakstone Realty Trust,NYSE,Merger Effective,,
2026-05-05,19:50:00,MIMI,Mint Incorporation Limited Class A Ordinary Shares,Nasdaq,News Pending,,
2026-05-05,19:50:00,MIMI,Mint Incorporation Limited Class A Ordinary Shares,Nasdaq,News Pending,2026-05-06,09:00:00
2026-05-05,17:55:00,BWEN,"""Broadwind, Inc. Common Stock""",Nasdaq,News Pending,2026-05-05,18:30:00
2026-05-05,15:52:53,GDC,GD Culture Group Limited Common Stock,Nasdaq,LULD Pause,2026-05-05,16:00:00
2026-05-05,15:41:59,GDC,GD Culture Group Limited Common Stock,Nasdaq,LULD Pause,2026-05-05,15:46:59
2026-05-05,15:41:12,PHOE,Phoenix Asia Holdings Limited Ordinary Shares,Nasdaq,LULD Pause,2026-05-05,16:00:00
2026-05-05,15:29:52,PN,Skycorp Solar Group Limited Ordinary Shares,Nasdaq,LULD Pause,2026-05-05,15:34:52
2026-05-05,15:28:18,PHOE,Phoenix Asia Holdings Limited Ordinary Shares,Nasdaq,LULD Pause,2026-05-05,15:38:19
2026-05-05,15:16:45,APUS,"""Apimeds Pharmaceuticals US, Inc.""",NYSE American,LULD Pause,2026-05-05,15:26:46
2026-05-05,15:11:48,PHOE,Phoenix Asia Holdings Limited Ordinary Shares,Nasdaq,LULD Pause,2026-05-05,15:21:48
2026-05-05,15:02:36,APUS,"""Apimeds Pharmaceuticals US, Inc.""",NYSE American,LULD Pause,2026-05-05,15:07:36
2026-05-05,14:07:19,APUS,"""Apimeds Pharmaceuticals US, Inc.""",NYSE American,LULD Pause,2026-05-05,15:02:19
2026-05-05,14:07:03,PHOE,Phoenix Asia Holdings Limited Ordinary Shares,Nasdaq,LULD Pause,2026-05-05,15:10:51
2026-05-05,14:00:30,ONEG,OneConstruction Group Limited Ordinary Shares,Nasdaq,LULD Pause,2026-05-05,14:15:30
2026-05-05,13:43:08,AIZN,"""Assurant, Inc. 5.25% Subordinated Notes due 2061""",NYSE,News Pending,2026-05-05,14:20:04
2026-05-05,13:43:08,AIZ,"""Assurant, Inc.""",NYSE,News Pending,2026-05-05,14:19:44
2026-05-05,13:33:12,INLF,INLIF LIMITED Class A Ordinary Shares,Nasdaq,LULD Pause,2026-05-05,13:43:12
2026-05-05,13:19:57,INLF,INLIF LIMITED Class A Ordinary Shares,Nasdaq,LULD Pause,2026-05-05,13:24:57
2026-05-05,13:14:37,INLF,INLIF LIMITED Class A Ordinary Shares,Nasdaq,LULD Pause,2026-05-05,13:19:37
2026-05-05,13:05:34,PHOE,Phoenix Asia Holdings Limited Ordinary Shares,Nasdaq,LULD Pause,2026-05-05,14:06:16
2026-05-05,12:45:32,CRE,Cre8 Enterprise Limited Class A Ordinary Shares,Nasdaq,LULD Pause,2026-05-05,12:50:32
2026-05-05,12:43:56,PN,Skycorp Solar Group Limited Ordinary Shares,Nasdaq,LULD Pause,2026-05-05,12:48:56
2026-05-05,12:26:08,SSM,Sono Group N.V. Ordinary Shares,Nasdaq,LULD Pause,2026-05-05,12:31:08
2026-05-05,12:16:43,PN,Skycorp Solar Group Limited Ordinary Shares,Nasdaq,LULD Pause,2026-05-05,12:26:43
2026-05-05,12:14:01,SSM,Sono Group N.V. Ordinary Shares,Nasdaq,LULD Pause,2026-05-05,12:24:01
2026-05-05,12:08:38,SSM,Sono Group N.V. Ordinary Shares,Nasdaq,LULD Pause,2026-05-05,12:13:38
2026-05-05,12:01:56,INLF,INLIF LIMITED Class A Ordinary Shares,Nasdaq,LULD Pause,2026-05-05,12:11:56
2026-05-05,11:58:18,SSM,Sono Group N.V. Ordinary Shares,Nasdaq,LULD Pause,2026-05-05,12:08:18
2026-05-05,11:45:18,SMJF,SMJ International Holdings Inc.,NYSE American,LULD Pause,2026-05-05,11:50:18
2026-05-05,11:42:16,PN,Skycorp Solar Group Limited Ordinary Shares,Nasdaq,LULD Pause,2026-05-05,11:47:16
2026-05-05,11:31:50,PN,Skycorp Solar Group Limited Ordinary Shares,Nasdaq,LULD Pause,2026-05-05,11:41:50
2026-05-05,11:30:18,AIOS,AIOS Tech Inc. Class A Common Shares,Nasdaq,LULD Pause,2026-05-05,11:35:18
2026-05-05,11:24:23,AFJK,"""Aimei Health Technology Co., Ltd Ordinary Share""",Nasdaq,LULD Pause,2026-05-05,11:29:23
2026-05-05,11:06:52,PN,Skycorp Solar Group Limited Ordinary Shares,Nasdaq,LULD Pause,2026-05-05,11:31:22
2026-05-05,10:56:30,PN,Skycorp Solar Group Limited Ordinary Shares,Nasdaq,LULD Pause,2026-05-05,11:06:30
2026-05-05,10:55:49,AIOS,AIOS Tech Inc. Class A Common Shares,Nasdaq,LULD Pause,2026-05-05,11:00:49
2026-05-05,10:41:29,AIOS,AIOS Tech Inc. Class A Common Shares,Nasdaq,LULD Pause,2026-05-05,10:51:29
2026-05-05,10:35:52,AIOS,AIOS Tech Inc. Class A Common Shares,Nasdaq,LULD Pause,2026-05-05,10:40:52
2026-05-05,10:27:45,AIOS,AIOS Tech Inc. Class A Common Shares,Nasdaq,LULD Pause,2026-05-05,10:32:45
2026-05-05,10:19:09,UK,Ucommune International Ltd Ordinary Shares,Nasdaq,LULD Pause,2026-05-05,10:24:09
2026-05-05,10:17:33,SKK,SKK Holdings Limited Class A Ordinary Shares,Nasdaq,LULD Pause,2026-05-05,10:22:33
2026-05-05,10:17:26,AIOS,AIOS Tech Inc. Class A Common Shares,Nasdaq,LULD Pause,2026-05-05,10:27:26
2026-05-05,10:12:07,AIOS,AIOS Tech Inc. Class A Common Shares,Nasdaq,LULD Pause,2026-05-05,10:17:07
2026-05-05,10:08:07,UK,Ucommune International Ltd Ordinary Shares,Nasdaq,LULD Pause,2026-05-05,10:18:08
2026-05-05,10:04:59,SKK,SKK Holdings Limited Class A Ordinary Shares,Nasdaq,LULD Pause,2026-05-05,10:14:59
2026-05-05,09:54:19,SKK,SKK Holdings Limited Class A Ordinary Shares,Nasdaq,LULD Pause,2026-05-05,10:04:19
2026-05-05,09:53:22,PHOE,Phoenix Asia Holdings Limited Ordinary Shares,Nasdaq,LULD Pause,2026-05-05,09:58:22
2026-05-05,09:53:11,GDC,GD Culture Group Limited Common Stock,Nasdaq,LULD Pause,2026-05-05,09:58:11
2026-05-05,09:52:49,UK,Ucommune International Ltd Ordinary Shares,Nasdaq,LULD Pause,2026-05-05,10:07:50
2026-05-05,09:47:27,UK,Ucommune International Ltd Ordinary Shares,Nasdaq,LULD Pause,2026-05-05,09:52:27
2026-05-05,09:47:14,SKK,SKK Holdings Limited Class A Ordinary Shares,Nasdaq,LULD Pause,2026-05-05,09:52:14
2026-05-05,09:41:39,AIOS,AIOS Tech Inc. Class A Common Shares,Nasdaq,LULD Pause,2026-05-05,10:11:47
2026-05-05,09:41:02,SKK,SKK Holdings Limited Class A Ordinary Shares,Nasdaq,LULD Pause,2026-05-05,09:46:02
2026-05-05,09:39:55,GIG,GigCapital7 Corp. Class A Ordinary Share,Nasdaq,LULD Pause,2026-05-05,09:44:55
2026-05-05,09:39:54,NVOH,Novo Nordisk A/S (B Shares) ADRhedged,NYSE Arca,LULD Pause,2026-05-05,09:44:54
2026-05-05,09:37:23,BRBR,"""BellRing Brands, Inc.""",NYSE,LULD Pause,2026-05-05,09:42:31
2026-05-05,09:36:19,VEEE,Twin Vee PowerCats Co. Common Stock,Nasdaq,LULD Pause,2026-05-05,09:46:19
2026-05-05,09:34:17,GDC,GD Culture Group Limited Common Stock,Nasdaq,LULD Pause,2026-05-05,09:44:17
2026-05-05,09:32:56,CHRN,ChronoScale Corporation Common Stock,Nasdaq,LULD Pause,2026-05-05,09:37:56
2026-05-05,09:31:48,UK,Ucommune International Ltd Ordinary Shares,Nasdaq,LULD Pause,2026-05-05,09:46:49
2026-05-05,09:30:16,ATGL,Alpha Technology Group Limited Class A Ordinary Shares,Nasdaq,LULD Pause,2026-05-05,09:35:16
2026-05-05,07:25:00,GDC,GD Culture Group Limited Common Stock,Nasdaq,News Pending,2026-05-05,08:05:00
2026-05-05,07:25:00,FSEA,"""First Seacoast Bancorp, Inc. Common Stock""",Nasdaq,News Pending,2026-05-05,08:05:01
2026-05-05,06:55:00,VRDN,"""Viridian Therapeutics, Inc. Common Stock""",Nasdaq,News Pending,2026-05-05,07:30:00
2026-05-04,19:50:00,CRCG,Leverage Shares 2X Long CRCL Daily ETF,Nasdaq,News Pending,2026-05-05,09:00:00
2026-05-04,19:50:00,CRCG,Leverage Shares 2X Long CRCL Daily ETF,Nasdaq,News Pending,,
2026-05-04,19:50:00,BAIG,Leverage Shares 2X Long BBAI Daily ETF,Nasdaq,News Pending,,
2026-05-04,19:50:00,BAIG,Leverage Shares 2X Long BBAI Daily ETF,Nasdaq,News Pending,2026-05-05,09:00:00
2026-05-04,19:50:00,CRWG,Leverage Shares 2X Long CRWV Daily ETF,Nasdaq,News Pending,2026-05-05,09:00:00
2026-05-04,19:50:00,CRWG,Leverage Shares 2X Long CRWV Daily ETF,Nasdaq,News Pending,,
2026-05-04,19:50:00,TERN,"""Terns Pharmaceuticals, Inc. Common Stock""",Nasdaq,News Pending,,
2026-05-04,19:50:00,BMNG,Leverage Shares 2X Long BMNR Daily ETF,Nasdaq,News Pending,2026-05-05,09:00:00
2026-05-04,19:50:00,BMNG,Leverage Shares 2X Long BMNR Daily ETF,Nasdaq,News Pending,,
2026-05-04,19:50:00,FIGG,Leverage Shares 2x Long FIG Daily ETF,Nasdaq,News Pending,,
2026-05-04,19:50:00,FIGG,Leverage Shares 2x Long FIG Daily ETF,Nasdaq,News Pending,2026-05-05,09:00:00
2026-05-04,19:50:00,FARM,Farmer Bros Co,Nasdaq,News Pending,,
2026-05-04,19:50:00,DUOG,Leverage Shares 2X Long DUOL Daily ETF,Nasdaq,News Pending,,
2026-05-04,19:50:00,DUOG,Leverage Shares 2X Long DUOL Daily ETF,Nasdaq,News Pending,2026-05-05,09:00:00
2026-05-04,15:49:09,SSM,Sono Group N.V. Ordinary Shares,Nasdaq,LULD Pause,2026-05-04,16:00:00
2026-05-04,15:48:13,JLHL,Julong Holding Limited Class A Ordinary Shares,Nasdaq,LULD Pause,2026-05-04,16:00:00
2026-05-04,15:40:06,SSM,Sono Group N.V. Ordinary Shares,Nasdaq,LULD Pause,2026-05-04,15:45:06
2026-05-04,15:25:26,GDHG,Golden Heaven Group Holdings Ltd. Class A Ordinary Shares,Nasdaq,LULD Pause,2026-05-04,15:30:26
2026-05-04,15:22:01,SSM,Sono Group N.V. Ordinary Shares,Nasdaq,LULD Pause,2026-05-04,15:32:01
2026-05-04,15:12:54,ELPW,Elong Power Holding Limited Class A Ordinary Shares,Nasdaq,LULD Pause,2026-05-04,15:17:54
2026-05-04,15:09:22,GDHG,Golden Heaven Group Holdings Ltd. Class A Ordinary Shares,Nasdaq,LULD Pause,2026-05-04,15:23:50
2026-05-04,15:07:01,APADU,A Paradise Acquisition Corp. Unit,Nasdaq,LULD Pause,2026-05-04,15:22:02
2026-05-04,14:57:55,MBSX,Regan Fixed Rate MBS ETF,NYSE Arca,LULD Pause,2026-05-04,15:02:55
2026-05-04,14:50:38,JLHL,Julong Holding Limited Class A Ordinary Shares,Nasdaq,LULD Pause,2026-05-04,15:00:38
2026-05-04,14:43:54,SSM,Sono Group N.V. Ordinary Shares,Nasdaq,LULD Pause,2026-05-04,14:53:54
2026-05-04,14:04:12,HCAI,"""Huachen AI Parking Management Technology Holding Co., Ltd. Ordinary Shares""",Nasdaq,LULD Pause,2026-05-04,14:09:12
2026-05-04,13:49:13,HCAI,"""Huachen AI Parking Management Technology Holding Co., Ltd. Ordinary Shares""",Nasdaq,LULD Pause,2026-05-04,13:59:13
2026-05-04,13:45:06,JLHL,Julong Holding Limited Class A Ordinary Shares,Nasdaq,LULD Pause,2026-05-04,13:55:07
2026-05-04,13:35:47,HCAI,"""Huachen AI Parking Management Technology Holding Co., Ltd. Ordinary Shares""",Nasdaq,LULD Pause,2026-05-04,13:40:47
2026-05-04,13:28:59,HCAI,"""Huachen AI Parking Management Technology Holding Co., Ltd. Ordinary Shares""",Nasdaq,LULD Pause,2026-05-04,13:33:59
2026-05-04,13:27:17,CUE,"""Cue Biopharma, Inc.""",Nasdaq,LULD Pause,2026-05-04,13:32:17
2026-05-04,13:18:42,CLRO,"""ClearOne, Inc. Common Stock""",Nasdaq,LULD Pause,2026-05-04,13:23:42
2026-05-04,12:58:33,SKK,SKK Holdings Limited Class A Ordinary Shares,Nasdaq,LULD Pause,2026-05-04,13:08:33
2026-05-04,12:51:54,SKK,SKK Holdings Limited Class A Ordinary Shares,Nasdaq,LULD Pause,2026-05-04,12:56:54
2026-05-04,12:27:24,SKK,SKK Holdings Limited Class A Ordinary Shares,Nasdaq,LULD Pause,2026-05-04,12:50:55
2026-05-04,11:53:25,AKAN,Akanda Corp. Common Shares,Nasdaq,LULD Pause,2026-05-04,11:58:25
2026-05-04,11:51:17,GAINN,Gladstone Investment Corporation 5.00% Notes Due 2026,Nasdaq,News Pending,,
2026-05-04,11:47:02,SKK,SKK Holdings Limited Class A Ordinary Shares,Nasdaq,LULD Pause,2026-05-04,12:27:03
2026-05-04,11:23:56,CCM,Concord Medical Services Holding Limited,NYSE,LULD Pause,2026-05-04,11:29:04
2026-05-04,11:15:14,ARKR,Ark Restaurants Corp,Nasdaq,LULD Pause,2026-05-04,11:20:14
2026-05-04,11:06:37,CCM,Concord Medical Services Holding Limited,NYSE,LULD Pause,2026-05-04,11:11:48
2026-05-04,10:57:38,CCM,Concord Medical Services Holding Limited,NYSE,LULD Pause,2026-05-04,11:03:00
2026-05-04,10:51:28,CCM,Concord Medical Services Holding Limited,NYSE,LULD Pause,2026-05-04,10:57:00
2026-05-04,10:50:15,ELPW,Elong Power Holding Limited Class A Ordinary Shares,Nasdaq,LULD Pause,2026-05-04,10:55:15
2026-05-04,10:48:52,PODC,"""PodcastOne, Inc. Common Stock""",Nasdaq,LULD Pause,2026-05-04,10:53:52
2026-05-04,10:45:34,CCM,Concord Medical Services Holding Limited,NYSE,LULD Pause,2026-05-04,10:50:52
2026-05-04,10:39:31,CCM,Concord Medical Services Holding Limited,NYSE,LULD Pause,2026-05-04,10:44:48
2026-05-04,10:33:54,CCM,Concord Medical Services Holding Limited,NYSE,LULD Pause,2026-05-04,10:38:59
2026-05-04,10:15:21,SKK,SKK Holdings Limited Class A Ordinary Shares,Nasdaq,LULD Pause,2026-05-04,11:45:54
2026-05-04,10:13:10,WSO B,"""Watsco, Inc. Class B""",NYSE,LULD Pause,2026-05-04,10:18:10
2026-05-04,10:09:43,HTCO,High-Trend International Group Class A Ordinary Shares,Nasdaq,LULD Pause,2026-05-04,10:14:43
2026-05-04,10:05:20,EEIQ,EpicQuest Education Group International Limited Common Stock,Nasdaq,LULD Pause,2026-05-04,10:10:20
2026-05-04,10:02:15,NCEW,New Century Logistics (BVI) Limited Ordinary Shares,Nasdaq,LULD Pause,2026-05-04,10:07:15
2026-05-04,09:59:02,HTCO,High-Trend International Group Class A Ordinary Shares,Nasdaq,LULD Pause,2026-05-04,10:09:02
2026-05-04,09:58:52,ELPW,Elong Power Holding Limited Class A Ordinary Shares,Nasdaq,LULD Pause,2026-05-04,10:03:52
2026-05-04,09:55:53,EEIQ,EpicQuest Education Group International Limited Common Stock,Nasdaq,LULD Pause,2026-05-04,10:00:53
2026-05-04,09:48:09,HTCO,High-Trend International Group Class A Ordinary Shares,Nasdaq,LULD Pause,2026-05-04,09:58:39
2026-05-04,09:47:34,EEIQ,EpicQuest Education Group International Limited Common Stock,Nasdaq,LULD Pause,2026-05-04,09:52:34
2026-05-04,09:46:39,GDEV,GDEV Inc. Ordinary Shares,Nasdaq,LULD Pause,2026-05-04,09:51:39
2026-05-04,09:46:22,XNDU,Xanadu Quantum Technologies Limited Class B Subordinate Voting Shares,Nasdaq,LULD Pause,2026-05-04,09:51:22
2026-05-04,09:43:52,ATIIU,Archimedes Tech SPAC Partners II Co. Unit,Nasdaq,LULD Pause,2026-05-04,09:48:52
2026-05-04,09:36:36,EEIQ,EpicQuest Education Group International Limited Common Stock,Nasdaq,LULD Pause,2026-05-04,09:46:36
2026-05-04,09:36:28,ELPW,Elong Power Holding Limited Class A Ordinary Shares,Nasdaq,LULD Pause,2026-05-04,09:46:28
2026-05-04,09:31:57,RDAC,Rising Dragon Acquisition Corp. Ordinary Shares,Nasdaq,LULD Pause,2026-05-04,09:41:57
2026-05-04,09:31:33,ORKT,Orangekloud Technology Inc. Class A Ordinary Shares,Nasdaq,LULD Pause,2026-05-04,09:36:33
2026-05-04,09:30:20,ZBAI,ATIF Holdings Limited Ordinary Shares,Nasdaq,LULD Pause,2026-05-04,09:35:20
2026-05-04,07:52:41,PATK,Patrick Industries Inc,Nasdaq,News Pending,2026-05-04,08:30:00
2026-05-04,07:42:21,LCII,LCI Industries,NYSE,News Pending,2026-05-04,08:12:00
2026-05-01,19:50:00,UHGWW,"""United Homes Group, Inc. Warrant""",Nasdaq,News pending,,
2026-05-01,19:50:00,UHGWW,"""United Homes Group, Inc. Warrant""",Nasdaq,News Pending,,
2026-05-01,19:50:00,UHG,"""United Homes Group, Inc Class A Common Stock""",Nasdaq,News Pending,,
2026-05-01,19:50:00,UHG,"""United Homes Group, Inc Class A Common Stock""",Nasdaq,News pending,,
2026-05-01,19:50:00,TRI,Thomson Reuters Corporation Common Shares,Nasdaq,News pending,,
2026-05-01,19:50:00,TRI,Thomson Reuters Corporation Common Shares,Nasdaq,News Pending,2026-05-04,09:00:00
2026-05-01,19:50:00,VEEE,Twin Vee PowerCats Co. Common Stock,Nasdaq,News Pending,2026-05-04,09:00:00
2026-05-01,19:50:00,VEEE,Twin Vee PowerCats Co. Common Stock,Nasdaq,News pending,,
2026-05-01,19:50:00,ERNAW,Ernexa Therapeutics Inc. Warrants,Nasdaq,News pending,,
2026-05-01,19:50:00,ERNAW,Ernexa Therapeutics Inc. Warrants,Nasdaq,News Pending,2026-05-04,09:05:00
2026-05-01,19:50:00,FCHL,Fitness Champs Holdings Limited Common Stock,Nasdaq,News pending,,
2026-05-01,19:50:00,FCHL,Fitness Champs Holdings Limited Common Stock,Nasdaq,News Pending,2026-05-04,09:00:00
2026-05-01,19:50:00,INHD,Inno Holdings Inc. Common Stock,Nasdaq,News Pending,2026-05-04,09:00:00
2026-05-01,19:50:00,INHD,Inno Holdings Inc. Common Stock,Nasdaq,News pending,,
2026-05-01,19:50:00,ERNA,Ernexa Therapeutics Inc. Common Stock,Nasdaq,News Pending,2026-05-04,09:00:00
2026-05-01,19:50:00,ERNA,Ernexa Therapeutics Inc. Common Stock,Nasdaq,News pending,,
2026-05-01,16:25:00,BPACU,Blueport Acquisition Ltd Units,Nasdaq,News pending,2026-05-01,17:10:00
2026-05-01,16:25:00,BPACR,Blueport Acquisition Ltd Rights,Nasdaq,News pending,2026-05-01,17:10:00
2026-05-01,16:25:00,BPAC,Blueport Acquisition Ltd Class A Ordinary Shares,Nasdaq,News pending,2026-05-01,17:05:00
2026-05-01,16:01:00,ORGNW,"""Origin Materials, Inc. Warrants""",Nasdaq,News pending,2026-05-01,16:40:00
2026-05-01,16:01:00,ORGN,"""Origin Materials, Inc. Common Stock""",Nasdaq,News pending,2026-05-01,16:35:00
2026-05-01,16:00:10,REE,REE Automotive Ltd. Class A Ordinary Shares,Nasdaq,News pending,2026-05-01,16:30:00
2026-05-01,16:00:10,CELC,Celcuity Inc. Common Stock,Nasdaq,News pending,2026-05-01,17:20:00
2026-05-01,15:32:11,AIOS,AIOS Tech Inc. Class A Common Shares,Nasdaq,LULD pause,2026-05-01,15:42:11
2026-05-01,15:29:23,WTO,UTime Limited Class A Ordinary Shares,Nasdaq,LULD pause,2026-05-01,15:34:23
2026-05-01,15:00:25,KXIN,Kaixin Holdings Ordinary Shares,Nasdaq,LULD pause,2026-05-01,15:05:25
2026-05-01,14:11:57,UONEK,"""Urban One, Inc. Class D Common Stock""",Nasdaq,LULD pause,2026-05-01,14:16:57
2026-05-01,14:07:35,GLED U,"""GalaxyEdge Acquisition Corporation Units, each consisting of one Ordinary Share and one Right entitling the holder to receive 1/4th of one ordinary sh""",NYSE,News pending,2026-05-01,16:22:17
2026-05-01,14:07:35,GLED,GalaxyEdge Acquisition Corporation,NYSE,News pending,2026-05-01,16:22:17
2026-05-01,14:07:35,GLED RT,GalaxyEdge Acquisition Corporation Rights to receive one-fourth (1/4) of one ordinary share,NYSE,News pending,2026-05-01,16:22:17
2026-05-01,13:52:37,AKAN,Akanda Corp. Common Shares,Nasdaq,LULD pause,2026-05-01,13:57:37
2026-05-01,13:35:22,JFU,9F Inc. American Depositary Shares,Nasdaq,LULD pause,2026-05-01,13:40:22
2026-05-01,13:07:55,WLACU,Willow Lane Acquisition Corp. Unit,Nasdaq,LULD pause,2026-05-01,13:17:55
2026-05-01,13:06:27,UONEK,"""Urban One, Inc. Class D Common Stock""",Nasdaq,LULD pause,2026-05-01,13:11:27
2026-05-01,12:59:41,UONEK,"""Urban One, Inc. Class D Common Stock""",Nasdaq,LULD pause,2026-05-01,13:04:41
2026-05-01,12:51:43,UONEK,"""Urban One, Inc. Class D Common Stock""",Nasdaq,LULD pause,2026-05-01,12:56:43
2026-05-01,12:41:58,UONEK,"""Urban One, Inc. Class D Common Stock""",Nasdaq,LULD pause,2026-05-01,12:46:58
2026-05-01,12:36:33,UONEK,"""Urban One, Inc. Class D Common Stock""",Nasdaq,LULD pause,2026-05-01,12:41:33
2026-05-01,12:25:23,JFU,9F Inc. American Depositary Shares,Nasdaq,LULD pause,2026-05-01,12:30:23
2026-05-01,12:21:37,UONEK,"""Urban One, Inc. Class D Common Stock""",Nasdaq,LULD pause,2026-05-01,12:31:38
2026-05-01,11:47:28,AIOS,AIOS Tech Inc. Class A Common Shares,Nasdaq,LULD pause,2026-05-01,11:52:28
2026-05-01,11:39:15,RYOJ,"""rYojbaba Co., Ltd. Common Shares""",Nasdaq,LULD pause,2026-05-01,11:44:15
2026-05-01,11:30:08,RDACU,Rising Dragon Acquisition Corp. Unit,Nasdaq,LULD pause,2026-05-01,11:45:09
2026-05-01,11:22:46,ARVN,"""Arvinas, Inc""",Nasdaq,News pending,2026-05-01,13:05:00
2026-05-01,11:20:43,AIOS,AIOS Tech Inc. Class A Common Shares,Nasdaq,LULD pause,2026-05-01,11:25:43
2026-05-01,11:18:52,AKAN,Akanda Corp. Common Shares,Nasdaq,LULD pause,2026-05-01,11:23:52
2026-05-01,11:09:51,AIOS,AIOS Tech Inc. Class A Common Shares,Nasdaq,LULD pause,2026-05-01,11:19:51
2026-05-01,11:04:25,AIOS,AIOS Tech Inc. Class A Common Shares,Nasdaq,LULD pause,2026-05-01,11:09:25
2026-05-01,10:53:57,AIOS,AIOS Tech Inc. Class A Common Shares,Nasdaq,LULD pause,2026-05-01,11:03:57
2026-05-01,10:48:32,AIOS,AIOS Tech Inc. Class A Common Shares,Nasdaq,LULD pause,2026-05-01,10:53:32
2026-05-01,10:42:49,AIOS,AIOS Tech Inc. Class A Common Shares,Nasdaq,LULD pause,2026-05-01,10:47:49
2026-05-01,10:31:09,AIOS,AIOS Tech Inc. Class A Common Shares,Nasdaq,LULD pause,2026-05-01,10:41:09
2026-05-01,10:20:16,AIOS,AIOS Tech Inc. Class A Common Shares,Nasdaq,LULD pause,2026-05-01,10:30:16
2026-05-01,10:10:22,AKAN,Akanda Corp. Common Shares,Nasdaq,LULD pause,2026-05-01,10:15:22
2026-05-01,10:06:16,AIOS,AIOS Tech Inc. Class A Common Shares,Nasdaq,LULD pause,2026-05-01,10:16:16
2026-05-01,09:58:40,AIOS,AIOS Tech Inc. Class A Common Shares,Nasdaq,LULD pause,2026-05-01,10:03:40
2026-05-01,09:48:58,TLIH,Ten-League International Holdings Limited Ordinary Shares,Nasdaq,LULD pause,2026-05-01,09:53:58
2026-05-01,09:47:33,AIOS,AIOS Tech Inc. Class A Common Shares,Nasdaq,LULD pause,2026-05-01,09:57:33
2026-05-01,09:43:38,TLIH,Ten-League International Holdings Limited Ordinary Shares,Nasdaq,LULD pause,2026-05-01,09:48:38
2026-05-01,09:43:17,AKAN,Akanda Corp. Common Shares,Nasdaq,LULD pause,2026-05-01,09:48:17
2026-05-01,09:37:06,RYOJ,"""rYojbaba Co., Ltd. Common Shares""",Nasdaq,LULD pause,2026-05-01,09:47:07
2026-05-01,09:36:53,AIOS,AIOS Tech Inc. Class A Common Shares,Nasdaq,LULD pause,2026-05-01,09:46:57
2026-05-01,09:33:20,BIO B,"""Bio-Rad Laboratories, Inc. Class B""",NYSE,LULD pause,2026-05-01,09:38:55
2026-05-01,09:31:29,AIOS,AIOS Tech Inc. Class A Common Shares,Nasdaq,LULD pause,2026-05-01,09:36:29
2026-05-01,09:31:15,RBLY,YieldMax RBLX Option Income Strategy ETF,NYSE Arca,LULD pause,2026-05-01,09:36:15
2026-05-01,07:34:37,CRI,Carter's Inc.,NYSE,News pending,2026-05-01,08:11:59
2026-05-01,06:55:00,ESPR,"""Esperion Therapeutics, Inc.""",Nasdaq,News pending,2026-05-01,07:25:00
2026-04-30,19:50:00,MRAL,GraniteShares 2x Long MARA Daily ETF,Nasdaq,News pending,2026-05-01,09:00:00
2026-04-30,19:50:00,MRAL,GraniteShares 2x Long MARA Daily ETF,Nasdaq,News pending,,
2026-04-30,19:50:00,GMEX,GMEX ROBOTICS CORPORATION Class A Ordinary Shares,Nasdaq,News pending,,
2026-04-30,19:50:00,GMEX,GMEX ROBOTICS CORPORATION Class A Ordinary Shares,Nasdaq,News pending,2026-05-01,09:00:00
2026-04-30,19:50:00,MSTP,GraniteShares 2x Long MSTR Daily ETF,Nasdaq,News pending,,
2026-04-30,19:50:00,MSTP,GraniteShares 2x Long MSTR Daily ETF,Nasdaq,News pending,2026-05-01,09:00:00
2026-04-30,19:50:00,SMCL,GraniteShares 2x Long SMCI Daily ETF,Nasdaq,News pending,2026-05-01,09:00:00
2026-04-30,19:50:00,SMCL,GraniteShares 2x Long SMCI Daily ETF,Nasdaq,News pending,,
2026-04-30,19:50:00,TLIH,Ten-League International Holdings Limited Ordinary Shares,Nasdaq,News pending,2026-05-01,09:00:00
2026-04-30,19:50:00,TLIH,Ten-League International Holdings Limited Ordinary Shares,Nasdaq,News pending,,
2026-04-30,15:44:41,SKBL,Skyline Builders Group Holding Limited Class A Ordinary Shares,Nasdaq,LULD pause,2026-04-30,16:00:00
2026-04-30,15:36:38,SKBL,Skyline Builders Group Holding Limited Class A Ordinary Shares,Nasdaq,LULD pause,2026-04-30,15:41:38
2026-04-30,14:54:49,MB,MasterBeef Group Ordinary Shares,Nasdaq,LULD pause,2026-04-30,14:59:49
2026-04-30,14:27:49,AIOS,AIOS Tech Inc. Class A Common Shares,Nasdaq,LULD pause,2026-04-30,14:32:49
2026-04-30,14:27:34,CTNT,Cheetah Net Supply Chain Service Inc. Class A Common Stock,Nasdaq,LULD pause,2026-04-30,14:32:34
2026-04-30,14:14:08,CTNT,Cheetah Net Supply Chain Service Inc. Class A Common Stock,Nasdaq,LULD pause,2026-04-30,14:24:09
2026-04-30,14:03:18,AXSM,"""Axsome Therapeutics, Inc""",Nasdaq,News pending,2026-04-30,14:40:00
2026-04-30,13:32:36,MAXN,"""Maxeon Solar Technologies, Ltd. Ordinary Shares""",Nasdaq,LULD pause,2026-04-30,13:37:36
2026-04-30,13:10:14,GYRO,"""Gyrodyne, LLC Common Stock""",Nasdaq,LULD pause,2026-04-30,13:15:14
2026-04-30,13:00:48,GYRO,"""Gyrodyne, LLC Common Stock""",Nasdaq,LULD pause,2026-04-30,13:05:48
2026-04-30,12:28:55,AKAN,Akanda Corp. Common Shares,Nasdaq,LULD pause,2026-04-30,12:38:55
2026-04-30,11:26:46,UBXG,U-BX Technology Ltd. Class A Ordinary Shares,Nasdaq,LULD pause,2026-04-30,11:31:46
2026-04-30,11:21:01,UBXG,U-BX Technology Ltd. Class A Ordinary Shares,Nasdaq,LULD pause,2026-04-30,11:26:01
2026-04-30,11:19:36,WTF,Waton Financial Limited Ordinary Shares,Nasdaq,LULD pause,2026-04-30,11:24:36
2026-04-30,11:19:20,MBSX,Regan Fixed Rate MBS ETF,NYSE Arca,LULD pause,2026-04-30,11:24:20
2026-04-30,11:10:48,WNW,Meiwu Technology Company Limited Ordinary Shares,Nasdaq,LULD pause,2026-04-30,11:15:48
2026-04-30,11:03:05,WNW,Meiwu Technology Company Limited Ordinary Shares,Nasdaq,LULD pause,2026-04-30,11:08:05
2026-04-30,11:01:55,VLN,Valens Semiconductor Ltd.,NYSE,LULD pause,2026-04-30,11:06:58
2026-04-30,10:45:05,WNW,Meiwu Technology Company Limited Ordinary Shares,Nasdaq,LULD pause,2026-04-30,10:50:05
2026-04-30,10:18:44,RDAC,Rising Dragon Acquisition Corp. Ordinary Shares,Nasdaq,LULD pause,2026-04-30,10:23:44
2026-04-30,10:16:41,WNW,Meiwu Technology Company Limited Ordinary Shares,Nasdaq,LULD pause,2026-04-30,10:42:01
2026-04-30,10:13:59,WLACU,Willow Lane Acquisition Corp. Unit,Nasdaq,LULD pause,2026-04-30,10:18:59
2026-04-30,10:11:49,HCAI,"""Huachen AI Parking Management Technology Holding Co., Ltd. Ordinary Shares""",Nasdaq,LULD pause,2026-04-30,10:21:49
2026-04-30,10:08:13,RDAC,Rising Dragon Acquisition Corp. Ordinary Shares,Nasdaq,LULD pause,2026-04-30,10:13:13
2026-04-30,10:04:40,SKBL,Skyline Builders Group Holding Limited Class A Ordinary Shares,Nasdaq,LULD pause,2026-04-30,10:09:40
2026-04-30,10:00:04,RDAC,Rising Dragon Acquisition Corp. Ordinary Shares,Nasdaq,LULD pause,2026-04-30,10:05:04
2026-04-30,09:59:42,TMTSU,Spartacus Acquisition Corp. II Unit,Nasdaq,LULD pause,2026-04-30,10:04:42
2026-04-30,09:56:53,HCAI,"""Huachen AI Parking Management Technology Holding Co., Ltd. Ordinary Shares""",Nasdaq,LULD pause,2026-04-30,10:01:53
2026-04-30,09:52:24,SKBL,Skyline Builders Group Holding Limited Class A Ordinary Shares,Nasdaq,LULD pause,2026-04-30,09:57:24
2026-04-30,09:51:10,HCAI,"""Huachen AI Parking Management Technology Holding Co., Ltd. Ordinary Shares""",Nasdaq,LULD pause,2026-04-30,09:56:10
2026-04-30,09:40:21,HAO,Haoxi Health Technology Limited Class A Ordinary Shares,Nasdaq,LULD pause,2026-04-30,09:45:21
2026-04-30,09:37:41,CTNT,Cheetah Net Supply Chain Service Inc. Class A Common Stock,Nasdaq,LULD pause,2026-04-30,09:42:41
2026-04-30,09:33:54,ENVB,"""Enveric Biosciences, Inc. Common Stock""",Nasdaq,LULD pause,2026-04-30,09:38:54
2026-04-30,09:31:57,CTNT,Cheetah Net Supply Chain Service Inc. Class A Common Stock,Nasdaq,LULD pause,2026-04-30,09:36:57
2026-04-30,09:31:37,HCAI,"""Huachen AI Parking Management Technology Holding Co., Ltd. Ordinary Shares""",Nasdaq,LULD pause,2026-04-30,09:41:37
2026-04-30,09:30:51,HAO,Haoxi Health Technology Limited Class A Ordinary Shares,Nasdaq,LULD pause,2026-04-30,09:35:51
2026-04-30,09:30:49,RDACU,Rising Dragon Acquisition Corp. Unit,Nasdaq,LULD pause,2026-04-30,09:58:56
2026-04-30,07:55:02,ITGR,Integer Holdings Corporation,NYSE,News pending,2026-04-30,08:12:17
2026-04-30,06:55:00,VISN,"""Vistance Networks, Inc. Common Stock""",Nasdaq,News pending,2026-04-30,07:30:00
2026-04-29,19:50:00,UK,Ucommune International Ltd Ordinary Shares,Nasdaq,News pending,,
2026-04-29,19:50:00,UK,Ucommune International Ltd Ordinary Shares,Nasdaq,News pending,2026-04-30,09:00:00
2026-04-29,19:50:00,BKYI,"""BIO-key International, Inc. Common Stock""",Nasdaq,News pending,,
2026-04-29,19:50:00,BKYI,"""BIO-key International, Inc. Common Stock""",Nasdaq,News pending,2026-04-30,09:03:00
2026-04-29,19:50:00,AIRE,reAlpha Tech Corp. Common Stock,Nasdaq,News pending,2026-04-30,09:00:00
2026-04-29,19:50:00,AIRE,reAlpha Tech Corp. Common Stock,Nasdaq,News pending,,
2026-04-29,19:50:00,JAGX,"""Jaguar Health, Inc.""",Nasdaq,News pending,2026-04-30,09:00:00
2026-04-29,19:50:00,JAGX,"""Jaguar Health, Inc.""",Nasdaq,News pending,,
2026-04-29,19:50:00,GDEN,"""Golden Entertainment, Inc. Common Stock""",Nasdaq,News pending,,
2026-04-29,15:47:21,RDACU,Rising Dragon Acquisition Corp. Unit,Nasdaq,LULD pause,2026-04-29,16:00:00
2026-04-29,15:31:39,RDAC,Rising Dragon Acquisition Corp. Ordinary Shares,Nasdaq,LULD pause,2026-04-29,15:41:39
2026-04-29,15:22:46,RDACU,Rising Dragon Acquisition Corp. Unit,Nasdaq,LULD pause,2026-04-29,15:27:46
2026-04-29,14:53:09,RDACU,Rising Dragon Acquisition Corp. Unit,Nasdaq,LULD pause,2026-04-29,14:58:09
2026-04-29,14:53:01,RDAC,Rising Dragon Acquisition Corp. Ordinary Shares,Nasdaq,LULD pause,2026-04-29,14:58:01
2026-04-29,14:47:53,HSPTU,Horizon Space Acquisition II Corp. Units,Nasdaq,LULD pause,2026-04-29,14:52:53
2026-04-29,14:44:11,RDAC,Rising Dragon Acquisition Corp. Ordinary Shares,Nasdaq,LULD pause,2026-04-29,14:49:11
2026-04-29,14:29:16,HSPTU,Horizon Space Acquisition II Corp. Units,Nasdaq,LULD pause,2026-04-29,14:34:16
2026-04-29,14:04:42,RDAC,Rising Dragon Acquisition Corp. Ordinary Shares,Nasdaq,LULD pause,2026-04-29,14:09:42
2026-04-29,14:01:18,RDACU,Rising Dragon Acquisition Corp. Unit,Nasdaq,LULD pause,2026-04-29,14:06:18
2026-04-29,13:49:23,RDAC,Rising Dragon Acquisition Corp. Ordinary Shares,Nasdaq,LULD pause,2026-04-29,13:59:23
2026-04-29,13:43:47,RDAC,Rising Dragon Acquisition Corp. Ordinary Shares,Nasdaq,LULD pause,2026-04-29,13:48:47
2026-04-29,13:39:24,RDACU,Rising Dragon Acquisition Corp. Unit,Nasdaq,LULD pause,2026-04-29,13:50:26
2026-04-29,13:30:47,RDAC,Rising Dragon Acquisition Corp. Ordinary Shares,Nasdaq,LULD pause,2026-04-29,13:35:47
2026-04-29,13:29:44,RDACU,Rising Dragon Acquisition Corp. Unit,Nasdaq,LULD pause,2026-04-29,13:34:44
2026-04-29,13:25:22,RDAC,Rising Dragon Acquisition Corp. Ordinary Shares,Nasdaq,LULD pause,2026-04-29,13:30:22
2026-04-29,13:14:12,RDAC,Rising Dragon Acquisition Corp. Ordinary Shares,Nasdaq,LULD pause,2026-04-29,13:24:57
2026-04-29,13:12:28,RDACU,Rising Dragon Acquisition Corp. Unit,Nasdaq,LULD pause,2026-04-29,13:22:38
2026-04-29,12:30:23,RDAC,Rising Dragon Acquisition Corp. Ordinary Shares,Nasdaq,LULD pause,2026-04-29,12:35:23
2026-04-29,12:24:54,RDAC,Rising Dragon Acquisition Corp. Ordinary Shares,Nasdaq,LULD pause,2026-04-29,12:29:54
2026-04-29,12:19:33,RDACU,Rising Dragon Acquisition Corp. Unit,Nasdaq,LULD pause,2026-04-29,12:24:33
2026-04-29,12:16:04,RDAC,Rising Dragon Acquisition Corp. Ordinary Shares,Nasdaq,LULD pause,2026-04-29,12:21:04
2026-04-29,12:01:27,RDAC,Rising Dragon Acquisition Corp. Ordinary Shares,Nasdaq,LULD pause,2026-04-29,12:06:27
2026-04-29,11:58:38,AKAN,Akanda Corp. Common Shares,Nasdaq,LULD pause,2026-04-29,12:03:38
2026-04-29,11:56:02,RDAC,Rising Dragon Acquisition Corp. Ordinary Shares,Nasdaq,LULD pause,2026-04-29,12:01:02
2026-04-29,11:32:53,RDACU,Rising Dragon Acquisition Corp. Unit,Nasdaq,LULD pause,2026-04-29,11:47:54
2026-04-29,11:22:51,RDAC,Rising Dragon Acquisition Corp. Ordinary Shares,Nasdaq,LULD pause,2026-04-29,11:32:51
2026-04-29,11:17:30,RDAC,Rising Dragon Acquisition Corp. Ordinary Shares,Nasdaq,LULD pause,2026-04-29,11:22:30
2026-04-29,11:17:13,EEIQ,EpicQuest Education Group International Limited Common Stock,Nasdaq,LULD pause,2026-04-29,11:22:13
2026-04-29,11:02:22,RDAC,Rising Dragon Acquisition Corp. Ordinary Shares,Nasdaq,LULD pause,2026-04-29,11:12:22
2026-04-29,10:51:26,HSPT,Horizon Space Acquisition II Corp. Ordinary share,Nasdaq,LULD pause,2026-04-29,10:56:26
2026-04-29,10:38:56,RDAC,Rising Dragon Acquisition Corp. Ordinary Shares,Nasdaq,LULD pause,2026-04-29,10:43:56
2026-04-29,10:30:51,HSPT,Horizon Space Acquisition II Corp. Ordinary share,Nasdaq,LULD pause,2026-04-29,10:40:52
2026-04-29,10:29:24,EUDA,EUDA Health Holdings Limited Ordinary Shares,Nasdaq,LULD pause,2026-04-29,10:39:24
2026-04-29,10:28:34,RDAC,Rising Dragon Acquisition Corp. Ordinary Shares,Nasdaq,LULD pause,2026-04-29,10:38:34
2026-04-29,10:25:20,HSPT,Horizon Space Acquisition II Corp. Ordinary share,Nasdaq,LULD pause,2026-04-29,10:30:20
2026-04-29,10:20:16,BAFN,BayFirst Financial Corp. Common Stock,Nasdaq,LULD pause,2026-04-29,10:25:16
2026-04-29,10:19:00,EUDA,EUDA Health Holdings Limited Ordinary Shares,Nasdaq,LULD pause,2026-04-29,10:29:01
2026-04-29,10:17:48,RDAC,Rising Dragon Acquisition Corp. Ordinary Shares,Nasdaq,LULD pause,2026-04-29,10:27:48
2026-04-29,10:15:02,HSPT,Horizon Space Acquisition II Corp. Ordinary share,Nasdaq,LULD pause,2026-04-29,10:25:02
2026-04-29,10:13:31,EUDA,EUDA Health Holdings Limited Ordinary Shares,Nasdaq,LULD pause,2026-04-29,10:18:31
2026-04-29,10:12:25,RDAC,Rising Dragon Acquisition Corp. Ordinary Shares,Nasdaq,LULD pause,2026-04-29,10:17:25
2026-04-29,10:12:17,UBXG,U-BX Technology Ltd. Class A Ordinary Shares,Nasdaq,LULD pause,2026-04-29,10:17:17
2026-04-29,10:07:00,RDAC,Rising Dragon Acquisition Corp. Ordinary Shares,Nasdaq,LULD pause,2026-04-29,10:12:00
2026-04-29,10:02:37,EUDA,EUDA Health Holdings Limited Ordinary Shares,Nasdaq,LULD pause,2026-04-29,10:12:37
2026-04-29,09:56:38,RDAC,Rising Dragon Acquisition Corp. Ordinary Shares,Nasdaq,LULD pause,2026-04-29,10:06:38
2026-04-29,09:52:05,EUDA,EUDA Health Holdings Limited Ordinary Shares,Nasdaq,LULD pause,2026-04-29,10:02:05
2026-04-29,09:48:39,CTNT,Cheetah Net Supply Chain Service Inc. Class A Common Stock,Nasdaq,LULD pause,2026-04-29,09:53:39
2026-04-29,09:48:23,RDACU,Rising Dragon Acquisition Corp. Unit,Nasdaq,LULD pause,2026-04-29,11:28:24
2026-04-29,09:42:59,CTNT,Cheetah Net Supply Chain Service Inc. Class A Common Stock,Nasdaq,LULD pause,2026-04-29,09:47:59
2026-04-29,09:42:20,CAR,"""Avis Budget Group, Inc.""",Nasdaq,LULD pause,2026-04-29,09:47:20
2026-04-29,09:36:16,HTCO,High-Trend International Group Class A Ordinary Shares,Nasdaq,LULD pause,2026-04-29,09:41:16
2026-04-29,09:35:23,RDAC,Rising Dragon Acquisition Corp. Ordinary Shares,Nasdaq,LULD pause,2026-04-29,09:56:12
2026-04-29,09:32:14,CAR,"""Avis Budget Group, Inc.""",Nasdaq,LULD pause,2026-04-29,09:37:14
2026-04-29,09:31:22,CTNT,Cheetah Net Supply Chain Service Inc. Class A Common Stock,Nasdaq,LULD pause,2026-04-29,09:41:23
2026-04-29,09:30:15,HOII,REX HOOD Growth & Income ETF,Cboe BZX,LULD pause,2026-04-29,09:35:15
2026-04-29,06:55:00,KALV,"""KalVista Pharmaceuticals, Inc. Common Stock""",Nasdaq,News pending,2026-04-29,07:35:01
2026-04-28,19:50:00,CTNT,Cheetah Net Supply Chain Service Inc. Class A Common Stock,Nasdaq,News pending,,
2026-04-28,19:50:00,CTNT,Cheetah Net Supply Chain Service Inc. Class A Common Stock,Nasdaq,News pending,2026-04-29,09:00:00
2026-04-28,19:50:00,EM,Smart Share Global Limited American Depositary Shares,Nasdaq,News pending,,
2026-04-28,15:57:04,NOEMU,CO2 Energy Transition Corp. Unit,Nasdaq,LULD pause,2026-04-28,16:00:00
2026-04-28,15:33:44,AKAN,Akanda Corp. Common Shares,Nasdaq,LULD pause,2026-04-28,15:43:44
2026-04-28,15:32:48,ATER,"""Aterian, Inc. Common Stock""",Nasdaq,LULD pause,2026-04-28,15:37:48
2026-04-28,15:15:33,ATER,"""Aterian, Inc. Common Stock""",Nasdaq,LULD pause,2026-04-28,15:20:33
2026-04-28,15:00:22,ATER,"""Aterian, Inc. Common Stock""",Nasdaq,LULD pause,2026-04-28,15:05:22
2026-04-28,14:49:57,ATER,"""Aterian, Inc. Common Stock""",Nasdaq,LULD pause,2026-04-28,14:59:57
2026-04-28,14:44:42,ATER,"""Aterian, Inc. Common Stock""",Nasdaq,LULD pause,2026-04-28,14:49:42
2026-04-28,14:17:51,IPST,"""IP Strategy Holdings, Inc. Common Stock""",Nasdaq,LULD pause,2026-04-28,14:22:51
2026-04-28,14:07:03,IPST,"""IP Strategy Holdings, Inc. Common Stock""",Nasdaq,LULD pause,2026-04-28,14:12:03
2026-04-28,14:03:36,AKAN,Akanda Corp. Common Shares,Nasdaq,LULD pause,2026-04-28,14:08:36
2026-04-28,14:00:55,IPST,"""IP Strategy Holdings, Inc. Common Stock""",Nasdaq,LULD pause,2026-04-28,14:05:55
2026-04-28,13:53:11,AKAN,Akanda Corp. Common Shares,Nasdaq,LULD pause,2026-04-28,13:58:11
2026-04-28,13:46:41,AKAN,Akanda Corp. Common Shares,Nasdaq,LULD pause,2026-04-28,13:51:41
2026-04-28,13:35:36,AKAN,Akanda Corp. Common Shares,Nasdaq,LULD pause,2026-04-28,13:45:36
2026-04-28,13:30:18,AKAN,Akanda Corp. Common Shares,Nasdaq,LULD pause,2026-04-28,13:35:18
2026-04-28,13:20:01,AKAN,Akanda Corp. Common Shares,Nasdaq,LULD pause,2026-04-28,13:30:01
2026-04-28,13:09:33,AKAN,Akanda Corp. Common Shares,Nasdaq,LULD pause,2026-04-28,13:19:34
2026-04-28,13:08:04,HTCO,High-Trend International Group Class A Ordinary Shares,Nasdaq,LULD pause,2026-04-28,13:13:04
2026-04-28,12:56:45,HTCO,High-Trend International Group Class A Ordinary Shares,Nasdaq,LULD pause,2026-04-28,13:06:45
2026-04-28,12:49:56,HTCO,High-Trend International Group Class A Ordinary Shares,Nasdaq,LULD pause,2026-04-28,12:54:56
2026-04-28,12:35:21,HTCO,High-Trend International Group Class A Ordinary Shares,Nasdaq,LULD pause,2026-04-28,12:45:21
2026-04-28,12:29:00,HTCO,High-Trend International Group Class A Ordinary Shares,Nasdaq,LULD pause,2026-04-28,12:34:00
2026-04-28,11:41:27,ATER,"""Aterian, Inc. Common Stock""",Nasdaq,LULD pause,2026-04-28,11:46:27
2026-04-28,11:27:19,MB,MasterBeef Group Ordinary Shares,Nasdaq,LULD pause,2026-04-28,11:32:19
2026-04-28,11:20:04,WLACU,Willow Lane Acquisition Corp. Unit,Nasdaq,LULD pause,2026-04-28,11:25:04
2026-04-28,11:11:45,MB,MasterBeef Group Ordinary Shares,Nasdaq,LULD pause,2026-04-28,11:16:45
2026-04-28,11:02:10,MB,MasterBeef Group Ordinary Shares,Nasdaq,LULD pause,2026-04-28,11:07:10
2026-04-28,10:51:34,MB,MasterBeef Group Ordinary Shares,Nasdaq,LULD pause,2026-04-28,10:56:34
2026-04-28,10:44:58,HTCO,High-Trend International Group Class A Ordinary Shares,Nasdaq,LULD pause,2026-04-28,10:49:58
2026-04-28,10:44:41,ATER,"""Aterian, Inc. Common Stock""",Nasdaq,LULD pause,2026-04-28,10:49:41
2026-04-28,10:40:17,MB,MasterBeef Group Ordinary Shares,Nasdaq,LULD pause,2026-04-28,10:50:17
2026-04-28,10:38:13,LICN,Lichen China Limited Class A Ordinary Shares,Nasdaq,LULD pause,2026-04-28,10:43:13
2026-04-28,10:33:01,MB,MasterBeef Group Ordinary Shares,Nasdaq,LULD pause,2026-04-28,10:38:01
2026-04-28,10:30:45,LICN,Lichen China Limited Class A Ordinary Shares,Nasdaq,LULD pause,2026-04-28,10:35:45
2026-04-28,10:29:38,JLHL,Julong Holding Limited Class A Ordinary Shares,Nasdaq,LULD pause,2026-04-28,10:34:38
2026-04-28,10:28:50,HTCO,High-Trend International Group Class A Ordinary Shares,Nasdaq,LULD pause,2026-04-28,10:33:50
2026-04-28,10:26:17,MB,MasterBeef Group Ordinary Shares,Nasdaq,LULD pause,2026-04-28,10:31:17
2026-04-28,10:18:58,HTCO,High-Trend International Group Class A Ordinary Shares,Nasdaq,LULD pause,2026-04-28,10:23:58
2026-04-28,10:10:43,HTCO,High-Trend International Group Class A Ordinary Shares,Nasdaq,LULD pause,2026-04-28,10:15:43
2026-04-28,10:07:41,AFJK,"""Aimei Health Technology Co., Ltd Ordinary Share""",Nasdaq,LULD pause,2026-04-28,10:12:41
2026-04-28,10:07:05,MIGI,"""Big Digital Energy, Inc. Common Stock""",Nasdaq,LULD pause,2026-04-28,10:12:05
2026-04-28,10:05:13,CUE,"""Cue Biopharma, Inc.""",Nasdaq,LULD pause,2026-04-28,10:10:13
2026-04-28,10:01:27,EDSA,"""Edesa Biotech, Inc. Common Shares""",Nasdaq,LULD pause,2026-04-28,10:11:28
2026-04-28,09:58:52,PLRZ,Polyrizon Ltd. Ordinary Shares,Nasdaq,LULD pause,2026-04-28,10:03:52
2026-04-28,09:57:06,MIGI,"""Big Digital Energy, Inc. Common Stock""",Nasdaq,LULD pause,2026-04-28,10:02:06
2026-04-28,09:56:04,SNBR,Sleep Number Corporation Common Stock,Nasdaq,LULD pause,2026-04-28,10:01:04
2026-04-28,09:54:48,CUE,"""Cue Biopharma, Inc.""",Nasdaq,LULD pause,2026-04-28,10:04:49
2026-04-28,09:54:35,NXTS,Nexentis Technologies Inc. Common Stock,Nasdaq,LULD pause,2026-04-28,09:59:35
2026-04-28,09:51:15,ATER,"""Aterian, Inc. Common Stock""",Nasdaq,LULD pause,2026-04-28,09:56:15
2026-04-28,09:47:55,CUE,"""Cue Biopharma, Inc.""",Nasdaq,LULD pause,2026-04-28,09:52:55
2026-04-28,09:47:44,AFJK,"""Aimei Health Technology Co., Ltd Ordinary Share""",Nasdaq,LULD pause,2026-04-28,09:57:44
2026-04-28,09:44:19,AKAN,Akanda Corp. Common Shares,Nasdaq,LULD pause,2026-04-28,09:54:19
2026-04-28,09:40:46,WLACU,Willow Lane Acquisition Corp. Unit,Nasdaq,LULD pause,2026-04-28,09:45:46
2026-04-28,09:37:31,CUE,"""Cue Biopharma, Inc.""",Nasdaq,LULD pause,2026-04-28,09:47:31
2026-04-28,09:35:48,ATER,"""Aterian, Inc. Common Stock""",Nasdaq,LULD pause,2026-04-28,09:40:48
2026-04-28,09:35:31,WLACU,Willow Lane Acquisition Corp. Unit,Nasdaq,LULD pause,2026-04-28,09:40:31
2026-04-28,09:35:30,BIYA,Baiya International Group Inc. Ordinary Shares,Nasdaq,LULD pause,2026-04-28,09:40:30
2026-04-28,09:33:20,NOMA,NOMADAR Corp. Class A Common Stock,Nasdaq,LULD pause,2026-04-28,09:43:20
2026-04-28,09:31:48,MIGI,"""Big Digital Energy, Inc. Common Stock""",Nasdaq,LULD pause,2026-04-28,09:56:49
2026-04-28,09:30:16,WLACU,Willow Lane Acquisition Corp. Unit,Nasdaq,LULD pause,2026-04-28,09:35:16
2026-04-28,08:56:38,SEMR,"""SEMrush Holdings, Inc.""",NYSE,Merger Effective,,
2026-04-28,07:25:00,SNGX,"""Soligenix, Inc. Common Stock""",Nasdaq,News pending,2026-04-28,08:00:00
2026-04-27,19:50:13,VNRX,VolitionRX Limited Common Stock,NYSE American,Corporate Action,,
2026-04-27,19:50:13,VNRX,VolitionRX Limited Common Stock,NYSE American,Corporate Action,2026-04-28,09:00:00
2026-04-27,19:50:00,DGNX,Diginex Limited Ordinary Shares,Nasdaq,News pending,2026-04-28,09:00:00
2026-04-27,19:50:00,DGNX,Diginex Limited Ordinary Shares,Nasdaq,News pending,,
2026-04-27,19:50:00,ISPC,iSpecimen Inc. Common Stock,Nasdaq,News pending,2026-04-28,09:00:00
2026-04-27,19:50:00,ISPC,iSpecimen Inc. Common Stock,Nasdaq,News pending,,
2026-04-27,19:50:00,ACLX,"""Arcellx, Inc. Common Stock""",Nasdaq,News pending,,
2026-04-27,16:07:39,BMM,Blue Moon Metals Inc. Common Shares,Nasdaq,News pending,2026-04-27,16:50:00
2026-04-27,15:51:55,AREB,"""American Rebel Holdings, Inc. Common Stock""",Nasdaq,LULD pause,2026-04-27,16:00:00
2026-04-27,15:45:26,VSA,VisionSys AI Inc American Depositary Shares,Nasdaq,LULD pause,2026-04-27,16:00:00
2026-04-27,15:44:56,AREB,"""American Rebel Holdings, Inc. Common Stock""",Nasdaq,LULD pause,2026-04-27,15:49:56
2026-04-27,15:39:18,AREB,"""American Rebel Holdings, Inc. Common Stock""",Nasdaq,LULD pause,2026-04-27,15:44:18
2026-04-27,15:24:26,HTCO,High-Trend International Group Class A Ordinary Shares,Nasdaq,LULD pause,2026-04-27,15:29:26
2026-04-27,15:10:46,HTCO,High-Trend International Group Class A Ordinary Shares,Nasdaq,LULD pause,2026-04-27,15:15:46
2026-04-27,15:01:44,YAAS,Youxin Technology Ltd Class A Ordinary shares,Nasdaq,LULD pause,2026-04-27,15:06:44
2026-04-27,14:58:55,HTCO,High-Trend International Group Class A Ordinary Shares,Nasdaq,LULD pause,2026-04-27,15:03:55
2026-04-27,14:48:39,AREB,"""American Rebel Holdings, Inc. Common Stock""",Nasdaq,LULD pause,2026-04-27,14:53:39
2026-04-27,14:48:15,HTCO,High-Trend International Group Class A Ordinary Shares,Nasdaq,LULD pause,2026-04-27,14:53:15
2026-04-27,14:41:19,AREB,"""American Rebel Holdings, Inc. Common Stock""",Nasdaq,LULD pause,2026-04-27,14:46:19
2026-04-27,14:39:37,HTCO,High-Trend International Group Class A Ordinary Shares,Nasdaq,LULD pause,2026-04-27,14:44:37
2026-04-27,14:35:46,AREB,"""American Rebel Holdings, Inc. Common Stock""",Nasdaq,LULD pause,2026-04-27,14:40:46
2026-04-27,14:24:29,HTCO,High-Trend International Group Class A Ordinary Shares,Nasdaq,LULD pause,2026-04-27,14:29:29
2026-04-27,14:16:55,HTCO,High-Trend International Group Class A Ordinary Shares,Nasdaq,LULD pause,2026-04-27,14:21:55
2026-04-27,13:27:37,ZSQR,Z Squared Inc. Common Stock,Nasdaq,LULD pause,2026-04-27,13:32:37
2026-04-27,13:26:58,UBXG,U-BX Technology Ltd. Class A Ordinary Shares,Nasdaq,LULD pause,2026-04-27,13:31:58
2026-04-27,13:20:54,UBXG,U-BX Technology Ltd. Class A Ordinary Shares,Nasdaq,LULD pause,2026-04-27,13:25:54
2026-04-27,13:13:50,UBXG,U-BX Technology Ltd. Class A Ordinary Shares,Nasdaq,LULD pause,2026-04-27,13:18:50
2026-04-27,13:08:35,UBXG,U-BX Technology Ltd. Class A Ordinary Shares,Nasdaq,LULD pause,2026-04-27,13:13:35
2026-04-27,13:01:39,ZSQR,Z Squared Inc. Common Stock,Nasdaq,LULD pause,2026-04-27,13:26:50
2026-04-27,12:43:48,HTCO,High-Trend International Group Class A Ordinary Shares,Nasdaq,LULD pause,2026-04-27,12:48:48
2026-04-27,12:25:43,HTCO,High-Trend International Group Class A Ordinary Shares,Nasdaq,LULD pause,2026-04-27,12:30:43
2026-04-27,12:13:38,AREB,"""American Rebel Holdings, Inc. Common Stock""",Nasdaq,LULD pause,2026-04-27,12:18:38
2026-04-27,12:13:29,HTCO,High-Trend International Group Class A Ordinary Shares,Nasdaq,LULD pause,2026-04-27,12:18:29
2026-04-27,12:03:55,CPRX,Catalyst Pharmaceutical  Inc.,Nasdaq,LULD pause,2026-04-27,12:08:55
2026-04-27,12:03:37,HTCO,High-Trend International Group Class A Ordinary Shares,Nasdaq,LULD pause,2026-04-27,12:08:37
2026-04-27,11:54:32,AREB,"""American Rebel Holdings, Inc. Common Stock""",Nasdaq,LULD pause,2026-04-27,11:59:32
2026-04-27,11:48:29,AREB,"""American Rebel Holdings, Inc. Common Stock""",Nasdaq,LULD pause,2026-04-27,11:53:29
2026-04-27,11:42:19,AREB,"""American Rebel Holdings, Inc. Common Stock""",Nasdaq,LULD pause,2026-04-27,11:47:19
2026-04-27,11:36:50,AREB,"""American Rebel Holdings, Inc. Common Stock""",Nasdaq,LULD pause,2026-04-27,11:41:50
2026-04-27,11:30:36,AREB,"""American Rebel Holdings, Inc. Common Stock""",Nasdaq,LULD pause,2026-04-27,11:35:36
2026-04-27,11:15:17,AREB,"""American Rebel Holdings, Inc. Common Stock""",Nasdaq,LULD pause,2026-04-27,11:30:18
2026-04-27,10:56:08,HTCO,High-Trend International Group Class A Ordinary Shares,Nasdaq,LULD pause,2026-04-27,11:01:08
2026-04-27,10:33:10,CUE,"""Cue Biopharma, Inc.""",Nasdaq,LULD pause,2026-04-27,10:38:10
2026-04-27,10:30:32,HTCO,High-Trend International Group Class A Ordinary Shares,Nasdaq,LULD pause,2026-04-27,10:40:32
2026-04-27,10:29:21,TJGC,TJGC Group Limited Ordinary Shares,Nasdaq,LULD pause,2026-04-27,10:34:21
2026-04-27,10:22:58,CUE,"""Cue Biopharma, Inc.""",Nasdaq,LULD pause,2026-04-27,10:27:58
2026-04-27,10:22:00,HTCO,High-Trend International Group Class A Ordinary Shares,Nasdaq,LULD pause,2026-04-27,10:27:00
2026-04-27,10:10:43,CUE,"""Cue Biopharma, Inc.""",Nasdaq,LULD pause,2026-04-27,10:20:43
2026-04-27,10:04:44,HTCO,High-Trend International Group Class A Ordinary Shares,Nasdaq,LULD pause,2026-04-27,10:14:44
2026-04-27,09:57:23,EUDA,EUDA Health Holdings Limited Ordinary Shares,Nasdaq,LULD pause,2026-04-27,10:02:23
2026-04-27,09:55:52,PLBL,Polibeli Group Ltd Class A Ordinary Shares,Nasdaq,LULD pause,2026-04-27,10:05:52
2026-04-27,09:54:24,HTCO,High-Trend International Group Class A Ordinary Shares,Nasdaq,LULD pause,2026-04-27,10:04:25
2026-04-27,09:53:11,FGI,FGI Industries Ltd. Ordinary Shares,Nasdaq,LULD pause,2026-04-27,10:03:11
2026-04-27,09:45:24,EUDA,EUDA Health Holdings Limited Ordinary Shares,Nasdaq,LULD pause,2026-04-27,09:55:25
2026-04-27,09:44:07,HTCO,High-Trend International Group Class A Ordinary Shares,Nasdaq,LULD pause,2026-04-27,09:54:07
2026-04-27,09:41:39,CUE,"""Cue Biopharma, Inc.""",Nasdaq,LULD pause,2026-04-27,09:51:39
2026-04-27,09:38:38,LABT,Lakewood-Amedex Biotherapeutics Inc. Common Stock,Nasdaq,LULD pause,2026-04-27,09:43:38
2026-04-27,09:37:05,FGI,FGI Industries Ltd. Ordinary Shares,Nasdaq,LULD pause,2026-04-27,09:52:05
2026-04-27,09:32:20,WSO B,"""Watsco, Inc. Class B""",NYSE,LULD pause,2026-04-27,09:37:20
2026-04-27,09:30:24,FGI,FGI Industries Ltd. Ordinary Shares,Nasdaq,LULD pause,2026-04-27,09:35:24
2026-04-27,07:25:00,CMPX,"""Compass Therapeutics, Inc. Common Stock""",Nasdaq,News pending,2026-04-27,08:05:01
2026-04-27,06:55:00,XOMAP,XOMA Royalty Corporation 8.625% Series A Cumulative Perpetual Preferred Stock,Nasdaq,News pending,2026-04-27,07:35:00
2026-04-27,06:55:00,XOMAO,XOMA Royalty Corporation Depositary Shares Rep Series B 8.375% Cumulative Preferred Stock,Nasdaq,News pending,2026-04-27,07:35:00
2026-04-27,06:55:00,XOMA,XOMA Royalty Corporation Common Stock,Nasdaq,News pending,2026-04-27,07:30:00
2026-04-27,03:58:20,ZSQR,Z Squared Inc. Common Stock,Nasdaq,News pending,2026-04-27,12:20:00
2026-04-24,19:50:19,UP,Wheels Up Experience Inc.,NYSE,Corporate Action,,
2026-04-24,19:50:19,UP,Wheels Up Experience Inc.,NYSE,Corporate Action,2026-04-27,09:30:41
2026-04-24,19:50:00,AIOS,AIOS Tech Inc. Class A Common Shares,Nasdaq,News pending,,
2026-04-24,19:50:00,AIOS,AIOS Tech Inc. Class A Common Shares,Nasdaq,News pending,2026-04-27,09:00:00
2026-04-24,19:50:00,OCG,Oriental Culture Holding LTD Ordinary Shares,Nasdaq,News pending,2026-04-27,09:00:00
2026-04-24,19:50:00,OCG,Oriental Culture Holding LTD Ordinary Shares,Nasdaq,News pending,,
2026-04-24,19:50:00,IMUX,"""Immunic, Inc. Common Stock""",Nasdaq,News pending,,
2026-04-24,19:50:00,IMUX,"""Immunic, Inc. Common Stock""",Nasdaq,News pending,2026-04-27,09:00:00
2026-04-24,19:50:00,DRCT,"""Direct Digital Holdings, Inc. Class A Common Stock""",Nasdaq,News pending,2026-04-27,09:00:00
2026-04-24,19:50:00,DRCT,"""Direct Digital Holdings, Inc. Class A Common Stock""",Nasdaq,News pending,,
2026-04-24,19:50:00,FOLD,"""Amicus Therapeutics, Inc""",Nasdaq,News pending,,
2026-04-24,19:50:00,CISS,C3is Inc. Common Stock,Nasdaq,News pending,2026-04-27,09:00:00
2026-04-24,19:50:00,CISS,C3is Inc. Common Stock,Nasdaq,News pending,,
2026-04-24,15:39:07,IHRT,"""iHeartMedia, Inc. Class A Common Stock""",Nasdaq,LULD pause,2026-04-24,16:00:00
2026-04-24,15:20:44,SMX,SMX (Security Matters) Public Limited Company Ordinary Shares,Nasdaq,LULD pause,2026-04-24,15:25:44
2026-04-24,15:10:57,SMX,SMX (Security Matters) Public Limited Company Ordinary Shares,Nasdaq,LULD pause,2026-04-24,15:15:57
2026-04-24,12:57:03,CHSN,Chanson International Holding Class A Ordinary Shares,Nasdaq,LULD pause,2026-04-24,13:02:03
2026-04-24,12:43:01,CHSN,Chanson International Holding Class A Ordinary Shares,Nasdaq,LULD pause,2026-04-24,12:48:01
2026-04-24,12:36:39,CHSN,Chanson International Holding Class A Ordinary Shares,Nasdaq,LULD pause,2026-04-24,12:41:39
2026-04-24,12:26:57,CHSN,Chanson International Holding Class A Ordinary Shares,Nasdaq,LULD pause,2026-04-24,12:31:57
2026-04-24,12:05:06,CHSN,Chanson International Holding Class A Ordinary Shares,Nasdaq,LULD pause,2026-04-24,12:25:06
2026-04-24,11:53:47,SMX,SMX (Security Matters) Public Limited Company Ordinary Shares,Nasdaq,LULD pause,2026-04-24,11:58:47
2026-04-24,11:44:28,COOK,"""Traeger, Inc.""",NYSE,LULD pause,2026-04-24,11:49:38
2026-04-24,11:38:19,CCEL,Cryo-Cell International Inc.,NYSE American,LULD pause,2026-04-24,11:43:19
2026-04-24,11:22:47,CHSN,Chanson International Holding Class A Ordinary Shares,Nasdaq,LULD pause,2026-04-24,12:04:33
2026-04-24,11:12:32,CHSN,Chanson International Holding Class A Ordinary Shares,Nasdaq,LULD pause,2026-04-24,11:22:32
2026-04-24,11:06:22,CHSN,Chanson International Holding Class A Ordinary Shares,Nasdaq,LULD pause,2026-04-24,11:11:22
2026-04-24,11:00:02,CHSN,Chanson International Holding Class A Ordinary Shares,Nasdaq,LULD pause,2026-04-24,11:05:02
2026-04-24,10:53:46,CHSN,Chanson International Holding Class A Ordinary Shares,Nasdaq,LULD pause,2026-04-24,10:58:46
2026-04-24,10:53:19,ENVB,"""Enveric Biosciences, Inc. Common Stock""",Nasdaq,LULD pause,2026-04-24,10:58:19
2026-04-24,10:52:50,TDIC,Dreamland Limited Class A Ordinary Shares,Nasdaq,LULD pause,2026-04-24,11:02:50
2026-04-24,10:48:28,CHSN,Chanson International Holding Class A Ordinary Shares,Nasdaq,LULD pause,2026-04-24,10:53:28
2026-04-24,10:43:12,CHSN,Chanson International Holding Class A Ordinary Shares,Nasdaq,LULD pause,2026-04-24,10:48:12
2026-04-24,10:42:17,CAR,"""Avis Budget Group, Inc.""",Nasdaq,LULD pause,2026-04-24,10:47:17
2026-04-24,10:34:44,AUUD,Auddia Inc. Common Stock,Nasdaq,LULD pause,2026-04-24,10:39:44
2026-04-24,10:32:54,CHSN,Chanson International Holding Class A Ordinary Shares,Nasdaq,LULD pause,2026-04-24,10:42:54
2026-04-24,10:30:40,CAR,"""Avis Budget Group, Inc.""",Nasdaq,LULD pause,2026-04-24,10:35:40
2026-04-24,10:29:02,AUUD,Auddia Inc. Common Stock,Nasdaq,LULD pause,2026-04-24,10:34:02
2026-04-24,10:27:11,CHSN,Chanson International Holding Class A Ordinary Shares,Nasdaq,LULD pause,2026-04-24,10:32:11
2026-04-24,10:16:52,CHSN,Chanson International Holding Class A Ordinary Shares,Nasdaq,LULD pause,2026-04-24,10:26:52
2026-04-24,10:08:54,SQFTP,"""Presidio Property Trust, Inc. 9.375% Series D Cumulative Redeemable Perpetual Preferred Stock, $0.01 par value per share""",Nasdaq,LULD pause,2026-04-24,10:13:54
2026-04-24,10:06:37,CHSN,Chanson International Holding Class A Ordinary Shares,Nasdaq,LULD pause,2026-04-24,10:16:37
2026-04-24,09:56:44,VSECU,VSE Corporation Tangible Equity Units,Nasdaq,LULD pause,2026-04-24,10:01:44
2026-04-24,09:56:17,CHSN,Chanson International Holding Class A Ordinary Shares,Nasdaq,LULD pause,2026-04-24,10:06:17
2026-04-24,09:53:49,ENVB,"""Enveric Biosciences, Inc. Common Stock""",Nasdaq,LULD pause,2026-04-24,10:03:50
2026-04-24,09:48:25,ENVB,"""Enveric Biosciences, Inc. Common Stock""",Nasdaq,LULD pause,2026-04-24,09:53:25
2026-04-24,09:43:21,CUE,"""Cue Biopharma, Inc.""",Nasdaq,LULD pause,2026-04-24,09:53:21
2026-04-24,09:37:33,SCNI,Scinai Immunotherapeutics Ltd. American Depositary Shares,Nasdaq,LULD pause,2026-04-24,09:42:33
2026-04-24,09:37:25,WLACU,Willow Lane Acquisition Corp. Unit,Nasdaq,LULD pause,2026-04-24,09:42:25
2026-04-24,09:37:18,RGNT,Regentis Biomaterials Ltd.,NYSE American,LULD pause,2026-04-24,09:42:18
2026-04-24,09:34:03,SUGP,SU Group Holdings Limited Class A Ordinary Shares,Nasdaq,LULD pause,2026-04-24,09:39:03
2026-04-24,09:32:14,AUUD,Auddia Inc. Common Stock,Nasdaq,LULD pause,2026-04-24,09:37:14
2026-04-24,09:30:26,LGCY,Legacy Education Inc.,NYSE American,LULD pause,2026-04-24,09:40:26
2026-04-24,09:30:19,CUE,"""Cue Biopharma, Inc.""",Nasdaq,LULD pause,2026-04-24,09:40:20
2026-04-24,09:30:15,WSO B,"""Watsco, Inc. Class B""",NYSE,LULD pause,2026-04-24,09:35:15
2026-04-24,09:30:15,AMDW,Roundhill AMD WeeklyPay ETF,Cboe BZX,LULD pause,2026-04-24,09:40:15
2026-04-23,19:50:00,OIOWW,OIO Group Warrants,Nasdaq,News pending,2026-04-24,09:05:00
2026-04-23,19:50:00,OIOWW,OIO Group Warrants,Nasdaq,News pending,,
2026-04-23,19:50:00,OIO,OIO Group Ordinary Shares,Nasdaq,News pending,,
2026-04-23,19:50:00,OIO,OIO Group Ordinary Shares,Nasdaq,News pending,2026-04-24,09:00:00
2026-04-23,19:50:00,CUE,"""Cue Biopharma, Inc.""",Nasdaq,News pending,,
2026-04-23,19:50:00,CUE,"""Cue Biopharma, Inc.""",Nasdaq,News pending,2026-04-24,09:00:00
2026-04-23,19:50:00,MSS,Maison Solutions Inc. Class A Common Stock,Nasdaq,News pending,2026-04-24,09:00:00
2026-04-23,19:50:00,MSS,Maison Solutions Inc. Class A Common Stock,Nasdaq,News pending,,
2026-04-23,19:50:00,BULG,Leverage Shares 2X Long BULL Daily ETF,Nasdaq,News pending,2026-04-24,09:00:00
2026-04-23,19:50:00,BULG,Leverage Shares 2X Long BULL Daily ETF,Nasdaq,News pending,,
2026-04-23,19:50:00,SOWG,Sow Good Inc. Common Stock,Nasdaq,News pending,2026-04-24,09:00:00
2026-04-23,19:50:00,SOWG,Sow Good Inc. Common Stock,Nasdaq,News pending,,
2026-04-23,19:50:00,GEMG,Leverage Shares 2X Long GEMI Daily ETF,Nasdaq,News pending,2026-04-24,09:00:00
2026-04-23,19:50:00,GEMG,Leverage Shares 2X Long GEMI Daily ETF,Nasdaq,News pending,,
2026-04-23,19:50:00,TDTH,Trident Digital Tech Holdings Ltd American Depository Shares,Nasdaq,News pending,,
2026-04-23,19:50:00,TDTH,Trident Digital Tech Holdings Ltd American Depository Shares,Nasdaq,News pending,2026-04-24,09:00:00
2026-04-23,15:49:59,LABT,Lakewood-Amedex Biotherapeutics Inc. Common Stock,Nasdaq,LULD pause,2026-04-23,16:00:00
2026-04-23,15:41:26,SKLZ,Skillz Inc.,NYSE,LULD pause,2026-04-23,15:46:29
2026-04-23,15:32:35,EUDA,EUDA Health Holdings Limited Ordinary Shares,Nasdaq,LULD pause,2026-04-23,15:37:35
2026-04-23,14:52:53,SKLZ,Skillz Inc.,NYSE,LULD pause,2026-04-23,14:57:56
2026-04-23,14:14:56,SKLZ,Skillz Inc.,NYSE,LULD pause,2026-04-23,14:20:09
2026-04-23,14:03:12,SKLZ,Skillz Inc.,NYSE,LULD pause,2026-04-23,14:08:16
2026-04-23,13:54:46,SKLZ,Skillz Inc.,NYSE,LULD pause,2026-04-23,13:59:59
2026-04-23,13:52:29,GRCE,"""Grace Therapeutics, Inc. Common Stock""",Nasdaq,LULD pause,2026-04-23,13:57:29
2026-04-23,13:49:17,SKLZ,Skillz Inc.,NYSE,LULD pause,2026-04-23,13:54:21
2026-04-23,13:47:25,BDL,Flanigan's Enterprises Inc,NYSE American,LULD pause,2026-04-23,13:52:25
2026-04-23,13:46:19,GRCE,"""Grace Therapeutics, Inc. Common Stock""",Nasdaq,LULD pause,2026-04-23,13:51:19
2026-04-23,13:43:38,SKLZ,Skillz Inc.,NYSE,LULD pause,2026-04-23,13:48:41
2026-04-23,13:37:31,SKLZ,Skillz Inc.,NYSE,LULD pause,2026-04-23,13:43:02
2026-04-23,13:31:34,SKLZ,Skillz Inc.,NYSE,LULD pause,2026-04-23,13:37:01
2026-04-23,13:26:05,SKLZ,Skillz Inc.,NYSE,LULD pause,2026-04-23,13:31:07
2026-04-23,13:24:42,EUDA,EUDA Health Holdings Limited Ordinary Shares,Nasdaq,LULD pause,2026-04-23,13:29:42
2026-04-23,13:23:29,AMST,Amesite Inc.,Nasdaq,LULD pause,2026-04-23,13:28:29
2026-04-23,13:20:19,SKLZ,Skillz Inc.,NYSE,LULD pause,2026-04-23,13:25:48
2026-04-23,13:17:57,AMST,Amesite Inc.,Nasdaq,LULD pause,2026-04-23,13:22:57
2026-04-23,13:14:52,SKLZ,Skillz Inc.,NYSE,LULD pause,2026-04-23,13:20:01
2026-04-23,13:12:27,AMST,Amesite Inc.,Nasdaq,LULD pause,2026-04-23,13:17:27
2026-04-23,13:09:29,SKLZ,Skillz Inc.,NYSE,LULD pause,2026-04-23,13:14:35
2026-04-23,13:04:11,SKLZ,Skillz Inc.,NYSE,LULD pause,2026-04-23,13:09:14
2026-04-23,13:01:41,AMST,Amesite Inc.,Nasdaq,LULD pause,2026-04-23,13:06:41
2026-04-23,12:58:47,SKLZ,Skillz Inc.,NYSE,LULD pause,2026-04-23,13:03:55
2026-04-23,12:53:26,SKLZ,Skillz Inc.,NYSE,LULD pause,2026-04-23,12:58:30
2026-04-23,12:48:03,SKLZ,Skillz Inc.,NYSE,LULD pause,2026-04-23,12:53:06
2026-04-23,12:42:49,EUDA,EUDA Health Holdings Limited Ordinary Shares,Nasdaq,LULD pause,2026-04-23,12:47:49
2026-04-23,12:42:39,SKLZ,Skillz Inc.,NYSE,LULD pause,2026-04-23,12:47:42
2026-04-23,12:37:12,SKLZ,Skillz Inc.,NYSE,LULD pause,2026-04-23,12:42:14
2026-04-23,12:37:10,EUDA,EUDA Health Holdings Limited Ordinary Shares,Nasdaq,LULD pause,2026-04-23,12:42:10
2026-04-23,12:31:26,SKLZ,Skillz Inc.,NYSE,LULD pause,2026-04-23,12:36:34
2026-04-23,12:31:17,EUDA,EUDA Health Holdings Limited Ordinary Shares,Nasdaq,LULD pause,2026-04-23,12:36:17
2026-04-23,12:27:43,GRCE,"""Grace Therapeutics, Inc. Common Stock""",Nasdaq,News pending,2026-04-23,13:45:01
2026-04-23,12:24:19,CAR,"""Avis Budget Group, Inc.""",Nasdaq,LULD pause,2026-04-23,12:29:19
2026-04-23,12:24:11,EUDA,EUDA Health Holdings Limited Ordinary Shares,Nasdaq,LULD pause,2026-04-23,12:29:11
2026-04-23,12:21:18,SKLZ,Skillz Inc.,NYSE,LULD pause,2026-04-23,12:26:38
2026-04-23,12:18:31,EUDA,EUDA Health Holdings Limited Ordinary Shares,Nasdaq,LULD pause,2026-04-23,12:23:31
2026-04-23,12:13:56,SKLZ,Skillz Inc.,NYSE,LULD pause,2026-04-23,12:19:01
2026-04-23,12:08:24,SKLZ,Skillz Inc.,NYSE,LULD pause,2026-04-23,12:13:31
2026-04-23,12:02:46,SKLZ,Skillz Inc.,NYSE,LULD pause,2026-04-23,12:08:09
2026-04-23,12:01:46,EUDA,EUDA Health Holdings Limited Ordinary Shares,Nasdaq,LULD pause,2026-04-23,12:11:47
2026-04-23,11:52:25,EUDA,EUDA Health Holdings Limited Ordinary Shares,Nasdaq,LULD pause,2026-04-23,11:57:25
2026-04-23,11:41:00,EUDA,EUDA Health Holdings Limited Ordinary Shares,Nasdaq,LULD pause,2026-04-23,11:51:00
2026-04-23,11:29:55,EUDA,EUDA Health Holdings Limited Ordinary Shares,Nasdaq,LULD pause,2026-04-23,11:39:55
2026-04-23,11:28:38,AXIL,"""AXIL Brands, Inc.""",NYSE American,LULD pause,2026-04-23,11:33:38
2026-04-23,11:23:59,ELMT,The Elmet Group Co. Common Stock,Nasdaq,LULD pause,2026-04-23,11:28:59
2026-04-23,11:19:31,EUDA,EUDA Health Holdings Limited Ordinary Shares,Nasdaq,LULD pause,2026-04-23,11:29:31
2026-04-23,11:10:04,JYD,Jayud Global Logistics Limited Class A Ordinary Shares,Nasdaq,LULD pause,2026-04-23,11:15:04
2026-04-23,11:08:55,EUDA,EUDA Health Holdings Limited Ordinary Shares,Nasdaq,LULD pause,2026-04-23,11:18:55
2026-04-23,11:06:10,CAR,"""Avis Budget Group, Inc.""",Nasdaq,LULD pause,2026-04-23,11:11:10
2026-04-23,11:04:23,LABT,Lakewood-Amedex Biotherapeutics Inc. Common Stock,Nasdaq,LULD pause,2026-04-23,11:14:24
2026-04-23,10:58:26,EUDA,EUDA Health Holdings Limited Ordinary Shares,Nasdaq,LULD pause,2026-04-23,11:08:26
2026-04-23,10:52:53,LABT,Lakewood-Amedex Biotherapeutics Inc. Common Stock,Nasdaq,LULD pause,2026-04-23,11:02:53
2026-04-23,10:50:03,TDIC,Dreamland Limited Class A Ordinary Shares,Nasdaq,LULD pause,2026-04-23,11:00:03
2026-04-23,10:47:16,EUDA,EUDA Health Holdings Limited Ordinary Shares,Nasdaq,LULD pause,2026-04-23,10:57:16
2026-04-23,10:47:10,CAR,"""Avis Budget Group, Inc.""",Nasdaq,LULD pause,2026-04-23,10:52:10
2026-04-23,10:41:43,EUDA,EUDA Health Holdings Limited Ordinary Shares,Nasdaq,LULD pause,2026-04-23,10:46:43
2026-04-23,10:37:17,CAR,"""Avis Budget Group, Inc.""",Nasdaq,LULD pause,2026-04-23,10:42:17
2026-04-23,10:32:54,WLACU,Willow Lane Acquisition Corp. Unit,Nasdaq,LULD pause,2026-04-23,10:37:54
2026-04-23,10:31:10,CAR,"""Avis Budget Group, Inc.""",Nasdaq,LULD pause,2026-04-23,10:36:10
2026-04-23,10:31:04,LABT,Lakewood-Amedex Biotherapeutics Inc. Common Stock,Nasdaq,LULD pause,2026-04-23,10:36:04
2026-04-23,10:30:36,EUDA,EUDA Health Holdings Limited Ordinary Shares,Nasdaq,LULD pause,2026-04-23,10:40:39
2026-04-23,10:25:42,CAR,"""Avis Budget Group, Inc.""",Nasdaq,LULD pause,2026-04-23,10:30:42
2026-04-23,10:25:16,EUDA,EUDA Health Holdings Limited Ordinary Shares,Nasdaq,LULD pause,2026-04-23,10:30:16
2026-04-23,10:19:37,EUDA,EUDA Health Holdings Limited Ordinary Shares,Nasdaq,LULD pause,2026-04-23,10:24:37
2026-04-23,10:19:34,CAR,"""Avis Budget Group, Inc.""",Nasdaq,LULD pause,2026-04-23,10:24:34
2026-04-23,10:14:18,AUUD,Auddia Inc. Common Stock,Nasdaq,LULD pause,2026-04-23,10:19:18
2026-04-23,10:14:16,EUDA,EUDA Health Holdings Limited Ordinary Shares,Nasdaq,LULD pause,2026-04-23,10:19:16
2026-04-23,10:08:27,NPT,Texxon Holding Limited Ordinary shares,Nasdaq,LULD pause,2026-04-23,10:13:27
2026-04-23,10:04:17,CAR,"""Avis Budget Group, Inc.""",Nasdaq,LULD pause,2026-04-23,10:09:17
2026-04-23,10:02:50,NPT,Texxon Holding Limited Ordinary shares,Nasdaq,LULD pause,2026-04-23,10:07:50
2026-04-23,10:00:19,AUUD,Auddia Inc. Common Stock,Nasdaq,LULD pause,2026-04-23,10:05:19
2026-04-23,09:59:28,NCEW,New Century Logistics (BVI) Limited Ordinary Shares,Nasdaq,LULD pause,2026-04-23,10:04:28
2026-04-23,09:57:40,EUDA,EUDA Health Holdings Limited Ordinary Shares,Nasdaq,LULD pause,2026-04-23,10:13:41
2026-04-23,09:55:50,NPT,Texxon Holding Limited Ordinary shares,Nasdaq,LULD pause,2026-04-23,10:00:50
2026-04-23,09:54:40,AUUD,Auddia Inc. Common Stock,Nasdaq,LULD pause,2026-04-23,09:59:40
2026-04-23,09:53:04,CAR,"""Avis Budget Group, Inc.""",Nasdaq,LULD pause,2026-04-23,09:58:04
2026-04-23,09:47:19,EUDA,EUDA Health Holdings Limited Ordinary Shares,Nasdaq,LULD pause,2026-04-23,09:57:19
2026-04-23,09:44:59,PCTTU,"""PureCycle Technologies, Inc. Unit""",Nasdaq,LULD pause,2026-04-23,09:49:59
2026-04-23,09:44:27,AUUD,Auddia Inc. Common Stock,Nasdaq,LULD pause,2026-04-23,09:49:27
2026-04-23,09:43:31,CAR,"""Avis Budget Group, Inc.""",Nasdaq,LULD pause,2026-04-23,09:48:31
2026-04-23,09:38:44,AUUD,Auddia Inc. Common Stock,Nasdaq,LULD pause,2026-04-23,09:43:44
2026-04-23,09:37:50,CAR,"""Avis Budget Group, Inc.""",Nasdaq,LULD pause,2026-04-23,09:42:50
2026-04-23,09:37:04,EUDA,EUDA Health Holdings Limited Ordinary Shares,Nasdaq,LULD pause,2026-04-23,09:47:04
2026-04-23,09:33:17,IRDM,Iridium Communications Inc.,Nasdaq,LULD pause,2026-04-23,09:38:17
2026-04-23,09:33:09,CPIX,Cumberland Pharmaceuticals Inc,Nasdaq,LULD pause,2026-04-23,09:38:09
2026-04-23,09:32:22,AUUD,Auddia Inc. Common Stock,Nasdaq,LULD pause,2026-04-23,09:37:22
2026-04-23,09:31:36,EUDA,EUDA Health Holdings Limited Ordinary Shares,Nasdaq,LULD pause,2026-04-23,09:36:36
2026-04-23,09:30:47,UPC,Universe Pharmaceuticals Inc. Class A Ordinary Shares,Nasdaq,LULD pause,2026-04-23,09:40:47
2026-04-23,09:30:33,ARBK,Argo Blockchain plc American Depositary Shares,Nasdaq,LULD pause,2026-04-23,09:35:33
2026-04-23,09:30:26,ANTA,Antalpha Platform Holding Company Class A Ordinary Shares,Nasdaq,LULD pause,2026-04-23,09:40:26
2026-04-23,09:30:15,WSO B,"""Watsco, Inc. Class B""",NYSE,LULD pause,2026-04-23,09:35:15
2026-04-23,09:21:59,TBRG,"""TruBridge, Inc. Common Stock""",Nasdaq,News pending,2026-04-23,10:10:00
2026-04-22,19:50:00,DAWN,"""Day One Biopharmaceuticals, Inc. Common Stock""",Nasdaq,News pending,,
2026-04-22,19:50:00,IPST,"""IP Strategy Holdings, Inc. Common Stock""",Nasdaq,News pending,2026-04-23,09:00:00
2026-04-22,19:50:00,IPST,"""IP Strategy Holdings, Inc. Common Stock""",Nasdaq,News pending,,
2026-04-22,15:45:47,AKAN,Akanda Corp. Common Shares,Nasdaq,LULD pause,2026-04-22,16:00:00
2026-04-22,15:35:33,AKAN,Akanda Corp. Common Shares,Nasdaq,LULD pause,2026-04-22,15:40:33
2026-04-22,14:36:08,RPGL,Republic Power Group Limited Class A Ordinary Shares,Nasdaq,LULD pause,2026-04-22,14:41:08
2026-04-22,14:33:34,AKAN,Akanda Corp. Common Shares,Nasdaq,LULD pause,2026-04-22,14:43:34
2026-04-22,14:10:34,AKAN,Akanda Corp. Common Shares,Nasdaq,LULD pause,2026-04-22,14:15:34
2026-04-22,13:29:49,GNLN,"""Greenlane Holdings, Inc. Class A Common Stock""",Nasdaq,LULD pause,2026-04-22,13:34:49
2026-04-22,13:18:26,GNLN,"""Greenlane Holdings, Inc. Class A Common Stock""",Nasdaq,LULD pause,2026-04-22,13:23:26
2026-04-22,13:05:22,GNLN,"""Greenlane Holdings, Inc. Class A Common Stock""",Nasdaq,LULD pause,2026-04-22,13:15:22
2026-04-22,12:34:39,AKAN,Akanda Corp. Common Shares,Nasdaq,LULD pause,2026-04-22,12:44:39
2026-04-22,12:27:09,AKAN,Akanda Corp. Common Shares,Nasdaq,LULD pause,2026-04-22,12:32:09
2026-04-22,12:21:42,AKAN,Akanda Corp. Common Shares,Nasdaq,LULD pause,2026-04-22,12:26:42
2026-04-22,12:14:04,RETO,"""ReTo Eco-Solutions, Inc. Class A Shares""",Nasdaq,LULD pause,2026-04-22,12:19:04
2026-04-22,12:11:18,AKAN,Akanda Corp. Common Shares,Nasdaq,LULD pause,2026-04-22,12:21:18
2026-04-22,12:05:26,AKAN,Akanda Corp. Common Shares,Nasdaq,LULD pause,2026-04-22,12:10:26
2026-04-22,11:51:13,AKAN,Akanda Corp. Common Shares,Nasdaq,LULD pause,2026-04-22,12:01:13
2026-04-22,11:49:54,TLRY,"""Tilray Brands, Inc. Common Stock""",Nasdaq,LULD pause,2026-04-22,11:59:54
2026-04-22,11:49:48,MSOS,AdvisorShares Pure US Cannabis ETF,NYSE Arca,LULD pause,2026-04-22,11:59:48
2026-04-22,11:27:50,BLCN,Siren ETF Trust Siren NexGen Economy ETF,Nasdaq,LULD pause,2026-04-22,11:32:50
2026-04-22,11:23:37,QVCGP,"""QVC Group, Inc. 8.0% Fixed Rate Cumulative Redeemable Preferred Stock""",Nasdaq,LULD pause,2026-04-22,11:28:37
2026-04-22,10:53:18,DETX,"""Liberty Defense Holdings, Ltd. Common Shares""",Nasdaq,LULD pause,2026-04-22,10:58:18
2026-04-22,10:14:42,BGIN,Bgin Blockchain Limited Class A Ordinary Shares,Nasdaq,LULD pause,2026-04-22,10:19:42
2026-04-22,10:13:57,MAAS,Maase Inc. Class A Ordinary Shares,Nasdaq,LULD pause,2026-04-22,10:18:57
2026-04-22,10:08:32,BGIN,Bgin Blockchain Limited Class A Ordinary Shares,Nasdaq,LULD pause,2026-04-22,10:13:32
2026-04-22,09:59:51,AFJK,"""Aimei Health Technology Co., Ltd Ordinary Share""",Nasdaq,LULD pause,2026-04-22,10:04:51
2026-04-22,09:57:13,MAAS,Maase Inc. Class A Ordinary Shares,Nasdaq,LULD pause,2026-04-22,10:02:13
2026-04-22,09:54:24,RETO,"""ReTo Eco-Solutions, Inc. Class A Shares""",Nasdaq,LULD pause,2026-04-22,09:59:24
2026-04-22,09:47:37,MAAS,Maase Inc. Class A Ordinary Shares,Nasdaq,LULD pause,2026-04-22,09:52:37
2026-04-22,09:43:37,AGPU,Axe Compute Inc. Common Stock,Nasdaq,LULD pause,2026-04-22,09:48:37
2026-04-22,09:41:55,RETO,"""ReTo Eco-Solutions, Inc. Class A Shares""",Nasdaq,LULD pause,2026-04-22,09:46:55
2026-04-22,09:39:11,BIO B,"""Bio-Rad Laboratories, Inc. Class B""",NYSE,LULD pause,2026-04-22,09:44:11
2026-04-22,09:37:43,ELPW,Elong Power Holding Limited Class A Ordinary Shares,Nasdaq,LULD pause,2026-04-22,09:42:43
2026-04-22,09:37:04,AGPU,Axe Compute Inc. Common Stock,Nasdaq,LULD pause,2026-04-22,09:42:04
2026-04-22,09:36:33,RETO,"""ReTo Eco-Solutions, Inc. Class A Shares""",Nasdaq,LULD pause,2026-04-22,09:41:33
2026-04-22,09:33:24,INBX,"""Inhibrx Biosciences, Inc. Common Stock""",Nasdaq,LULD pause,2026-04-22,09:38:24
2026-04-22,09:30:15,WSO B,"""Watsco, Inc. Class B""",NYSE,LULD pause,2026-04-22,09:35:15
2026-04-21,19:50:00,DHIL,Diamond Hill Investment Group,Nasdaq,News pending,,
2026-04-21,19:50:00,TOUR,Tuniu Corporation,Nasdaq,News pending,,
2026-04-21,19:50:00,TOUR,Tuniu Corporation,Nasdaq,News pending,2026-04-22,09:00:00
2026-04-21,19:50:00,KUST,"""Kustom Entertainment, Inc. Common Stock""",Nasdaq,News pending,,
2026-04-21,19:50:00,KUST,"""Kustom Entertainment, Inc. Common Stock""",Nasdaq,News pending,2026-04-22,09:00:00
2026-04-21,12:12:31,CAR,"""Avis Budget Group, Inc.""",Nasdaq,LULD pause,2026-04-21,12:17:31
2026-04-21,12:06:13,JLHL,Julong Holding Limited Class A Ordinary Shares,Nasdaq,LULD pause,2026-04-21,12:11:13
2026-04-21,12:02:13,HUBC,Hub Cyber Security Ltd. Ordinary Shares,Nasdaq,LULD pause,2026-04-21,12:12:13
2026-04-21,11:56:56,JLHL,Julong Holding Limited Class A Ordinary Shares,Nasdaq,LULD pause,2026-04-21,12:01:56
2026-04-21,11:53:02,CAR,"""Avis Budget Group, Inc.""",Nasdaq,LULD pause,2026-04-21,11:58:02
2026-04-21,11:45:55,JLHL,Julong Holding Limited Class A Ordinary Shares,Nasdaq,LULD pause,2026-04-21,11:50:55
2026-04-21,11:07:06,VACH,Voyager Acquisition Corp Class A Ordinary Shares,Nasdaq,LULD pause,2026-04-21,11:12:06
2026-04-21,11:03:47,JLHL,Julong Holding Limited Class A Ordinary Shares,Nasdaq,LULD pause,2026-04-21,11:08:47
2026-04-21,10:49:40,JLHL,Julong Holding Limited Class A Ordinary Shares,Nasdaq,LULD pause,2026-04-21,10:54:40
2026-04-21,10:41:49,CAR,"""Avis Budget Group, Inc.""",Nasdaq,LULD pause,2026-04-21,10:46:49
2026-04-21,10:17:37,CAR,"""Avis Budget Group, Inc.""",Nasdaq,LULD pause,2026-04-21,10:22:37
2026-04-21,10:12:20,CAR,"""Avis Budget Group, Inc.""",Nasdaq,LULD pause,2026-04-21,10:17:20
2026-04-21,10:11:20,RPGL,Republic Power Group Limited Class A Ordinary Shares,Nasdaq,LULD pause,2026-04-21,10:16:20
2026-04-21,10:08:51,BIO B,"""Bio-Rad Laboratories, Inc. Class B""",NYSE,LULD pause,2026-04-21,10:13:51
2026-04-21,10:04:39,RPGL,Republic Power Group Limited Class A Ordinary Shares,Nasdaq,LULD pause,2026-04-21,10:09:39
2026-04-21,10:02:40,TDIC,Dreamland Limited Class A Ordinary Shares,Nasdaq,LULD pause,2026-04-21,10:07:40
2026-04-21,09:57:05,TDIC,Dreamland Limited Class A Ordinary Shares,Nasdaq,LULD pause,2026-04-21,10:02:05
2026-04-21,09:56:37,RPGL,Republic Power Group Limited Class A Ordinary Shares,Nasdaq,LULD pause,2026-04-21,10:01:37
2026-04-21,09:53:04,LOBO,LOBO TECHNOLOGIES LTD. Class A Ordinary Shares,Nasdaq,LULD pause,2026-04-21,09:58:04
2026-04-21,09:50:19,TDIC,Dreamland Limited Class A Ordinary Shares,Nasdaq,LULD pause,2026-04-21,09:55:19
2026-04-21,09:47:41,JLHL,Julong Holding Limited Class A Ordinary Shares,Nasdaq,LULD pause,2026-04-21,09:52:41
2026-04-21,09:47:02,BIO B,"""Bio-Rad Laboratories, Inc. Class B""",NYSE,LULD pause,2026-04-21,09:52:02
2026-04-21,09:42:06,TDIC,Dreamland Limited Class A Ordinary Shares,Nasdaq,LULD pause,2026-04-21,09:47:06
2026-04-21,09:40:16,CAR,"""Avis Budget Group, Inc.""",Nasdaq,LULD pause,2026-04-21,09:45:16
2026-04-21,09:37:25,JLHL,Julong Holding Limited Class A Ordinary Shares,Nasdaq,LULD pause,2026-04-21,09:47:26
2026-04-21,09:35:54,FGI,FGI Industries Ltd. Ordinary Shares,Nasdaq,LULD pause,2026-04-21,09:40:54
2026-04-21,09:33:52,LOBO,LOBO TECHNOLOGIES LTD. Class A Ordinary Shares,Nasdaq,LULD pause,2026-04-21,09:38:52
2026-04-21,09:33:35,MVRL,ETRACS Monthly Pay 1.5X Leveraged Mortgage REIT ETN,NYSE Arca,LULD pause,2026-04-21,09:38:35
2026-04-21,09:32:58,CAR,"""Avis Budget Group, Inc.""",Nasdaq,LULD pause,2026-04-21,09:37:58
2026-04-21,09:30:23,UNHW,Roundhill UNH WeeklyPay ETF,Cboe BZX,LULD pause,2026-04-21,09:35:23
2026-04-21,09:30:15,WSO B,"""Watsco, Inc. Class B""",NYSE,LULD pause,2026-04-21,09:36:12
2026-04-21,09:10:00,ELSE,Electro-Sensors Inc,Nasdaq,News pending,2026-04-21,10:00:00
2026-04-20,19:50:00,KITTW,"""Nauticus Robotics, Inc Warrant""",Nasdaq,News pending,,
2026-04-20,19:50:00,KITTW,"""Nauticus Robotics, Inc Warrant""",Nasdaq,News pending,2026-04-21,09:05:00
2026-04-20,19:50:00,KITT,"""Nauticus Robotics, Inc. Common stock""",Nasdaq,News pending,2026-04-21,09:00:00
2026-04-20,19:50:00,KITT,"""Nauticus Robotics, Inc. Common stock""",Nasdaq,News pending,,
2026-04-20,19:50:00,ZSPC,"""zSpace, Inc. Common stock""",Nasdaq,News pending,2026-04-21,09:00:00
2026-04-20,19:50:00,ZSPC,"""zSpace, Inc. Common stock""",Nasdaq,News pending,,
2026-04-20,15:29:48,MAAS,Maase Inc. Class A Ordinary Shares,Nasdaq,LULD pause,2026-04-20,15:39:48
2026-04-20,15:18:05,MAAS,Maase Inc. Class A Ordinary Shares,Nasdaq,LULD pause,2026-04-20,15:28:05
2026-04-20,15:11:54,MAAS,Maase Inc. Class A Ordinary Shares,Nasdaq,LULD pause,2026-04-20,15:16:54
2026-04-20,15:01:36,MAAS,Maase Inc. Class A Ordinary Shares,Nasdaq,LULD pause,2026-04-20,15:11:36
2026-04-20,14:51:16,MAAS,Maase Inc. Class A Ordinary Shares,Nasdaq,LULD pause,2026-04-20,15:01:16
2026-04-20,14:40:49,MAAS,Maase Inc. Class A Ordinary Shares,Nasdaq,LULD pause,2026-04-20,14:50:49
2026-04-20,14:29:06,MAAS,Maase Inc. Class A Ordinary Shares,Nasdaq,LULD pause,2026-04-20,14:39:07
2026-04-20,13:49:07,VACH,Voyager Acquisition Corp Class A Ordinary Shares,Nasdaq,LULD pause,2026-04-20,13:54:07
2026-04-20,13:02:07,VACH,Voyager Acquisition Corp Class A Ordinary Shares,Nasdaq,LULD pause,2026-04-20,13:07:07
2026-04-20,12:47:01,WLDS,Wearable Devices Ltd. Ordinary Share,Nasdaq,LULD pause,2026-04-20,12:57:01
2026-04-20,12:26:07,JUDO,Janus Henderson U.S. Equity Enhanced Income ETF,Cboe BZX,LULD pause,2026-04-20,12:31:07
2026-04-20,11:40:39,NCEW,New Century Logistics (BVI) Limited Ordinary Shares,Nasdaq,LULD pause,2026-04-20,11:45:39
2026-04-20,10:42:10,FCHL,Fitness Champs Holdings Limited Common Stock,Nasdaq,LULD pause,2026-04-20,10:47:10
2026-04-20,10:41:22,HSPT,Horizon Space Acquisition II Corp. Ordinary share,Nasdaq,LULD pause,2026-04-20,10:46:22
2026-04-20,10:36:16,JLHL,Julong Holding Limited Class A Ordinary Shares,Nasdaq,LULD pause,2026-04-20,10:46:16
2026-04-20,10:34:11,FGI,FGI Industries Ltd. Ordinary Shares,Nasdaq,LULD pause,2026-04-20,10:39:11
2026-04-20,10:30:20,JLHL,Julong Holding Limited Class A Ordinary Shares,Nasdaq,LULD pause,2026-04-20,10:35:20
2026-04-20,10:22:40,JLHL,Julong Holding Limited Class A Ordinary Shares,Nasdaq,LULD pause,2026-04-20,10:27:40
2026-04-20,10:16:19,JLHL,Julong Holding Limited Class A Ordinary Shares,Nasdaq,LULD pause,2026-04-20,10:21:19
2026-04-20,10:12:46,FCHL,Fitness Champs Holdings Limited Common Stock,Nasdaq,LULD pause,2026-04-20,10:17:46
2026-04-20,10:04:52,JLHL,Julong Holding Limited Class A Ordinary Shares,Nasdaq,LULD pause,2026-04-20,10:09:52
2026-04-20,10:03:50,FCHL,Fitness Champs Holdings Limited Common Stock,Nasdaq,LULD pause,2026-04-20,10:08:50
2026-04-20,09:54:35,JLHL,Julong Holding Limited Class A Ordinary Shares,Nasdaq,LULD pause,2026-04-20,09:59:35
2026-04-20,09:44:01,JLHL,Julong Holding Limited Class A Ordinary Shares,Nasdaq,LULD pause,2026-04-20,09:54:01
2026-04-20,09:41:54,QUIZ,Zacks Quality International ETF,NYSE Arca,LULD pause,2026-04-20,09:46:54
2026-04-20,09:40:05,CMND,Clearmind Medicine Inc. Common Shares,Nasdaq,LULD pause,2026-04-20,09:45:05
2026-04-20,09:37:29,CMCT,Creative Media & Community Trust Corporation Common stock,Nasdaq,LULD pause,2026-04-20,09:42:29
2026-04-20,09:34:32,CMND,Clearmind Medicine Inc. Common Shares,Nasdaq,LULD pause,2026-04-20,09:39:32
2026-04-20,09:32:27,TRAX,"""First Tracks Biotherapeutics, Inc. Ordinary Shares""",Nasdaq,LULD pause,2026-04-20,09:37:27
2026-04-20,07:43:27,GNS,Genius Group Limited,NYSE American,News pending,2026-04-20,08:15:00
2026-04-20,07:25:00,NKTR,Nektar Therapeutics,Nasdaq,News pending,2026-04-20,08:05:00
2026-04-20,07:01:27,SILA,"""Sila Realty Trust, Inc.""",NYSE,News pending,2026-04-20,08:45:17
2026-04-17,19:50:00,WHLRP,"""Wheeler Real Estate Investment Trust, Inc. Preferred Stock""",Nasdaq,News pending,2026-04-20,09:05:00
2026-04-17,19:50:00,WHLRP,"""Wheeler Real Estate Investment Trust, Inc. Preferred Stock""",Nasdaq,News pending,,
2026-04-17,19:50:00,WHLRL,"""Wheeler Real Estate Investment Trust, Inc. 7.00% Senior Subordinated Convertible Notes Due 2031""",Nasdaq,News pending,2026-04-20,09:05:00
2026-04-17,19:50:00,WHLRL,"""Wheeler Real Estate Investment Trust, Inc. 7.00% Senior Subordinated Convertible Notes Due 2031""",Nasdaq,News pending,,
2026-04-17,19:50:00,WHLRD,"""Wheeler Real Estate Investment Trust, Inc. Series D Cumulative Preferred Stock""",Nasdaq,News pending,,
2026-04-17,19:50:00,WHLRD,"""Wheeler Real Estate Investment Trust, Inc. Series D Cumulative Preferred Stock""",Nasdaq,News pending,2026-04-20,09:05:00
2026-04-17,19:50:00,HUBCZ,Hub Cyber Security Ltd. Warrant,Nasdaq,News pending,2026-04-20,09:05:00
2026-04-17,19:50:00,HUBCZ,Hub Cyber Security Ltd. Warrant,Nasdaq,News pending,,
2026-04-17,19:50:00,HUBCW,Hub Cyber Security Ltd. Warrant 2/27/28,Nasdaq,News pending,2026-04-20,09:05:00
2026-04-17,19:50:00,HUBCW,Hub Cyber Security Ltd. Warrant 2/27/28,Nasdaq,News pending,,
2026-04-17,19:50:00,TDIC,Dreamland Limited Class A Ordinary Shares,Nasdaq,News pending,,
2026-04-17,19:50:00,TDIC,Dreamland Limited Class A Ordinary Shares,Nasdaq,News pending,2026-04-20,09:00:00
2026-04-17,19:50:00,EHGO,Eshallgo Inc. Class A Ordinary Shares,Nasdaq,News pending,,
2026-04-17,19:50:00,EHGO,Eshallgo Inc. Class A Ordinary Shares,Nasdaq,News pending,2026-04-20,09:00:00
2026-04-17,19:50:00,LRHC,La Rosa Holding Corp. Common Stock,Nasdaq,News pending,,
2026-04-17,19:50:00,LRHC,La Rosa Holding Corp. Common Stock,Nasdaq,News pending,2026-04-20,09:00:00
2026-04-17,19:50:00,RAYA,Erayak Power Solution Group Inc. Class A Ordinary Shares,Nasdaq,News pending,,
2026-04-17,19:50:00,RAYA,Erayak Power Solution Group Inc. Class A Ordinary Shares,Nasdaq,News pending,2026-04-20,09:00:00
2026-04-17,19:50:00,LXEH,"""Lixiang Education Holding Co., Ltd. American Depositary Shares""",Nasdaq,News pending,2026-04-20,09:00:00
2026-04-17,19:50:00,LXEH,"""Lixiang Education Holding Co., Ltd. American Depositary Shares""",Nasdaq,News pending,,
2026-04-17,19:50:00,WHLR,"""Wheeler Real Estate Investment Trust, Inc""",Nasdaq,News pending,2026-04-20,09:00:00
2026-04-17,19:50:00,WHLR,"""Wheeler Real Estate Investment Trust, Inc""",Nasdaq,News pending,,
2026-04-17,19:50:00,CMCT,Creative Media & Community Trust Corporation Common stock,Nasdaq,News pending,2026-04-20,09:00:00
2026-04-17,19:50:00,CMCT,Creative Media & Community Trust Corporation Common stock,Nasdaq,News pending,,
2026-04-17,19:50:00,HUBC,Hub Cyber Security Ltd. Ordinary Shares,Nasdaq,News pending,,
2026-04-17,19:50:00,HUBC,Hub Cyber Security Ltd. Ordinary Shares,Nasdaq,News pending,2026-04-20,09:00:00
2026-04-17,16:05:58,QVCD,"""QVC, Inc. 6.375% Senior Secured Notes due 2067""",NYSE,News Released,,
2026-04-17,16:05:58,QVCC,"""QVC, Inc. 6.250% Senior Secured Notes due 2068""",NYSE,News Released,,
2026-04-17,15:28:25,QVCGP,"""QVC Group, Inc. 8.0% Fixed Rate Cumulative Redeemable Preferred Stock""",Nasdaq,LULD pause,2026-04-17,15:33:25
2026-04-17,15:17:17,QVCGP,"""QVC Group, Inc. 8.0% Fixed Rate Cumulative Redeemable Preferred Stock""",Nasdaq,LULD pause,2026-04-17,15:22:17
2026-04-17,15:06:30,PBM,Psyence Biomedical Ltd. Common Shares,Nasdaq,LULD pause,2026-04-17,15:11:30
2026-04-17,13:55:09,QVCGP,"""QVC Group, Inc. 8.0% Fixed Rate Cumulative Redeemable Preferred Stock""",Nasdaq,LULD pause,2026-04-17,14:00:09
2026-04-17,13:41:15,QVCGP,"""QVC Group, Inc. 8.0% Fixed Rate Cumulative Redeemable Preferred Stock""",Nasdaq,LULD pause,2026-04-17,13:46:15
2026-04-17,13:25:30,QVCGP,"""QVC Group, Inc. 8.0% Fixed Rate Cumulative Redeemable Preferred Stock""",Nasdaq,LULD pause,2026-04-17,13:30:30
2026-04-17,13:11:00,QVCGP,"""QVC Group, Inc. 8.0% Fixed Rate Cumulative Redeemable Preferred Stock""",Nasdaq,LULD pause,2026-04-17,13:16:00
2026-04-17,13:04:42,QVCGP,"""QVC Group, Inc. 8.0% Fixed Rate Cumulative Redeemable Preferred Stock""",Nasdaq,LULD pause,2026-04-17,13:09:42
2026-04-17,12:58:40,WNW,Meiwu Technology Company Limited Ordinary Shares,Nasdaq,LULD pause,2026-04-17,13:08:40
2026-04-17,12:56:25,QVCGP,"""QVC Group, Inc. 8.0% Fixed Rate Cumulative Redeemable Preferred Stock""",Nasdaq,LULD pause,2026-04-17,13:01:25
2026-04-17,12:35:42,QVCGP,"""QVC Group, Inc. 8.0% Fixed Rate Cumulative Redeemable Preferred Stock""",Nasdaq,LULD pause,2026-04-17,12:40:42
2026-04-17,12:28:45,ZDAI,"""DirectBooking Technology Co., Ltd. Class A Ordinary Shares""",Nasdaq,LULD pause,2026-04-17,12:38:45
2026-04-17,12:20:33,QVCGP,"""QVC Group, Inc. 8.0% Fixed Rate Cumulative Redeemable Preferred Stock""",Nasdaq,LULD pause,2026-04-17,12:25:33
2026-04-17,12:20:32,ZDAI,"""DirectBooking Technology Co., Ltd. Class A Ordinary Shares""",Nasdaq,LULD pause,2026-04-17,12:25:32
2026-04-17,12:12:25,QVCGP,"""QVC Group, Inc. 8.0% Fixed Rate Cumulative Redeemable Preferred Stock""",Nasdaq,LULD pause,2026-04-17,12:17:25
2026-04-17,12:11:58,ZDAI,"""DirectBooking Technology Co., Ltd. Class A Ordinary Shares""",Nasdaq,LULD pause,2026-04-17,12:16:58
2026-04-17,12:02:08,ZDAI,"""DirectBooking Technology Co., Ltd. Class A Ordinary Shares""",Nasdaq,LULD pause,2026-04-17,12:07:08
2026-04-17,12:00:15,JLHL,Julong Holding Limited Class A Ordinary Shares,Nasdaq,LULD pause,2026-04-17,12:05:15
2026-04-17,11:57:58,QVCGP,"""QVC Group, Inc. 8.0% Fixed Rate Cumulative Redeemable Preferred Stock""",Nasdaq,LULD pause,2026-04-17,12:02:58
2026-04-17,11:56:58,NPT,Texxon Holding Limited Ordinary shares,Nasdaq,LULD pause,2026-04-17,12:01:58
2026-04-17,11:46:37,ZDAI,"""DirectBooking Technology Co., Ltd. Class A Ordinary Shares""",Nasdaq,LULD pause,2026-04-17,12:01:37
2026-04-17,11:46:18,NPT,Texxon Holding Limited Ordinary shares,Nasdaq,LULD pause,2026-04-17,11:56:18
2026-04-17,11:38:13,QVCGP,"""QVC Group, Inc. 8.0% Fixed Rate Cumulative Redeemable Preferred Stock""",Nasdaq,LULD pause,2026-04-17,11:43:13
2026-04-17,11:25:00,QVCGP,"""QVC Group, Inc. 8.0% Fixed Rate Cumulative Redeemable Preferred Stock""",Nasdaq,LULD pause,2026-04-17,11:30:00
2026-04-17,11:18:35,JLHL,Julong Holding Limited Class A Ordinary Shares,Nasdaq,LULD pause,2026-04-17,11:38:35
2026-04-17,11:18:19,QVCGP,"""QVC Group, Inc. 8.0% Fixed Rate Cumulative Redeemable Preferred Stock""",Nasdaq,LULD pause,2026-04-17,11:23:19
2026-04-17,11:18:10,ZDAI,"""DirectBooking Technology Co., Ltd. Class A Ordinary Shares""",Nasdaq,LULD pause,2026-04-17,11:46:09
2026-04-17,11:13:14,JLHL,Julong Holding Limited Class A Ordinary Shares,Nasdaq,LULD pause,2026-04-17,11:18:14
2026-04-17,11:12:39,LZMH,LZ Technology Holdings Limited Class B Ordinary Shares,Nasdaq,LULD pause,2026-04-17,11:17:39
2026-04-17,11:12:34,ZDAI,"""DirectBooking Technology Co., Ltd. Class A Ordinary Shares""",Nasdaq,LULD pause,2026-04-17,11:17:34
2026-04-17,11:08:03,QVCGP,"""QVC Group, Inc. 8.0% Fixed Rate Cumulative Redeemable Preferred Stock""",Nasdaq,LULD pause,2026-04-17,11:13:03
2026-04-17,11:07:54,JLHL,Julong Holding Limited Class A Ordinary Shares,Nasdaq,LULD pause,2026-04-17,11:12:54
2026-04-17,11:07:06,ZDAI,"""DirectBooking Technology Co., Ltd. Class A Ordinary Shares""",Nasdaq,LULD pause,2026-04-17,11:12:06
2026-04-17,10:49:49,JLHL,Julong Holding Limited Class A Ordinary Shares,Nasdaq,LULD pause,2026-04-17,11:04:50
2026-04-17,10:43:59,CVKD,"""Cadrenal Therapeutics, Inc. Common Stock""",Nasdaq,LULD pause,2026-04-17,10:48:59
2026-04-17,10:40:39,ZDAI,"""DirectBooking Technology Co., Ltd. Class A Ordinary Shares""",Nasdaq,LULD pause,2026-04-17,11:05:40
2026-04-17,10:35:42,JLHL,Julong Holding Limited Class A Ordinary Shares,Nasdaq,LULD pause,2026-04-17,10:40:42
2026-04-17,10:29:55,ZDAI,"""DirectBooking Technology Co., Ltd. Class A Ordinary Shares""",Nasdaq,LULD pause,2026-04-17,10:39:55
2026-04-17,10:29:49,LZMH,LZ Technology Holdings Limited Class B Ordinary Shares,Nasdaq,LULD pause,2026-04-17,10:34:49
2026-04-17,10:26:41,QVCGP,"""QVC Group, Inc. 8.0% Fixed Rate Cumulative Redeemable Preferred Stock""",Nasdaq,LULD pause,2026-04-17,10:31:41
2026-04-17,10:21:53,LZMH,LZ Technology Holdings Limited Class B Ordinary Shares,Nasdaq,LULD pause,2026-04-17,10:26:53
2026-04-17,10:18:52,QVCGP,"""QVC Group, Inc. 8.0% Fixed Rate Cumulative Redeemable Preferred Stock""",Nasdaq,LULD pause,2026-04-17,10:23:52
2026-04-17,10:16:10,LZMH,LZ Technology Holdings Limited Class B Ordinary Shares,Nasdaq,LULD pause,2026-04-17,10:21:10
2026-04-17,10:12:41,JLHL,Julong Holding Limited Class A Ordinary Shares,Nasdaq,LULD pause,2026-04-17,10:17:41
2026-04-17,10:11:58,QVCGP,"""QVC Group, Inc. 8.0% Fixed Rate Cumulative Redeemable Preferred Stock""",Nasdaq,LULD pause,2026-04-17,10:16:58
2026-04-17,10:03:34,QVCGP,"""QVC Group, Inc. 8.0% Fixed Rate Cumulative Redeemable Preferred Stock""",Nasdaq,LULD pause,2026-04-17,10:08:34
2026-04-17,10:02:17,LZMH,LZ Technology Holdings Limited Class B Ordinary Shares,Nasdaq,LULD pause,2026-04-17,10:07:17
2026-04-17,09:48:01,JLHL,Julong Holding Limited Class A Ordinary Shares,Nasdaq,LULD pause,2026-04-17,10:08:01
2026-04-17,09:47:29,BIRD,"""Allbirds, Inc. Class A Common Stock""",Nasdaq,LULD pause,2026-04-17,09:52:29
2026-04-17,09:43:42,ZDAI,"""DirectBooking Technology Co., Ltd. Class A Ordinary Shares""",Nasdaq,LULD pause,2026-04-17,10:28:42
2026-04-17,09:39:55,NPT,Texxon Holding Limited Ordinary shares,Nasdaq,LULD pause,2026-04-17,09:44:55
2026-04-17,09:38:54,QVCGP,"""QVC Group, Inc. 8.0% Fixed Rate Cumulative Redeemable Preferred Stock""",Nasdaq,LULD pause,2026-04-17,09:43:54
2026-04-17,09:37:05,ZDAI,"""DirectBooking Technology Co., Ltd. Class A Ordinary Shares""",Nasdaq,LULD pause,2026-04-17,09:42:05
2026-04-17,09:36:10,EFOI,"""Energy Focus, Inc.""",Nasdaq,LULD pause,2026-04-17,09:41:10
2026-04-17,09:30:52,ZDAI,"""DirectBooking Technology Co., Ltd. Class A Ordinary Shares""",Nasdaq,LULD pause,2026-04-17,09:35:52
2026-04-17,09:30:16,WSO B,"""Watsco, Inc. Class B""",NYSE,LULD pause,2026-04-17,09:35:16
2026-04-16,19:50:00,PMAX,Powell Max Limited Class A Ordinary Shares,Nasdaq,News pending,,
2026-04-16,19:50:00,PMAX,Powell Max Limited Class A Ordinary Shares,Nasdaq,News pending,2026-04-17,09:00:00
2026-04-16,15:49:15,JLHL,Julong Holding Limited Class A Ordinary Shares,Nasdaq,LULD pause,2026-04-16,16:00:00
2026-04-16,15:24:58,JLHL,Julong Holding Limited Class A Ordinary Shares,Nasdaq,LULD pause,2026-04-16,15:34:58
2026-04-16,15:22:04,CDT,CDT Equity Inc. Common Stock,Nasdaq,LULD pause,2026-04-16,15:32:04
2026-04-16,15:14:28,JLHL,Julong Holding Limited Class A Ordinary Shares,Nasdaq,LULD pause,2026-04-16,15:24:28
2026-04-16,15:04:10,JLHL,Julong Holding Limited Class A Ordinary Shares,Nasdaq,LULD pause,2026-04-16,15:14:11
2026-04-16,15:00:31,SOHOO,Sotherly Hotels Inc. 7.875 Percent Series C Cumulative Redeemable Perpetual Preferred Stock,Nasdaq,LULD pause,2026-04-16,15:05:31
2026-04-16,14:37:01,JLHL,Julong Holding Limited Class A Ordinary Shares,Nasdaq,LULD pause,2026-04-16,15:03:48
2026-04-16,14:31:56,SENEB,Seneca Foods Corp,Nasdaq,LULD pause,2026-04-16,14:36:56
2026-04-16,14:31:43,JLHL,Julong Holding Limited Class A Ordinary Shares,Nasdaq,LULD pause,2026-04-16,14:36:43
2026-04-16,14:21:19,JLHL,Julong Holding Limited Class A Ordinary Shares,Nasdaq,LULD pause,2026-04-16,14:31:20
2026-04-16,14:11:01,JLHL,Julong Holding Limited Class A Ordinary Shares,Nasdaq,LULD pause,2026-04-16,14:21:01
2026-04-16,14:00:38,JLHL,Julong Holding Limited Class A Ordinary Shares,Nasdaq,LULD pause,2026-04-16,14:10:38
2026-04-16,13:58:01,ONFO,Onfolio Holdings Inc. Common Stock,Nasdaq,LULD pause,2026-04-16,14:03:01
2026-04-16,13:54:25,JLHL,Julong Holding Limited Class A Ordinary Shares,Nasdaq,LULD pause,2026-04-16,13:59:25
2026-04-16,13:27:17,CDT,CDT Equity Inc. Common Stock,Nasdaq,LULD pause,2026-04-16,13:32:17
2026-04-16,13:13:37,PBM,Psyence Biomedical Ltd. Common Shares,Nasdaq,LULD pause,2026-04-16,13:23:37
2026-04-16,12:43:29,PBM,Psyence Biomedical Ltd. Common Shares,Nasdaq,LULD pause,2026-04-16,12:48:29
2026-04-16,12:20:51,PBM,Psyence Biomedical Ltd. Common Shares,Nasdaq,LULD pause,2026-04-16,12:30:51
2026-04-16,12:20:07,MGRT,Mega Fortune Company Limited Ordinary Shares,Nasdaq,LULD pause,2026-04-16,12:30:08
2026-04-16,12:09:29,MGRT,Mega Fortune Company Limited Ordinary Shares,Nasdaq,LULD pause,2026-04-16,12:19:30
2026-04-16,12:06:07,PBM,Psyence Biomedical Ltd. Common Shares,Nasdaq,LULD pause,2026-04-16,12:16:07
2026-04-16,12:06:02,ONFO,Onfolio Holdings Inc. Common Stock,Nasdaq,LULD pause,2026-04-16,12:11:02
2026-04-16,11:50:42,PBM,Psyence Biomedical Ltd. Common Shares,Nasdaq,LULD pause,2026-04-16,12:02:51
2026-04-16,11:41:27,MTC,"""MMTec, Inc. Common Shares""",Nasdaq,LULD pause,2026-04-16,11:46:27
2026-04-16,11:41:12,MGRT,Mega Fortune Company Limited Ordinary Shares,Nasdaq,LULD pause,2026-04-16,12:09:07
2026-04-16,11:41:05,NPT,Texxon Holding Limited Ordinary shares,Nasdaq,LULD pause,2026-04-16,11:51:05
2026-04-16,11:35:35,NPT,Texxon Holding Limited Ordinary shares,Nasdaq,LULD pause,2026-04-16,11:40:35
2026-04-16,11:35:21,MGRT,Mega Fortune Company Limited Ordinary Shares,Nasdaq,LULD pause,2026-04-16,11:40:21
2026-04-16,11:29:06,NPT,Texxon Holding Limited Ordinary shares,Nasdaq,LULD pause,2026-04-16,11:34:06
2026-04-16,11:27:12,ONFO,Onfolio Holdings Inc. Common Stock,Nasdaq,LULD pause,2026-04-16,11:32:12
2026-04-16,11:23:56,WSO B,"""Watsco, Inc. Class B""",NYSE,LULD pause,2026-04-16,11:29:40
2026-04-16,11:23:36,MGRT,Mega Fortune Company Limited Ordinary Shares,Nasdaq,LULD pause,2026-04-16,11:33:36
2026-04-16,11:20:54,ONFO,Onfolio Holdings Inc. Common Stock,Nasdaq,LULD pause,2026-04-16,11:25:54
2026-04-16,11:16:01,WSO B,"""Watsco, Inc. Class B""",NYSE,LULD pause,2026-04-16,11:21:13
2026-04-16,11:15:46,MGRT,Mega Fortune Company Limited Ordinary Shares,Nasdaq,LULD pause,2026-04-16,11:20:46
2026-04-16,11:15:46,CAR,"""Avis Budget Group, Inc.""",Nasdaq,LULD pause,2026-04-16,11:20:46
2026-04-16,11:14:49,ONFO,Onfolio Holdings Inc. Common Stock,Nasdaq,LULD pause,2026-04-16,11:19:49
2026-04-16,11:10:49,VACHU,Voyager Acquisition Corp Unit,Nasdaq,LULD pause,2026-04-16,11:25:50
2026-04-16,11:08:03,ONFO,Onfolio Holdings Inc. Common Stock,Nasdaq,LULD pause,2026-04-16,11:13:03
2026-04-16,11:00:57,ONFO,Onfolio Holdings Inc. Common Stock,Nasdaq,LULD pause,2026-04-16,11:05:57
2026-04-16,10:47:02,ONFO,Onfolio Holdings Inc. Common Stock,Nasdaq,LULD pause,2026-04-16,10:52:02
2026-04-16,10:41:29,ONFO,Onfolio Holdings Inc. Common Stock,Nasdaq,LULD pause,2026-04-16,10:46:29
2026-04-16,10:35:30,ONFO,Onfolio Holdings Inc. Common Stock,Nasdaq,LULD pause,2026-04-16,10:40:30
2026-04-16,10:32:06,WSHP,WeShop Holdings Limited Class A Ordinary Shares,Nasdaq,LULD pause,2026-04-16,10:37:06
2026-04-16,10:28:53,ONFO,Onfolio Holdings Inc. Common Stock,Nasdaq,LULD pause,2026-04-16,10:33:53
2026-04-16,10:20:45,ONFO,Onfolio Holdings Inc. Common Stock,Nasdaq,LULD pause,2026-04-16,10:25:45
2026-04-16,10:17:13,WSHP,WeShop Holdings Limited Class A Ordinary Shares,Nasdaq,LULD pause,2026-04-16,10:27:13
2026-04-16,10:15:15,ONFO,Onfolio Holdings Inc. Common Stock,Nasdaq,LULD pause,2026-04-16,10:20:15
2026-04-16,10:07:44,BTOG,Bit Origin Limited Class A Ordinary Shares,Nasdaq,LULD pause,2026-04-16,10:12:44
2026-04-16,10:06:07,WSHP,WeShop Holdings Limited Class A Ordinary Shares,Nasdaq,LULD pause,2026-04-16,10:16:07
2026-04-16,10:02:21,ONFO,Onfolio Holdings Inc. Common Stock,Nasdaq,LULD pause,2026-04-16,10:07:21
2026-04-16,10:01:53,WNW,Meiwu Technology Company Limited Ordinary Shares,Nasdaq,LULD pause,2026-04-16,10:06:53
2026-04-16,09:56:28,BTOG,Bit Origin Limited Class A Ordinary Shares,Nasdaq,LULD pause,2026-04-16,10:01:28
2026-04-16,09:56:20,WNW,Meiwu Technology Company Limited Ordinary Shares,Nasdaq,LULD pause,2026-04-16,10:01:20
2026-04-16,09:56:08,CDT,CDT Equity Inc. Common Stock,Nasdaq,LULD pause,2026-04-16,10:01:08
2026-04-16,09:55:53,WSHP,WeShop Holdings Limited Class A Ordinary Shares,Nasdaq,LULD pause,2026-04-16,10:00:53
2026-04-16,09:55:07,ONFO,Onfolio Holdings Inc. Common Stock,Nasdaq,LULD pause,2026-04-16,10:00:07
2026-04-16,09:52:45,XNDU,Xanadu Quantum Technologies Limited Class B Subordinate Voting Shares,Nasdaq,LULD pause,2026-04-16,09:57:45
2026-04-16,09:47:44,ONFO,Onfolio Holdings Inc. Common Stock,Nasdaq,LULD pause,2026-04-16,09:52:44
2026-04-16,09:46:56,CAR,"""Avis Budget Group, Inc.""",Nasdaq,LULD pause,2026-04-16,09:51:56
2026-04-16,09:44:32,WSHP,WeShop Holdings Limited Class A Ordinary Shares,Nasdaq,LULD pause,2026-04-16,09:49:32
2026-04-16,09:42:56,XNDU,Xanadu Quantum Technologies Limited Class B Subordinate Voting Shares,Nasdaq,LULD pause,2026-04-16,09:47:56
2026-04-16,09:42:09,QVCGP,"""QVC Group, Inc. 8.0% Fixed Rate Cumulative Redeemable Preferred Stock""",Nasdaq,LULD pause,2026-04-16,09:47:09
2026-04-16,09:41:40,HSPT,Horizon Space Acquisition II Corp. Ordinary share,Nasdaq,LULD pause,2026-04-16,09:46:40
2026-04-16,09:41:35,WNW,Meiwu Technology Company Limited Ordinary Shares,Nasdaq,LULD pause,2026-04-16,09:51:35
2026-04-16,09:39:53,CAR,"""Avis Budget Group, Inc.""",Nasdaq,LULD pause,2026-04-16,09:44:53
2026-04-16,09:38:34,WSHP,WeShop Holdings Limited Class A Ordinary Shares,Nasdaq,LULD pause,2026-04-16,09:43:34
2026-04-16,09:37:21,ONFO,Onfolio Holdings Inc. Common Stock,Nasdaq,LULD pause,2026-04-16,09:47:21
2026-04-16,09:36:02,WTF,Waton Financial Limited Ordinary Shares,Nasdaq,LULD pause,2026-04-16,09:41:02
2026-04-16,09:33:09,NVOH,Novo Nordisk A/S (B Shares) ADRhedged,NYSE Arca,LULD pause,2026-04-16,09:38:09
2026-04-16,09:32:07,WSHP,WeShop Holdings Limited Class A Ordinary Shares,Nasdaq,LULD pause,2026-04-16,09:37:07
2026-04-16,09:31:40,ONFO,Onfolio Holdings Inc. Common Stock,Nasdaq,LULD pause,2026-04-16,09:36:40
2026-04-16,09:30:15,WSO B,"""Watsco, Inc. Class B""",NYSE,LULD pause,2026-04-16,09:35:15
2026-04-16,09:30:15,SOHOO,Sotherly Hotels Inc. 7.875 Percent Series C Cumulative Redeemable Perpetual Preferred Stock,Nasdaq,LULD pause,2026-04-16,09:35:15
2026-04-16,07:28:24,UROY,Uranium Royalty Corp. Common Stock,Nasdaq,News pending,2026-04-16,08:30:00
2026-04-15,19:50:00,NMTC,NeuroOne Medical Technologies Corporation Common Stock,Nasdaq,News pending,,
2026-04-15,19:50:00,NMTC,NeuroOne Medical Technologies Corporation Common Stock,Nasdaq,News pending,2026-04-16,09:00:00
2026-04-15,17:22:18,QVCC,"""QVC, Inc. 6.250% Senior Secured Notes due 2068""",NYSE,News pending,,
2026-04-15,17:22:18,QVCC,"""QVC, Inc. 6.250% Senior Secured Notes due 2068""",NYSE,News pending,See Subsequent Halt,See Subsequent Halt
2026-04-15,17:22:18,QVCD,"""QVC, Inc. 6.375% Senior Secured Notes due 2067""",NYSE,News pending,See Subsequent Halt,See Subsequent Halt
2026-04-15,17:22:18,QVCD,"""QVC, Inc. 6.375% Senior Secured Notes due 2067""",NYSE,News pending,,
2026-04-15,16:54:48,PERF WS,"""Perfect Corp. Warrants, each exercisable for one Class A Ordinary Share at a price of $11.50 per share""",NYSE,News Released,,
2026-04-15,16:02:21,YHC,LQR House Inc. Common Stock,Nasdaq,News pending,2026-04-15,16:35:00
2026-04-15,13:52:18,KMRK,K-Tech Solutions Company Limited Class A Ordinary Shares,Nasdaq,LULD pause,2026-04-15,13:57:18
2026-04-15,12:55:07,WSO B,"""Watsco, Inc. Class B""",NYSE,LULD pause,2026-04-15,13:00:19
2026-04-15,12:35:18,PLBL,Polibeli Group Ltd Class A Ordinary Shares,Nasdaq,LULD pause,2026-04-15,12:40:18
2026-04-15,12:11:44,PLBL,Polibeli Group Ltd Class A Ordinary Shares,Nasdaq,LULD pause,2026-04-15,12:21:44
2026-04-15,12:01:45,NEXA,Nexa Resources S.A. Common Shares,NYSE,LULD pause,2026-04-15,12:06:55
2026-04-15,11:08:28,WTF,Waton Financial Limited Ordinary Shares,Nasdaq,LULD pause,2026-04-15,11:13:28
2026-04-15,11:04:55,RETO,"""ReTo Eco-Solutions, Inc. Class A Shares""",Nasdaq,LULD pause,2026-04-15,11:09:55
2026-04-15,10:44:39,CMIIU,Columbus Circle Capital Corp II Unit,Nasdaq,LULD pause,2026-04-15,10:49:39
2026-04-15,10:32:36,ANL,Adlai Nortye Ltd. American Depositary Shares,Nasdaq,LULD pause,2026-04-15,10:42:36
2026-04-15,10:16:42,CAR,"""Avis Budget Group, Inc.""",Nasdaq,LULD pause,2026-04-15,10:21:42
2026-04-15,10:13:07,RECT,Rectitude Holdings Ltd Ordinary Shares,Nasdaq,LULD pause,2026-04-15,10:18:07
2026-04-15,10:11:56,ANL,Adlai Nortye Ltd. American Depositary Shares,Nasdaq,LULD pause,2026-04-15,10:31:56
2026-04-15,10:11:21,VSA,VisionSys AI Inc American Depositary Shares,Nasdaq,LULD pause,2026-04-15,10:16:21
2026-04-15,10:07:23,RECT,Rectitude Holdings Ltd Ordinary Shares,Nasdaq,LULD pause,2026-04-15,10:12:23
2026-04-15,10:00:48,RECT,Rectitude Holdings Ltd Ordinary Shares,Nasdaq,LULD pause,2026-04-15,10:05:48
2026-04-15,09:56:04,CTNT,Cheetah Net Supply Chain Service Inc. Class A Common Stock,Nasdaq,LULD pause,2026-04-15,10:01:04
2026-04-15,09:54:26,NCI,Neo-Concept International Group Holdings Limited Class A Ordinary Shares,Nasdaq,LULD pause,2026-04-15,09:59:26
2026-04-15,09:50:53,AFJK,"""Aimei Health Technology Co., Ltd Ordinary Share""",Nasdaq,LULD pause,2026-04-15,10:00:53
2026-04-15,09:50:21,CTNT,Cheetah Net Supply Chain Service Inc. Class A Common Stock,Nasdaq,LULD pause,2026-04-15,09:55:21
2026-04-15,09:46:43,NCI,Neo-Concept International Group Holdings Limited Class A Ordinary Shares,Nasdaq,LULD pause,2026-04-15,09:51:43
2026-04-15,09:41:10,NCI,Neo-Concept International Group Holdings Limited Class A Ordinary Shares,Nasdaq,LULD pause,2026-04-15,09:46:10
2026-04-15,09:38:30,CTNT,Cheetah Net Supply Chain Service Inc. Class A Common Stock,Nasdaq,LULD pause,2026-04-15,09:43:30
2026-04-15,09:36:47,NICM,Nicola Mining Inc. American Depositary Shares,Nasdaq,LULD pause,2026-04-15,09:41:47
2026-04-15,09:36:35,BIRD,"""Allbirds, Inc. Class A Common Stock""",Nasdaq,LULD pause,2026-04-15,09:41:35
2026-04-15,09:34:37,ARBB,ARB IOT Group Limited Ordinary Shares,Nasdaq,LULD pause,2026-04-15,09:39:37
2026-04-15,09:31:38,ANL,Adlai Nortye Ltd. American Depositary Shares,Nasdaq,LULD pause,2026-04-15,10:11:18
2026-04-15,09:31:10,ICPY,"""Tweedy, Browne International Insider + Value ETF""",NYSE Arca,LULD pause,2026-04-15,09:36:10
2026-04-15,09:30:52,CTNT,Cheetah Net Supply Chain Service Inc. Class A Common Stock,Nasdaq,LULD pause,2026-04-15,09:35:52
2026-04-15,08:15:50,GNS,Genius Group Limited,NYSE American,News pending,2026-04-15,09:15:00
2026-04-14,19:50:00,BNRG,Brenmiller Energy Ltd Ordinary Shares,Nasdaq,News pending,2026-04-15,09:00:00
2026-04-14,19:50:00,BNRG,Brenmiller Energy Ltd Ordinary Shares,Nasdaq,News pending,,
2026-04-14,15:59:31,MFI,mF International Limited Class A Ordinary Shares,Nasdaq,LULD pause,2026-04-14,16:00:00
2026-04-14,15:44:07,PLSM,Pulsenmore Ltd. Ordinary Shares,Nasdaq,LULD pause,2026-04-14,15:49:07
2026-04-14,15:30:35,SNAL,"""Snail, Inc. Class A Common Stock""",Nasdaq,LULD pause,2026-04-14,15:35:35
2026-04-14,15:25:06,SNAL,"""Snail, Inc. Class A Common Stock""",Nasdaq,LULD pause,2026-04-14,15:30:06
2026-04-14,15:19:38,SNAL,"""Snail, Inc. Class A Common Stock""",Nasdaq,LULD pause,2026-04-14,15:24:38
2026-04-14,15:13:03,RETO,"""ReTo Eco-Solutions, Inc. Class A Shares""",Nasdaq,LULD pause,2026-04-14,15:18:03
2026-04-14,15:04:44,SNAL,"""Snail, Inc. Class A Common Stock""",Nasdaq,LULD pause,2026-04-14,15:09:44
2026-04-14,14:14:01,SNAL,"""Snail, Inc. Class A Common Stock""",Nasdaq,LULD pause,2026-04-14,14:19:01
2026-04-14,14:02:50,SNAL,"""Snail, Inc. Class A Common Stock""",Nasdaq,LULD pause,2026-04-14,14:07:50
2026-04-14,13:59:58,PERF WS,"""Perfect Corp. Warrants, each exercisable for one Class A Ordinary Share at a price of $11.50 per share""",NYSE,Regulatory Concern,,
2026-04-14,13:59:58,PERF WS,"""Perfect Corp. Warrants, each exercisable for one Class A Ordinary Share at a price of $11.50 per share""",NYSE,Regulatory Concern,See Subsequent Halt,See Subsequent Halt
2026-04-14,13:57:33,SNAL,"""Snail, Inc. Class A Common Stock""",Nasdaq,LULD pause,2026-04-14,14:02:33
2026-04-14,13:34:35,SNAL,"""Snail, Inc. Class A Common Stock""",Nasdaq,LULD pause,2026-04-14,13:39:35
2026-04-14,13:32:16,AFJK,"""Aimei Health Technology Co., Ltd Ordinary Share""",Nasdaq,LULD pause,2026-04-14,13:37:16
2026-04-14,13:28:00,SNAL,"""Snail, Inc. Class A Common Stock""",Nasdaq,LULD pause,2026-04-14,13:33:00
2026-04-14,13:10:43,SNAL,"""Snail, Inc. Class A Common Stock""",Nasdaq,LULD pause,2026-04-14,13:15:43
2026-04-14,13:06:53,AFJK,"""Aimei Health Technology Co., Ltd Ordinary Share""",Nasdaq,LULD pause,2026-04-14,13:11:53
2026-04-14,13:04:15,SNAL,"""Snail, Inc. Class A Common Stock""",Nasdaq,LULD pause,2026-04-14,13:09:15
2026-04-14,11:58:35,SNAL,"""Snail, Inc. Class A Common Stock""",Nasdaq,LULD pause,2026-04-14,12:03:35
2026-04-14,11:50:27,AFJKU,"""Aimei Health Technology Co., Ltd Unit""",Nasdaq,LULD pause,2026-04-14,11:55:27
2026-04-14,11:42:01,SNAL,"""Snail, Inc. Class A Common Stock""",Nasdaq,LULD pause,2026-04-14,11:47:01
2026-04-14,11:21:24,SNAL,"""Snail, Inc. Class A Common Stock""",Nasdaq,LULD pause,2026-04-14,11:26:24
2026-04-14,11:15:46,SNAL,"""Snail, Inc. Class A Common Stock""",Nasdaq,LULD pause,2026-04-14,11:20:46
2026-04-14,11:04:50,AFJK,"""Aimei Health Technology Co., Ltd Ordinary Share""",Nasdaq,LULD pause,2026-04-14,11:09:50
2026-04-14,10:54:38,AFJKU,"""Aimei Health Technology Co., Ltd Unit""",Nasdaq,LULD pause,2026-04-14,11:14:38
2026-04-14,10:52:02,AFJK,"""Aimei Health Technology Co., Ltd Ordinary Share""",Nasdaq,LULD pause,2026-04-14,10:57:02
2026-04-14,10:49:51,SNAL,"""Snail, Inc. Class A Common Stock""",Nasdaq,LULD pause,2026-04-14,10:54:51
2026-04-14,10:31:02,RETO,"""ReTo Eco-Solutions, Inc. Class A Shares""",Nasdaq,LULD pause,2026-04-14,10:36:02
2026-04-14,10:14:04,AFJK,"""Aimei Health Technology Co., Ltd Ordinary Share""",Nasdaq,LULD pause,2026-04-14,10:19:04
2026-04-14,10:13:38,NCEW,New Century Logistics (BVI) Limited Ordinary Shares,Nasdaq,LULD pause,2026-04-14,10:18:38
2026-04-14,10:01:20,AFJK,"""Aimei Health Technology Co., Ltd Ordinary Share""",Nasdaq,LULD pause,2026-04-14,10:06:20
2026-04-14,09:48:59,BDCZ,"""ETRACS MarketVector Business Development Companies Liquid Index ETN due April 26, 2041""",NYSE Arca,LULD pause,2026-04-14,09:53:59
2026-04-14,09:46:27,AHMA,Ambitions Enterprise Management Co. L.L.C Class A Ordinary Shares,Nasdaq,LULD pause,2026-04-14,09:56:27
2026-04-14,09:45:29,NICM,Nicola Mining Inc. American Depositary Shares,Nasdaq,LULD pause,2026-04-14,09:50:29
2026-04-14,09:45:21,WCT,Wellchange Holdings Company Limited Class A Ordinary shares,Nasdaq,LULD pause,2026-04-14,09:50:21
2026-04-14,09:36:18,BTM,Bitcoin Depot Inc. Class A Common Stock,Nasdaq,LULD pause,2026-04-14,09:41:18
2026-04-14,09:31:55,QETH,Invesco Galaxy Ethereum ETF,Cboe BZX,LULD pause,2026-04-14,09:36:55
2026-04-14,09:30:16,WSO B,"""Watsco, Inc. Class B""",NYSE,LULD pause,2026-04-14,09:35:16
2026-04-14,07:55:00,GSAT,"""Globalstar, Inc. Common Stock""",Nasdaq,News pending,2026-04-14,08:30:00
2026-04-13,17:33:27,TVTX,"""Travere Therapeutics, Inc. Common Stock""",Nasdaq,News pending,2026-04-14,07:10:01
2026-04-13,17:33:27,TVTX,"""Travere Therapeutics, Inc. Common Stock""",Nasdaq,News pending,,
2026-04-13,15:55:24,RMSG,Real Messenger Corporation Ordinary Shares,Nasdaq,LULD pause,2026-04-13,16:00:00
2026-04-13,15:31:49,RMSG,Real Messenger Corporation Ordinary Shares,Nasdaq,LULD pause,2026-04-13,15:36:49
2026-04-13,15:02:11,RMSG,Real Messenger Corporation Ordinary Shares,Nasdaq,LULD pause,2026-04-13,15:07:11
2026-04-13,14:50:33,AFJKU,"""Aimei Health Technology Co., Ltd Unit""",Nasdaq,LULD pause,2026-04-13,14:55:33
2026-04-13,13:00:32,RMSG,Real Messenger Corporation Ordinary Shares,Nasdaq,LULD pause,2026-04-13,13:05:32
2026-04-13,11:40:54,RMSG,Real Messenger Corporation Ordinary Shares,Nasdaq,LULD pause,2026-04-13,11:45:54
2026-04-13,11:35:21,SCLX,Scilex Holding Company Common Stock,Nasdaq,LULD pause,2026-04-13,11:46:55
2026-04-13,11:15:02,SCLX,Scilex Holding Company Common Stock,Nasdaq,LULD pause,2026-04-13,11:35:02
2026-04-13,10:52:51,REPL,"""Replimune Group, Inc.""",Nasdaq,LULD pause,2026-04-13,10:57:51
2026-04-13,10:48:10,AFJK,"""Aimei Health Technology Co., Ltd Ordinary Share""",Nasdaq,LULD pause,2026-04-13,10:53:10
2026-04-13,10:27:43,HSPTU,Horizon Space Acquisition II Corp. Units,Nasdaq,LULD pause,2026-04-13,10:32:43
2026-04-13,10:19:38,AFJKU,"""Aimei Health Technology Co., Ltd Unit""",Nasdaq,LULD pause,2026-04-13,10:24:38
2026-04-13,10:14:11,BBGI,Beasley Broadcasting Group Inc,Nasdaq,LULD pause,2026-04-13,10:19:11
2026-04-13,10:09:57,AFJK,"""Aimei Health Technology Co., Ltd Ordinary Share""",Nasdaq,LULD pause,2026-04-13,10:14:57
2026-04-13,10:02:34,MGRT,Mega Fortune Company Limited Ordinary Shares,Nasdaq,LULD pause,2026-04-13,10:07:34
2026-04-13,09:59:18,NOMA,NOMADAR Corp. Class A Common Stock,Nasdaq,LULD pause,2026-04-13,10:04:18
2026-04-13,09:51:37,RECT,Rectitude Holdings Ltd Ordinary Shares,Nasdaq,LULD pause,2026-04-13,09:56:37
2026-04-13,09:47:55,RCT,RedCloud Holdings plc Ordinary Shares,Nasdaq,LULD pause,2026-04-13,09:52:55
2026-04-13,09:44:35,ERAS,"""Erasca, Inc. Common Stock""",Nasdaq,LULD pause,2026-04-13,09:49:35
2026-04-13,09:42:40,NOMA,NOMADAR Corp. Class A Common Stock,Nasdaq,LULD pause,2026-04-13,09:52:41
2026-04-13,09:41:58,RCT,RedCloud Holdings plc Ordinary Shares,Nasdaq,LULD pause,2026-04-13,09:46:58
2026-04-13,09:33:57,ERAS,"""Erasca, Inc. Common Stock""",Nasdaq,LULD pause,2026-04-13,09:43:57
2026-04-13,09:33:01,RMSG,Real Messenger Corporation Ordinary Shares,Nasdaq,LULD pause,2026-04-13,09:38:01
2026-04-13,07:25:00,ALLO,"""Allogene Therapeutics, Inc. Common Stock""",Nasdaq,News pending,2026-04-13,08:00:00
2026-04-13,07:23:11,CAG,"""Conagra Brands, Inc.""",NYSE,News pending,2026-04-13,07:42:05
2026-04-13,06:55:00,SYRE,"""Spyre Therapeutics, Inc. Common Stock""",Nasdaq,News pending,2026-04-13,07:35:01
2026-04-13,04:00:00,NICM,Nicola Mining Inc. American Depositary Shares,Nasdaq,News pending,,
2026-04-10,19:50:00,MSAIW,"""MultiSensor AI Holdings, Inc. Warrant""",Nasdaq,News pending,2026-04-13,09:05:00
2026-04-10,19:50:00,MSAIW,"""MultiSensor AI Holdings, Inc. Warrant""",Nasdaq,News pending,,
2026-04-10,19:50:00,NXPLW,NextPlat Corp Warrants,Nasdaq,News pending,2026-04-13,09:05:00
2026-04-10,19:50:00,NXPLW,NextPlat Corp Warrants,Nasdaq,News pending,,
2026-04-10,19:50:00,HCAI,"""Huachen AI Parking Management Technology Holding Co., Ltd. Ordinary Shares""",Nasdaq,News pending,2026-04-13,09:00:00
2026-04-10,19:50:00,HCAI,"""Huachen AI Parking Management Technology Holding Co., Ltd. Ordinary Shares""",Nasdaq,News pending,,
2026-04-10,19:50:00,MSAI,"""MultiSensor AI Holdings, Inc. Common Stock""",Nasdaq,News pending,2026-04-13,09:00:00
2026-04-10,19:50:00,MSAI,"""MultiSensor AI Holdings, Inc. Common Stock""",Nasdaq,News pending,,
2026-04-10,19:50:00,JEM,707 Cayman Holdings Limited Ordinary Shares,Nasdaq,News pending,,
2026-04-10,19:50:00,JEM,707 Cayman Holdings Limited Ordinary Shares,Nasdaq,News pending,2026-04-13,09:00:00
2026-04-10,19:50:00,PN,Skycorp Solar Group Limited Ordinary Shares,Nasdaq,News pending,,
2026-04-10,19:50:00,PN,Skycorp Solar Group Limited Ordinary Shares,Nasdaq,News pending,2026-04-13,09:00:00
2026-04-10,19:50:00,CENN,Cenntro Inc. Common Stock,Nasdaq,News pending,2026-04-13,09:00:00
2026-04-10,19:50:00,CENN,Cenntro Inc. Common Stock,Nasdaq,News pending,,
2026-04-10,19:50:00,AKAN,Akanda Corp. Common Shares,Nasdaq,News pending,,
2026-04-10,19:50:00,AKAN,Akanda Corp. Common Shares,Nasdaq,News pending,2026-04-13,09:00:00
2026-04-10,19:50:00,WFF,WF Holding Limited Ordinary Shares,Nasdaq,News pending,,
2026-04-10,19:50:00,WFF,WF Holding Limited Ordinary Shares,Nasdaq,News pending,2026-04-13,09:00:00
2026-04-10,19:50:00,QNCX,"""Quince Therapeutics, Inc. Common Stock""",Nasdaq,News pending,2026-04-13,09:00:00
2026-04-10,19:50:00,QNCX,"""Quince Therapeutics, Inc. Common Stock""",Nasdaq,News pending,,
2026-04-10,19:50:00,NXPL,NextPlat Corp Common Stock,Nasdaq,News pending,,
2026-04-10,19:50:00,NXPL,NextPlat Corp Common Stock,Nasdaq,News pending,2026-04-13,09:00:00
2026-04-10,15:35:56,MFI,mF International Limited Class A Ordinary Shares,Nasdaq,LULD pause,2026-04-10,15:40:56
2026-04-10,14:28:56,SKYQ,Sky Quarry Inc. Common Stock,Nasdaq,LULD pause,2026-04-10,14:33:56
2026-04-10,14:21:57,USOY,Defiance Oil Enhanced Options Income ETF,Nasdaq,News pending,2026-04-10,16:35:00
2026-04-10,14:21:57,GLDY,Defiance Gold Enhanced Options Income ETF,Nasdaq,News pending,2026-04-10,16:35:00
2026-04-10,12:55:12,CVLT,"""Commault Systems, Inc.""",Nasdaq,LULD pause,2026-04-10,13:00:12
2026-04-10,12:37:03,PLSM,Pulsenmore Ltd. Ordinary Shares,Nasdaq,LULD pause,2026-04-10,12:42:03
2026-04-10,11:54:32,BENF,Beneficient Class A Common Stock,Nasdaq,LULD pause,2026-04-10,11:59:32
2026-04-10,11:46:16,AFJK,"""Aimei Health Technology Co., Ltd Ordinary Share""",Nasdaq,LULD pause,2026-04-10,11:51:16
2026-04-10,11:11:55,MGRT,Mega Fortune Company Limited Ordinary Shares,Nasdaq,LULD pause,2026-04-10,11:16:55
2026-04-10,11:10:00,AFJK,"""Aimei Health Technology Co., Ltd Ordinary Share""",Nasdaq,LULD pause,2026-04-10,11:15:00
2026-04-10,11:02:26,REPL,"""Replimune Group, Inc.""",Nasdaq,News pending,2026-04-10,17:30:00
2026-04-10,11:00:52,REPL,"""Replimune Group, Inc.""",Nasdaq,LULD pause,See Subsequent Halt,See Subsequent Halt
2026-04-10,10:56:03,AFJK,"""Aimei Health Technology Co., Ltd Ordinary Share""",Nasdaq,LULD pause,2026-04-10,11:06:03
2026-04-10,10:53:22,REPL,"""Replimune Group, Inc.""",Nasdaq,LULD pause,2026-04-10,10:58:22
2026-04-10,10:35:28,MGRT,Mega Fortune Company Limited Ordinary Shares,Nasdaq,LULD pause,2026-04-10,10:40:28
2026-04-10,10:06:35,YDDL,One and One Green Technologies. Inc Class A Ordinary Shares,Nasdaq,LULD pause,2026-04-10,10:11:35
2026-04-10,10:02:33,AFJK,"""Aimei Health Technology Co., Ltd Ordinary Share""",Nasdaq,LULD pause,2026-04-10,10:07:33
2026-04-10,09:57:29,FOXX,Foxx Development Holdings Inc. Common Stock,Nasdaq,LULD pause,2026-04-10,10:02:29
2026-04-10,09:55:27,CREG,Smart Powerr Corp. Common Stock,Nasdaq,LULD pause,2026-04-10,10:00:27
2026-04-10,09:54:57,YDDL,One and One Green Technologies. Inc Class A Ordinary Shares,Nasdaq,LULD pause,2026-04-10,09:59:57
2026-04-10,09:49:41,WSO B,"""Watsco, Inc. Class B""",NYSE,LULD pause,2026-04-10,09:54:41
2026-04-10,09:44:14,YDDL,One and One Green Technologies. Inc Class A Ordinary Shares,Nasdaq,LULD pause,2026-04-10,09:49:14
2026-04-10,09:42:00,BENF,Beneficient Class A Common Stock,Nasdaq,LULD pause,2026-04-10,09:47:00
2026-04-10,09:36:04,YDDL,One and One Green Technologies. Inc Class A Ordinary Shares,Nasdaq,LULD pause,2026-04-10,09:41:04
2026-04-10,09:35:09,HBNB,Hotel101 Global Holdings Corp. Class A Ordinary Shares,Nasdaq,LULD pause,2026-04-10,09:40:09
2026-04-10,09:30:43,YDDL,One and One Green Technologies. Inc Class A Ordinary Shares,Nasdaq,LULD pause,2026-04-10,09:35:43
2026-04-09,19:50:00,WORX,SC WORX Corp,Nasdaq,News pending,,
2026-04-09,19:50:00,WORX,SC WORX Corp,Nasdaq,News pending,2026-04-10,09:00:00
2026-04-09,15:47:14,BBGI,Beasley Broadcasting Group Inc,Nasdaq,LULD pause,2026-04-09,16:00:00
2026-04-09,15:30:19,BBGI,Beasley Broadcasting Group Inc,Nasdaq,LULD pause,2026-04-09,15:40:19
2026-04-09,15:02:43,AFJK,"""Aimei Health Technology Co., Ltd Ordinary Share""",Nasdaq,LULD pause,2026-04-09,15:07:43
2026-04-09,14:55:03,AFJK,"""Aimei Health Technology Co., Ltd Ordinary Share""",Nasdaq,LULD pause,2026-04-09,15:00:03
2026-04-09,14:39:16,HSPT,Horizon Space Acquisition II Corp. Ordinary share,Nasdaq,LULD pause,2026-04-09,14:49:16
2026-04-09,14:33:10,PHGE,BiomX Inc.,NYSE American,News pending,2026-04-10,09:15:00
2026-04-09,14:33:10,PHGE,BiomX Inc.,NYSE American,News pending,,
2026-04-09,14:03:58,AFJKU,"""Aimei Health Technology Co., Ltd Unit""",Nasdaq,LULD pause,2026-04-09,14:08:58
2026-04-09,13:56:53,AFJKU,"""Aimei Health Technology Co., Ltd Unit""",Nasdaq,LULD pause,2026-04-09,14:01:53
2026-04-09,13:36:47,HSPT,Horizon Space Acquisition II Corp. Ordinary share,Nasdaq,LULD pause,2026-04-09,13:41:47
2026-04-09,13:24:57,AFJK,"""Aimei Health Technology Co., Ltd Ordinary Share""",Nasdaq,LULD pause,2026-04-09,13:29:57
2026-04-09,13:17:50,SLSR,Solaris Resources Inc.,NYSE American,News pending,2026-04-09,14:35:00
2026-04-09,13:10:09,AFJKU,"""Aimei Health Technology Co., Ltd Unit""",Nasdaq,LULD pause,2026-04-09,13:15:09
2026-04-09,13:09:07,AFJK,"""Aimei Health Technology Co., Ltd Ordinary Share""",Nasdaq,LULD pause,2026-04-09,13:14:07
2026-04-09,13:07:39,BBGI,Beasley Broadcasting Group Inc,Nasdaq,LULD pause,2026-04-09,13:12:39
2026-04-09,12:59:26,AFJK,"""Aimei Health Technology Co., Ltd Ordinary Share""",Nasdaq,LULD pause,2026-04-09,13:04:26
2026-04-09,12:53:09,AFJK,"""Aimei Health Technology Co., Ltd Ordinary Share""",Nasdaq,LULD pause,2026-04-09,12:58:09
2026-04-09,12:28:46,ELAB,PMGC Holdings Inc. Common Stock,Nasdaq,LULD pause,2026-04-09,12:33:46
2026-04-09,12:17:38,MGRT,Mega Fortune Company Limited Ordinary Shares,Nasdaq,LULD pause,2026-04-09,12:22:38
2026-04-09,12:01:28,MGRT,Mega Fortune Company Limited Ordinary Shares,Nasdaq,LULD pause,2026-04-09,12:11:28
2026-04-09,11:57:09,ASPC,A SPAC III Acquisition Corp. Class A Ordinary Shares,Nasdaq,LULD pause,2026-04-09,12:02:09
2026-04-09,11:53:03,HSPT,Horizon Space Acquisition II Corp. Ordinary share,Nasdaq,LULD pause,2026-04-09,11:58:03
2026-04-09,11:51:43,AFJK,"""Aimei Health Technology Co., Ltd Ordinary Share""",Nasdaq,LULD pause,2026-04-09,11:56:43
2026-04-09,11:50:49,MGRT,Mega Fortune Company Limited Ordinary Shares,Nasdaq,LULD pause,2026-04-09,12:00:49
2026-04-09,11:48:38,ANTA,Antalpha Platform Holding Company Class A Ordinary Shares,Nasdaq,LULD pause,2026-04-09,11:53:38
2026-04-09,11:47:39,ASPCU,A SPAC III Acquisition Corp. Unit,Nasdaq,LULD pause,2026-04-09,11:52:39
2026-04-09,11:41:21,AFJK,"""Aimei Health Technology Co., Ltd Ordinary Share""",Nasdaq,LULD pause,2026-04-09,11:51:21
2026-04-09,11:40:26,MGRT,Mega Fortune Company Limited Ordinary Shares,Nasdaq,LULD pause,2026-04-09,11:50:27
2026-04-09,11:34:35,MGRT,Mega Fortune Company Limited Ordinary Shares,Nasdaq,LULD pause,2026-04-09,11:39:35
2026-04-09,11:32:51,AFJKU,"""Aimei Health Technology Co., Ltd Unit""",Nasdaq,LULD pause,2026-04-09,11:37:51
2026-04-09,11:30:54,AFJK,"""Aimei Health Technology Co., Ltd Ordinary Share""",Nasdaq,LULD pause,2026-04-09,11:40:54
2026-04-09,11:25:10,AFJK,"""Aimei Health Technology Co., Ltd Ordinary Share""",Nasdaq,LULD pause,2026-04-09,11:30:10
2026-04-09,11:24:42,SOHOB,Sotherly Hotels Inc. 8.0% Series B Cumulative Redeemable Perpetual Preferred Stock,Nasdaq,LULD pause,2026-04-09,11:29:42
2026-04-09,11:23:10,PLSM,Pulsenmore Ltd. Ordinary Shares,Nasdaq,LULD pause,2026-04-09,11:28:10
2026-04-09,11:19:27,AFJK,"""Aimei Health Technology Co., Ltd Ordinary Share""",Nasdaq,LULD pause,2026-04-09,11:24:27
2026-04-09,11:19:08,AFJKU,"""Aimei Health Technology Co., Ltd Unit""",Nasdaq,LULD pause,2026-04-09,11:24:08
2026-04-09,11:18:45,ASPCU,A SPAC III Acquisition Corp. Unit,Nasdaq,LULD pause,2026-04-09,11:23:45
2026-04-09,11:12:51,AFJK,"""Aimei Health Technology Co., Ltd Ordinary Share""",Nasdaq,LULD pause,2026-04-09,11:17:51
2026-04-09,11:06:49,AFJK,"""Aimei Health Technology Co., Ltd Ordinary Share""",Nasdaq,LULD pause,2026-04-09,11:11:49
2026-04-09,10:56:17,AFJK,"""Aimei Health Technology Co., Ltd Ordinary Share""",Nasdaq,LULD pause,2026-04-09,11:06:17
2026-04-09,10:49:58,AFJK,"""Aimei Health Technology Co., Ltd Ordinary Share""",Nasdaq,LULD pause,2026-04-09,10:54:58
2026-04-09,10:49:26,AFJKU,"""Aimei Health Technology Co., Ltd Unit""",Nasdaq,LULD pause,2026-04-09,10:54:26
2026-04-09,10:45:23,HSPT,Horizon Space Acquisition II Corp. Ordinary share,Nasdaq,LULD pause,2026-04-09,10:50:23
2026-04-09,10:42:07,AFJKU,"""Aimei Health Technology Co., Ltd Unit""",Nasdaq,LULD pause,2026-04-09,10:47:07
2026-04-09,10:41:52,AFJK,"""Aimei Health Technology Co., Ltd Ordinary Share""",Nasdaq,LULD pause,2026-04-09,10:46:52
2026-04-09,10:29:12,AFJKU,"""Aimei Health Technology Co., Ltd Unit""",Nasdaq,LULD pause,2026-04-09,10:34:12
2026-04-09,10:29:12,AFJK,"""Aimei Health Technology Co., Ltd Ordinary Share""",Nasdaq,LULD pause,2026-04-09,10:39:12
2026-04-09,10:09:41,MFI,mF International Limited Class A Ordinary Shares,Nasdaq,LULD pause,2026-04-09,10:14:41
2026-04-09,09:57:48,CAR,"""Avis Budget Group, Inc.""",Nasdaq,LULD pause,2026-04-09,10:02:48
2026-04-09,09:42:00,CAR,"""Avis Budget Group, Inc.""",Nasdaq,LULD pause,2026-04-09,09:47:00
2026-04-09,09:39:18,TMCR,The Metals Royalty Company Inc. Common Stock,Nasdaq,LULD pause,2026-04-09,09:44:18
2026-04-09,09:33:19,LUD,Luda Technology Group Limited,NYSE American,LULD pause,2026-04-09,09:38:19
2026-04-09,08:33:54,SEE,Sealed Air Corp.,NYSE,Merger Effective,,
2026-04-08,19:50:00,RUBI,Rubico Inc. Common Stock,Nasdaq,News pending,,
2026-04-08,19:50:00,RUBI,Rubico Inc. Common Stock,Nasdaq,News pending,2026-04-09,09:00:00
2026-04-08,16:25:00,CLST,"""Catalyst Bancorp, Inc. Common Stock""",Nasdaq,News pending,2026-04-08,17:00:00
2026-04-08,15:49:41,UCAR,U Power Limited Class A Ordinary Shares,Nasdaq,LULD pause,2026-04-08,16:00:00
2026-04-08,15:44:16,UCAR,U Power Limited Class A Ordinary Shares,Nasdaq,LULD pause,2026-04-08,15:49:16
2026-04-08,15:39:57,FEUZ,First Trust Eurozone AlphaDEX,Nasdaq,LULD pause,2026-04-08,15:44:57
2026-04-08,12:53:42,JLHL,Julong Holding Limited Class A Ordinary Shares,Nasdaq,LULD pause,2026-04-08,12:58:42
2026-04-08,12:50:50,DRIO,DarioHealth Corp. Common Stock,Nasdaq,LULD pause,2026-04-08,12:55:50
2026-04-08,12:20:01,TRAXV,"""First Tracks Biotherapeutics, Inc. Ordinary Shares When-Issued""",Nasdaq,LULD pause,2026-04-08,12:25:01
2026-04-08,12:09:57,EONR,EON Resources Inc.,NYSE American,News pending,2026-04-08,12:50:00
2026-04-08,12:09:57,EONR WS,"""EON Resources Inc. Warrants, each whole warrant exercisable for three quarters of one share of Class A Common Stock at an exercise price of $11.50 per""",NYSE American,News pending,2026-04-08,12:50:00
2026-04-08,11:56:03,JLHL,Julong Holding Limited Class A Ordinary Shares,Nasdaq,LULD pause,2026-04-08,12:06:03
2026-04-08,11:18:08,TMCR,The Metals Royalty Company Inc. Common Stock,Nasdaq,LULD pause,2026-04-08,11:28:08
2026-04-08,11:09:56,TMCR,The Metals Royalty Company Inc. Common Stock,Nasdaq,LULD pause,2026-04-08,11:14:56
2026-04-08,10:57:04,INHD,Inno Holdings Inc. Common Stock,Nasdaq,LULD pause,2026-04-08,11:02:04
2026-04-08,10:56:22,MGRT,Mega Fortune Company Limited Ordinary Shares,Nasdaq,LULD pause,2026-04-08,11:01:22
2026-04-08,10:54:24,TMCR,The Metals Royalty Company Inc. Common Stock,Nasdaq,LULD pause,2026-04-08,11:09:37
2026-04-08,10:37:55,SOHOB,Sotherly Hotels Inc. 8.0% Series B Cumulative Redeemable Perpetual Preferred Stock,Nasdaq,LULD pause,2026-04-08,10:42:55
2026-04-08,10:37:48,INHD,Inno Holdings Inc. Common Stock,Nasdaq,LULD pause,2026-04-08,10:42:48
2026-04-08,10:37:22,EMSF,Matthews Emerging Markets Sustainable Future Active ETF,NYSE Arca,LULD pause,2026-04-08,10:42:22
2026-04-08,10:34:03,JTAI,Jet.AI Inc. Common Stock,Nasdaq,LULD pause,2026-04-08,10:39:03
2026-04-08,10:32:10,INHD,Inno Holdings Inc. Common Stock,Nasdaq,LULD pause,2026-04-08,10:37:10
2026-04-08,10:31:06,SFHG,Samfine Creation Holdings Group Limited Class A Ordinary Share,Nasdaq,LULD pause,2026-04-08,10:36:06
2026-04-08,10:27:01,JTAI,Jet.AI Inc. Common Stock,Nasdaq,LULD pause,2026-04-08,10:32:01
2026-04-08,10:25:50,INHD,Inno Holdings Inc. Common Stock,Nasdaq,LULD pause,2026-04-08,10:30:50
2026-04-08,10:22:42,TMCR,The Metals Royalty Company Inc. Common Stock,Nasdaq,LULD pause,2026-04-08,10:32:42
2026-04-08,10:21:59,TRAXV,"""First Tracks Biotherapeutics, Inc. Ordinary Shares When-Issued""",Nasdaq,LULD pause,2026-04-08,10:26:59
2026-04-08,10:21:18,JTAI,Jet.AI Inc. Common Stock,Nasdaq,LULD pause,2026-04-08,10:26:18
2026-04-08,10:17:48,INHD,Inno Holdings Inc. Common Stock,Nasdaq,LULD pause,2026-04-08,10:22:48
2026-04-08,10:15:10,CLIK,Click Holdings Limited Class A Ordinary Share,Nasdaq,LULD pause,2026-04-08,10:20:10
2026-04-08,10:09:26,MDAA,Myriad Dynamic Asset Allocation ETF,NYSE Arca,LULD pause,2026-04-08,10:14:26
2026-04-08,10:09:24,INHD,Inno Holdings Inc. Common Stock,Nasdaq,LULD pause,2026-04-08,10:14:24
2026-04-08,10:06:26,NXTS,Nexentis Technologies Inc. Common Stock,Nasdaq,LULD pause,2026-04-08,10:11:26
2026-04-08,10:03:44,INHD,Inno Holdings Inc. Common Stock,Nasdaq,LULD pause,2026-04-08,10:08:44
2026-04-08,09:59:25,NXTS,Nexentis Technologies Inc. Common Stock,Nasdaq,LULD pause,2026-04-08,10:04:25
2026-04-08,09:59:20,MDAA,Myriad Dynamic Asset Allocation ETF,NYSE Arca,LULD pause,2026-04-08,10:04:20
2026-04-08,09:54:00,MDAA,Myriad Dynamic Asset Allocation ETF,NYSE Arca,LULD pause,2026-04-08,09:59:00
2026-04-08,09:53:09,SIM,"""Groupo Simec, S.A.B de C.V.""",NYSE American,LULD pause,2026-04-08,09:58:09
2026-04-08,09:51:55,JTAI,Jet.AI Inc. Common Stock,Nasdaq,LULD pause,2026-04-08,09:56:55
2026-04-08,09:49:44,MUSQ,MUSQ Global Music Industry Index ETF,NYSE Arca,LULD pause,2026-04-08,09:54:44
2026-04-08,09:48:40,MDAA,Myriad Dynamic Asset Allocation ETF,NYSE Arca,LULD pause,2026-04-08,09:53:40
2026-04-08,09:46:57,RDGT,"""Ridgetech, Inc. Ordinary Shares""",Nasdaq,LULD pause,2026-04-08,09:51:57
2026-04-08,09:43:34,JTAI,Jet.AI Inc. Common Stock,Nasdaq,LULD pause,2026-04-08,09:48:34
2026-04-08,09:43:20,MDAA,Myriad Dynamic Asset Allocation ETF,NYSE Arca,LULD pause,2026-04-08,09:48:20
2026-04-08,09:41:18,ELAB,PMGC Holdings Inc. Common Stock,Nasdaq,LULD pause,2026-04-08,09:46:18
2026-04-08,09:38:05,MDAA,Myriad Dynamic Asset Allocation ETF,NYSE Arca,LULD pause,2026-04-08,09:43:05
2026-04-08,09:38:03,PBOT,Pictet AI & Automation ETF,NYSE Arca,LULD pause,2026-04-08,09:43:03
2026-04-08,09:36:14,MGRT,Mega Fortune Company Limited Ordinary Shares,Nasdaq,LULD pause,2026-04-08,09:41:14
2026-04-08,09:36:00,RNEM,First Trust Emerging Markets Equity Select ETF,Nasdaq,LULD pause,2026-04-08,09:41:00
2026-04-08,09:33:57,UCAR,U Power Limited Class A Ordinary Shares,Nasdaq,LULD pause,2026-04-08,09:38:57
2026-04-08,09:32:34,FINT,Frontier Asset Total International Equity ETF,NYSE Arca,LULD pause,2026-04-08,09:37:34
2026-04-08,09:32:00,EASG,Xtrackers MSCI EAFE Selection Equity ETF,NYSE Arca,LULD pause,2026-04-08,09:37:00
2026-04-08,09:31:26,SSXU,Day Hagan Smart Sector International ETF,NYSE Arca,LULD pause,2026-04-08,09:36:26
2026-04-08,09:30:56,MGRT,Mega Fortune Company Limited Ordinary Shares,Nasdaq,LULD pause,2026-04-08,09:35:56
2026-04-08,09:30:56,SATO,Invesco Alerian Galaxy Crypto Economy ETF,Cboe BZX,LULD pause,2026-04-08,09:35:56
2026-04-08,09:30:53,PBOT,Pictet AI & Automation ETF,NYSE Arca,LULD pause,2026-04-08,09:35:53
2026-04-08,09:30:45,RNEM,First Trust Emerging Markets Equity Select ETF,Nasdaq,LULD pause,2026-04-08,09:35:45
2026-04-08,09:30:31,GOLY,Strategy Shares Gold Enhanced Yield ETF,Cboe BZX,LULD pause,2026-04-08,09:35:31
2026-04-08,09:30:31,MDAA,Myriad Dynamic Asset Allocation ETF,NYSE Arca,LULD pause,2026-04-08,09:35:31
2026-04-08,09:30:20,RKSG,Ruk Strategic Growth ETF,NYSE Arca,LULD pause,2026-04-08,09:35:20
2026-04-08,09:30:18,PONX,Tradr 2X Long PONY Daily ETF,Cboe BZX,LULD pause,2026-04-08,09:35:18
2026-04-08,09:30:17,AUAU,Global X Gold Miners ETF,NYSE Arca,LULD pause,2026-04-08,09:35:17
2026-04-08,09:30:16,PWRD,TCW Transform Systems ETF,Nasdaq,LULD pause,2026-04-08,09:35:16
2026-04-08,09:30:16,FRDM,Freedom 100 Emerging Markets ETF,Cboe BZX,LULD pause,2026-04-08,09:35:16
2026-04-08,09:30:16,OSCG,Leverage Shares 2X Long OSCR Daily ETF,Nasdaq,LULD pause,2026-04-08,09:35:16
2026-04-08,09:30:15,QETH,Invesco Galaxy Ethereum ETF,Cboe BZX,LULD pause,2026-04-08,09:35:15
2026-04-08,09:30:15,TOXR,21Shares XRP ETF,Cboe BZX,LULD pause,2026-04-08,09:35:15
2026-04-08,09:30:15,TETH,21Shares Ethereum ETF,Cboe BZX,LULD pause,2026-04-08,09:35:15
2026-04-08,09:09:56,AL,Air Lease Corporation,NYSE,Merger Effective,,
2026-04-08,07:46:31,BBBY WS,"""Bed Bath & Beyond, Inc. Warrants to Purchase Common Stock""",NYSE,News pending,2026-04-08,08:14:34
2026-04-08,07:46:31,BBBY,"""Bed Bath & Beyond, Inc.""",NYSE,News pending,2026-04-08,08:14:34
2026-04-07,19:50:00,JTAI,Jet.AI Inc. Common Stock,Nasdaq,News pending,,
2026-04-07,19:50:00,JTAI,Jet.AI Inc. Common Stock,Nasdaq,News pending,2026-04-08,09:12:48
2026-04-07,19:50:00,RDGT,"""Ridgetech, Inc. Ordinary Shares""",Nasdaq,News pending,2026-04-08,09:00:00
2026-04-07,19:50:00,RDGT,"""Ridgetech, Inc. Ordinary Shares""",Nasdaq,News pending,,
2026-04-07,19:50:00,NXTS,Nexentis Technologies Inc. Common Stock,Nasdaq,News pending,,
2026-04-07,19:50:00,NXTS,Nexentis Technologies Inc. Common Stock,Nasdaq,News pending,2026-04-08,09:00:00
2026-04-07,16:55:00,MAPSW,"""WM Technology, Inc. Warrants""",Nasdaq,News pending,2026-04-07,17:35:00
2026-04-07,16:55:00,MAPS,"""WM Technology, Inc. Class A Common Stock""",Nasdaq,News pending,2026-04-07,17:30:00
2026-04-07,16:00:10,INSM,"""Insmed, Inc.""",Nasdaq,News pending,2026-04-07,16:30:00
2026-04-07,15:56:26,YDES,YD Bio Limited Ordinary Shares,Nasdaq,LULD pause,2026-04-07,16:00:00
2026-04-07,15:53:30,MTEX,Mannatech Inc.,Nasdaq,LULD pause,2026-04-07,16:00:00
2026-04-07,14:47:08,WCT,Wellchange Holdings Company Limited Class A Ordinary shares,Nasdaq,LULD pause,2026-04-07,14:52:08
2026-04-07,12:58:18,AIXI,XIAO-I Corporation American Depositary Shares,Nasdaq,LULD pause,2026-04-07,13:03:18
2026-04-07,12:29:21,AIXI,XIAO-I Corporation American Depositary Shares,Nasdaq,LULD pause,2026-04-07,12:34:21
2026-04-07,11:20:05,PFAI,Pinnacle Food Group Limited Class A Common Shares,Nasdaq,LULD pause,2026-04-07,11:25:05
2026-04-07,11:18:37,MGRT,Mega Fortune Company Limited Ordinary Shares,Nasdaq,LULD pause,2026-04-07,11:23:37
2026-04-07,11:07:15,LNZA,"""LanzaTech Global, Inc. Common Stock""",Nasdaq,LULD pause,2026-04-07,11:17:15
2026-04-07,10:28:51,AGPU,Axe Compute Inc. Common Stock,Nasdaq,LULD pause,2026-04-07,10:33:51
2026-04-07,10:16:20,AGPU,Axe Compute Inc. Common Stock,Nasdaq,LULD pause,2026-04-07,10:26:55
2026-04-07,10:08:18,GLOO,"""Gloo Holdings, Inc. Class A Common Stock""",Nasdaq,LULD pause,2026-04-07,10:13:18
2026-04-07,10:03:15,AIXI,XIAO-I Corporation American Depositary Shares,Nasdaq,LULD pause,2026-04-07,10:08:15
2026-04-07,09:57:40,MGRT,Mega Fortune Company Limited Ordinary Shares,Nasdaq,LULD pause,2026-04-07,10:02:40
2026-04-07,09:50:17,UK,Ucommune International Ltd Ordinary Shares,Nasdaq,LULD pause,2026-04-07,09:55:17
2026-04-07,09:30:42,UNHW,Roundhill UNH WeeklyPay ETF,Cboe BZX,LULD pause,2026-04-07,09:35:42
2026-04-07,08:25:00,ALOT,"""AstroNova, Inc. Common Stock""",Nasdaq,News pending,2026-04-07,09:00:00
2026-04-06,19:50:00,MOBXW,"""Mobix Labs, Inc Warrants""",Nasdaq,News pending,,
2026-04-06,19:50:00,MOBXW,"""Mobix Labs, Inc Warrants""",Nasdaq,News pending,2026-04-07,09:05:00
2026-04-06,19:50:00,MOBX,"""Mobix Labs, Inc. Class A Common Stock""",Nasdaq,News pending,2026-04-07,09:00:00
2026-04-06,19:50:00,MOBX,"""Mobix Labs, Inc. Class A Common Stock""",Nasdaq,News pending,,
2026-04-06,19:50:00,HOLX,Hologic Inc,Nasdaq,News pending,,
2026-04-06,19:50:00,CHR,"""Cheer Holding, Inc. Class A Ordinary Share""",Nasdaq,News pending,,
2026-04-06,19:50:00,CHR,"""Cheer Holding, Inc. Class A Ordinary Share""",Nasdaq,News pending,2026-04-07,09:00:00
2026-04-06,16:05:00,INVZW,Innoviz Technologies Ltd. Warrant,Nasdaq,News pending,,
2026-04-06,15:49:22,SKYQ,Sky Quarry Inc. Common Stock,Nasdaq,LULD pause,2026-04-06,16:00:00
2026-04-06,15:19:34,FCUV,Focus Universal Inc. Common Stock,Nasdaq,LULD pause,2026-04-06,15:24:34
2026-04-06,13:59:04,MGRT,Mega Fortune Company Limited Ordinary Shares,Nasdaq,LULD pause,2026-04-06,14:04:04
2026-04-06,13:45:35,MGRT,Mega Fortune Company Limited Ordinary Shares,Nasdaq,LULD pause,2026-04-06,13:50:35
2026-04-06,13:37:51,HTCO,High-Trend International Group Class A Ordinary Shares,Nasdaq,LULD pause,2026-04-06,13:42:51
2026-04-06,13:33:35,MGRT,Mega Fortune Company Limited Ordinary Shares,Nasdaq,LULD pause,2026-04-06,13:38:35
2026-04-06,13:27:16,HTCO,High-Trend International Group Class A Ordinary Shares,Nasdaq,LULD pause,2026-04-06,13:37:16
2026-04-06,13:23:06,MGRT,Mega Fortune Company Limited Ordinary Shares,Nasdaq,LULD pause,2026-04-06,13:33:06
2026-04-06,13:16:57,HTCO,High-Trend International Group Class A Ordinary Shares,Nasdaq,LULD pause,2026-04-06,13:26:57
2026-04-06,13:12:41,MGRT,Mega Fortune Company Limited Ordinary Shares,Nasdaq,LULD pause,2026-04-06,13:22:41
2026-04-06,13:08:04,STG,"""Sunlands Technology Group, American Depositary Shares,  American Depositary Shares, every two (2) ADSs representing one (1) Class A Ordinary Share""",NYSE,LULD pause,2026-04-06,13:13:06
2026-04-06,13:06:42,HTCO,High-Trend International Group Class A Ordinary Shares,Nasdaq,LULD pause,2026-04-06,13:16:42
2026-04-06,13:02:02,MGRT,Mega Fortune Company Limited Ordinary Shares,Nasdaq,LULD pause,2026-04-06,13:12:02
2026-04-06,13:00:11,HTCO,High-Trend International Group Class A Ordinary Shares,Nasdaq,LULD pause,2026-04-06,13:05:11
2026-04-06,12:51:39,MGRT,Mega Fortune Company Limited Ordinary Shares,Nasdaq,LULD pause,2026-04-06,13:01:39
2026-04-06,12:46:14,MGRT,Mega Fortune Company Limited Ordinary Shares,Nasdaq,LULD pause,2026-04-06,12:51:14
2026-04-06,11:38:48,BDRX,Biodexa Pharmaceuticals plc American Depositary Shs,Nasdaq,LULD pause,2026-04-06,11:43:48
2026-04-06,11:28:28,SMOX,Horizon Small/Mid Cap Core Equity ETF,NYSE Arca,LULD pause,2026-04-06,11:33:28
2026-04-06,11:26:48,ANABV,"""AnaptysBio, Inc. Common Stock When Issued""",Nasdaq,LULD pause,2026-04-06,11:36:48
2026-04-06,11:23:13,SMOX,Horizon Small/Mid Cap Core Equity ETF,NYSE Arca,LULD pause,2026-04-06,11:28:13
2026-04-06,11:12:58,SMOX,Horizon Small/Mid Cap Core Equity ETF,NYSE Arca,LULD pause,2026-04-06,11:22:58
2026-04-06,11:12:37,SMX,SMX (Security Matters) Public Limited Company Ordinary Shares,Nasdaq,LULD pause,2026-04-06,11:17:37
2026-04-06,09:59:45,AKTX,Akari Therapeutics plc ADR (0.01 USD),Nasdaq,LULD pause,2026-04-06,10:09:45
2026-04-06,09:57:35,MAXN,"""Maxeon Solar Technologies, Ltd. Ordinary Shares""",Nasdaq,LULD pause,2026-04-06,10:02:35
2026-04-06,09:52:47,FCUV,Focus Universal Inc. Common Stock,Nasdaq,LULD pause,2026-04-06,09:57:47
2026-04-06,09:52:41,LUD,Luda Technology Group Limited,NYSE American,LULD pause,2026-04-06,09:57:41
2026-04-06,09:49:09,PFAI,Pinnacle Food Group Limited Class A Common Shares,Nasdaq,LULD pause,2026-04-06,09:54:09
2026-04-06,09:41:49,FCUV,Focus Universal Inc. Common Stock,Nasdaq,LULD pause,2026-04-06,09:46:49
2026-04-06,09:40:23,MAXN,"""Maxeon Solar Technologies, Ltd. Ordinary Shares""",Nasdaq,LULD pause,2026-04-06,09:45:23
2026-04-06,09:36:14,FCUV,Focus Universal Inc. Common Stock,Nasdaq,LULD pause,2026-04-06,09:41:14
2026-04-06,09:34:47,MAXN,"""Maxeon Solar Technologies, Ltd. Ordinary Shares""",Nasdaq,LULD pause,2026-04-06,09:39:47
2026-04-06,09:32:52,LNKS,Linkers Industries Limited Class A Ordinary Shares,Nasdaq,LULD pause,2026-04-06,09:37:52
2026-04-06,06:55:00,SLNO,"""Soleno Therapeutics, Inc. Common Stock""",Nasdaq,News pending,2026-04-06,07:30:00
2026-04-02,19:50:00,BDRX,Biodexa Pharmaceuticals plc American Depositary Shs,Nasdaq,News pending,,
2026-04-02,19:50:00,BDRX,Biodexa Pharmaceuticals plc American Depositary Shs,Nasdaq,News pending,2026-04-06,09:00:00
2026-04-02,19:50:00,AIIOW,Robo.ai Inc. Warrant,Nasdaq,News pending,2026-04-06,09:05:00
2026-04-02,19:50:00,HTCR,"""Heartcore Enterprises, Inc. Common Stock""",Nasdaq,News pending,,
2026-04-02,19:50:00,AIIOW,Robo.ai Inc. Warrant,Nasdaq,News pending,,
2026-04-02,19:50:00,HTCR,"""Heartcore Enterprises, Inc. Common Stock""",Nasdaq,News pending,2026-04-06,09:00:00
2026-04-02,19:50:00,BCAB,"""BioAtla, Inc. Common Stock""",Nasdaq,News pending,,
2026-04-02,19:50:00,BCAB,"""BioAtla, Inc. Common Stock""",Nasdaq,News pending,2026-04-06,09:00:00
2026-04-02,19:50:00,HKIT,Hitek Global Inc. Class A Ordinary Share,Nasdaq,News pending,,
2026-04-02,19:50:00,HKIT,Hitek Global Inc. Class A Ordinary Share,Nasdaq,News pending,2026-04-06,09:00:00
2026-04-02,19:50:00,INLF,INLIF LIMITED Class A Ordinary Shares,Nasdaq,News pending,2026-04-06,09:00:00
2026-04-02,19:50:00,INLF,INLIF LIMITED Class A Ordinary Shares,Nasdaq,News pending,,
2026-04-02,19:50:00,GNLN,"""Greenlane Holdings, Inc. Class A Common Stock""",Nasdaq,News pending,2026-04-06,09:00:00
2026-04-02,19:50:00,GNLN,"""Greenlane Holdings, Inc. Class A Common Stock""",Nasdaq,News pending,,
2026-04-02,19:50:00,XRTX,XORTX Therapeutics Inc. Common Stock,Nasdaq,News pending,2026-04-06,09:00:00
2026-04-02,19:50:00,XRTX,XORTX Therapeutics Inc. Common Stock,Nasdaq,News pending,,
2026-04-02,19:50:00,SWKHL,SWK Holdings Corporation 9.00% Senior Notes due 2027,Nasdaq,News pending,,
2026-04-02,19:50:00,SWKHL,SWK Holdings Corporation 9.00% Senior Notes due 2027,Nasdaq,News pending,2026-04-07,09:00:00
2026-04-02,19:50:00,WNW,Meiwu Technology Company Limited Ordinary Shares,Nasdaq,News pending,,
2026-04-02,19:50:00,WNW,Meiwu Technology Company Limited Ordinary Shares,Nasdaq,News pending,2026-04-06,09:00:00
2026-04-02,19:50:00,SWKH,SWK Holdings Corporation,Nasdaq,News pending,,
2026-04-02,19:50:00,AIIO,Robo.ai Inc. Class B Ordinary Shares,Nasdaq,News pending,,
2026-04-02,19:50:00,AIIO,Robo.ai Inc. Class B Ordinary Shares,Nasdaq,News pending,2026-04-06,09:00:00
2026-04-02,19:50:00,LNKS,Linkers Industries Limited Class A Ordinary Shares,Nasdaq,News pending,2026-04-06,09:00:00
2026-04-02,19:50:00,LNKS,Linkers Industries Limited Class A Ordinary Shares,Nasdaq,News pending,,
2026-04-02,19:50:00,SKK,SKK Holdings Limited Class A Ordinary Shares,Nasdaq,News pending,,
2026-04-02,19:50:00,SKK,SKK Holdings Limited Class A Ordinary Shares,Nasdaq,News pending,2026-04-06,09:00:00
2026-04-02,16:41:38,SBDS,"""Solo Brands, Inc.""",NYSE,News Released,,
2026-04-02,16:05:26,SBDS,"""Solo Brands, Inc.""",NYSE,Regulatory Concern,See Subsequent Halt,See Subsequent Halt
2026-04-02,11:54:38,APUS,"""Apimeds Pharmaceuticals US, Inc.""",NYSE American,Regulatory Concern,,
2026-04-02,11:54:38,APUS,"""Apimeds Pharmaceuticals US, Inc.""",NYSE American,Regulatory Concern,2026-05-05,14:00:00
2026-04-02,10:34:18,HTCO,High-Trend International Group Class A Ordinary Shares,Nasdaq,LULD pause,2026-04-02,10:39:18
2026-04-02,10:15:45,JFU,9F Inc. American Depositary Shares,Nasdaq,LULD pause,2026-04-02,10:20:45
2026-04-02,10:14:15,ANTA,Antalpha Platform Holding Company Class A Ordinary Shares,Nasdaq,LULD pause,2026-04-02,10:24:16
2026-04-02,10:13:36,SOHON,Sotherly Hotels Inc. 8.25% Series D Cumulative Redeemable Perpetual Preferred Stock,Nasdaq,LULD pause,2026-04-02,10:18:36
2026-04-02,10:05:25,JFU,9F Inc. American Depositary Shares,Nasdaq,LULD pause,2026-04-02,10:10:25
2026-04-02,10:00:22,BDRX,Biodexa Pharmaceuticals plc American Depositary Shs,Nasdaq,LULD pause,2026-04-02,10:05:22
2026-04-02,09:59:49,JFU,9F Inc. American Depositary Shares,Nasdaq,LULD pause,2026-04-02,10:04:49
2026-04-02,09:53:57,XBP,"""XBP Global Holdings, Inc. Common Stock""",Nasdaq,LULD pause,2026-04-02,09:58:57
2026-04-02,09:46:08,STAK,STAK Inc. Class A Ordinary Shares,Nasdaq,LULD pause,2026-04-02,09:51:08
2026-04-02,09:40:01,STAK,STAK Inc. Class A Ordinary Shares,Nasdaq,LULD pause,2026-04-02,09:45:01
2026-04-02,09:35:17,TOXR,21Shares XRP ETF,Cboe BZX,LULD pause,2026-04-02,09:40:17
2026-04-02,09:34:52,SST,"""System1, Inc.""",NYSE,LULD pause,2026-04-02,09:40:04
2026-04-02,09:34:45,BDRX,Biodexa Pharmaceuticals plc American Depositary Shs,Nasdaq,LULD pause,2026-04-02,09:39:45
2026-04-02,07:55:00,LPCN,Lipocine Inc.,Nasdaq,News pending,2026-04-02,08:45:01
2026-04-02,07:34:21,BBBY WS,"""Bed Bath & Beyond, Inc. Warrants to Purchase Common Stock""",NYSE,News pending,2026-04-02,08:19:12
2026-04-02,07:34:21,BBBY,"""Bed Bath & Beyond, Inc.""",NYSE,News pending,2026-04-02,08:19:12
2026-04-01,19:50:00,PSTV,"""PLUS THERAPEUTICS, Inc. Common Stock""",Nasdaq,News pending,2026-04-02,09:00:00
2026-04-01,19:50:00,PSTV,"""PLUS THERAPEUTICS, Inc. Common Stock""",Nasdaq,News pending,,
2026-04-01,19:50:00,NCT,Intercont (Cayman) Limited Class A Ordinary shares,Nasdaq,News pending,2026-04-02,09:00:00
2026-04-01,19:50:00,NCT,Intercont (Cayman) Limited Class A Ordinary shares,Nasdaq,News pending,,
2026-04-01,19:50:00,TBHC,"""The Brand House Collective, Inc. Common Stock""",Nasdaq,News pending,,
2026-04-01,15:48:20,JLHL,Julong Holding Limited Class A Ordinary Shares,Nasdaq,LULD pause,2026-04-01,16:00:00
2026-04-01,15:44:51,ELAB,PMGC Holdings Inc. Common Stock,Nasdaq,LULD pause,2026-04-01,16:00:00
2026-04-01,15:29:29,CVKD,"""Cadrenal Therapeutics, Inc. Common Stock""",Nasdaq,LULD pause,2026-04-01,15:34:29
2026-04-01,14:53:36,ELAB,PMGC Holdings Inc. Common Stock,Nasdaq,LULD pause,2026-04-01,14:58:36
2026-04-01,14:47:44,ELAB,PMGC Holdings Inc. Common Stock,Nasdaq,LULD pause,2026-04-01,14:52:44
2026-04-01,14:19:08,SST,"""System1, Inc.""",NYSE,LULD pause,2026-04-01,14:24:10
2026-04-01,13:54:08,HOTH,"""Hoth Therapeutics, Inc. Common Stock""",Nasdaq,LULD pause,2026-04-01,13:59:08
2026-04-01,13:50:29,SST,"""System1, Inc.""",NYSE,LULD pause,2026-04-01,13:55:38
2026-04-01,12:35:50,HSPT,Horizon Space Acquisition II Corp. Ordinary share,Nasdaq,LULD pause,2026-04-01,12:45:50
2026-04-01,12:29:48,MGRT,Mega Fortune Company Limited Ordinary Shares,Nasdaq,LULD pause,2026-04-01,12:34:48
2026-04-01,12:17:20,MGRT,Mega Fortune Company Limited Ordinary Shares,Nasdaq,LULD pause,2026-04-01,12:22:20
2026-04-01,12:13:57,JFU,9F Inc. American Depositary Shares,Nasdaq,LULD pause,2026-04-01,12:18:57
2026-04-01,12:11:40,RDACU,Rising Dragon Acquisition Corp. Unit,Nasdaq,LULD pause,2026-04-01,12:16:40
2026-04-01,12:05:43,MGRT,Mega Fortune Company Limited Ordinary Shares,Nasdaq,LULD pause,2026-04-01,12:10:43
2026-04-01,11:57:18,MGRT,Mega Fortune Company Limited Ordinary Shares,Nasdaq,LULD pause,2026-04-01,12:02:18
2026-04-01,11:50:45,CSHR,CoinShares PLC Ordinary Shares,Nasdaq,LULD pause,2026-04-01,11:55:45
2026-04-01,11:46:02,MGRT,Mega Fortune Company Limited Ordinary Shares,Nasdaq,LULD pause,2026-04-01,11:51:02
2026-04-01,11:43:51,HYAC,Haymaker Acquisition Corp. 4,NYSE,LULD pause,2026-04-01,11:48:54
2026-04-01,11:36:35,MGRT,Mega Fortune Company Limited Ordinary Shares,Nasdaq,LULD pause,2026-04-01,11:41:35
2026-04-01,11:31:16,MGRT,Mega Fortune Company Limited Ordinary Shares,Nasdaq,LULD pause,2026-04-01,11:36:16
2026-04-01,11:25:50,RDACU,Rising Dragon Acquisition Corp. Unit,Nasdaq,LULD pause,2026-04-01,11:40:50
2026-04-01,11:25:42,MGRT,Mega Fortune Company Limited Ordinary Shares,Nasdaq,LULD pause,2026-04-01,11:30:42
2026-04-01,11:20:17,MGRT,Mega Fortune Company Limited Ordinary Shares,Nasdaq,LULD pause,2026-04-01,11:25:17
2026-04-01,11:14:57,MGRT,Mega Fortune Company Limited Ordinary Shares,Nasdaq,LULD pause,2026-04-01,11:19:57
2026-04-01,11:11:04,RDACU,Rising Dragon Acquisition Corp. Unit,Nasdaq,LULD pause,2026-04-01,11:16:04
2026-04-01,11:06:35,MGRT,Mega Fortune Company Limited Ordinary Shares,Nasdaq,LULD pause,2026-04-01,11:11:35
2026-04-01,10:55:55,MGRT,Mega Fortune Company Limited Ordinary Shares,Nasdaq,LULD pause,2026-04-01,11:05:55
2026-04-01,10:44:43,MGRT,Mega Fortune Company Limited Ordinary Shares,Nasdaq,LULD pause,2026-04-01,10:54:43
2026-04-01,10:39:12,MGRT,Mega Fortune Company Limited Ordinary Shares,Nasdaq,LULD pause,2026-04-01,10:44:12
2026-04-01,10:21:37,GURE,"""Gulf Resources, Inc. (NV) Common Stock""",Nasdaq,LULD pause,2026-04-01,10:26:37
2026-04-01,10:18:27,MFI,mF International Limited Class A Ordinary Shares,Nasdaq,LULD pause,2026-04-01,10:28:27
2026-04-01,10:16:08,MGRT,Mega Fortune Company Limited Ordinary Shares,Nasdaq,LULD pause,2026-04-01,10:38:50
2026-04-01,10:08:42,ELAB,PMGC Holdings Inc. Common Stock,Nasdaq,LULD pause,2026-04-01,10:13:42
2026-04-01,10:04:12,ASTC,Astrotech Corporation (DE) Common Stock,Nasdaq,LULD pause,2026-04-01,10:09:12
2026-04-01,09:53:50,NRSH,Aztlan North America Nearshoring Stock Selection ETF,NYSE Arca,LULD pause,2026-04-01,09:58:50
2026-04-01,09:47:47,VGNT,Versigent PLC,NYSE,LULD pause,2026-04-01,09:52:53
2026-04-01,09:46:51,NCI,Neo-Concept International Group Holdings Limited Class A Ordinary Shares,Nasdaq,LULD pause,2026-04-01,09:51:51
2026-04-01,09:41:09,CYCN,"""Cyclerion Therapeutics, Inc. Common Stock""",Nasdaq,LULD pause,2026-04-01,09:46:09
2026-04-01,09:40:44,NCI,Neo-Concept International Group Holdings Limited Class A Ordinary Shares,Nasdaq,LULD pause,2026-04-01,09:45:44
2026-04-01,09:40:08,VGNT,Versigent PLC,NYSE,LULD pause,2026-04-01,09:45:18
2026-04-01,09:38:57,ROMA,Roma Green Finance Limited Class A Ordinary Shares,Nasdaq,LULD pause,2026-04-01,09:43:57
2026-04-01,09:38:33,FGL,Founder Group Limited Class A Ordinary Shares,Nasdaq,LULD pause,2026-04-01,09:43:33
2026-04-01,09:36:34,SNYR,Synergy CHC Corp. Common Stock,Nasdaq,LULD pause,2026-04-01,09:41:34
2026-04-01,09:32:16,GENK,"""GEN Restaurant Group, Inc. Class A Common Stock""",Nasdaq,LULD pause,2026-04-01,09:37:16
2026-04-01,09:32:02,ASTC,Astrotech Corporation (DE) Common Stock,Nasdaq,LULD pause,2026-04-01,09:42:02
2026-04-01,09:31:08,PHGE,BiomX Inc.,NYSE American,News pending,2026-04-01,10:10:00
2026-04-01,09:30:21,NCI,Neo-Concept International Group Holdings Limited Class A Ordinary Shares,Nasdaq,LULD pause,2026-04-01,09:40:21
2026-04-01,08:41:16,ONTF,"""ON24, Inc.""",NYSE,Merger Effective,,
2026-04-01,07:25:00,HCACU,Hall Chadwick Acquisition Corp. Unit,Nasdaq,News pending,2026-04-01,09:05:00
2026-04-01,07:25:00,HCACR,Hall Chadwick Acquisition Corp Rights,Nasdaq,News pending,2026-04-01,09:05:00
2026-04-01,07:25:00,HCAC,Hall Chadwick Acquisition Corp Class A Ordinary Shares,Nasdaq,News pending,2026-04-01,09:00:00
2026-04-01,06:55:00,RYM,"""RYTHM, Inc. Common Stock""",Nasdaq,News pending,2026-04-01,07:35:00
2026-03-31,19:50:51,BARK,"""BARK, Inc.""",NYSE,Corporate Action,,
2026-03-31,19:50:51,BARK,"""BARK, Inc.""",NYSE,Corporate Action,2026-04-01,09:30:11
2026-03-31,19:50:00,UCAR,U Power Limited Class A Ordinary Shares,Nasdaq,News pending,,
2026-03-31,19:50:00,UCAR,U Power Limited Class A Ordinary Shares,Nasdaq,News pending,2026-04-01,09:00:00
2026-03-31,19:50:00,OS,"""OneStream, Inc. Class A Common Stock""",Nasdaq,News pending,,
2026-03-31,19:50:00,AUUD,Auddia Inc. Common Stock,Nasdaq,News pending,,
2026-03-31,19:50:00,AUUD,Auddia Inc. Common Stock,Nasdaq,News pending,2026-04-01,09:00:00
2026-03-31,19:50:00,UBFO,United Security Bancshares,Nasdaq,News pending,,
2026-03-31,19:50:00,GLDD,Great Lakes Dredge & Dock Corporation,Nasdaq,News pending,,
2026-03-31,19:50:00,BLFY,Blue Foundry Bancorp Common Stock,Nasdaq,News pending,,
2026-03-31,15:33:06,UBXG,U-BX Technology Ltd. Class A Ordinary Shares,Nasdaq,LULD pause,2026-03-31,16:00:00
2026-03-31,15:24:09,NSA PRB,National Storage Affiliates Trust 6.000% Series B Cumulative Redeemable Preferred Shares of Beneficial Interest,NYSE,LULD pause,2026-03-31,15:32:02
2026-03-31,15:09:08,NCI,Neo-Concept International Group Holdings Limited Class A Ordinary Shares,Nasdaq,LULD pause,2026-03-31,15:14:08
2026-03-31,15:07:14,ELAB,PMGC Holdings Inc. Common Stock,Nasdaq,LULD pause,2026-03-31,15:12:14
2026-03-31,15:00:21,NCI,Neo-Concept International Group Holdings Limited Class A Ordinary Shares,Nasdaq,LULD pause,2026-03-31,15:05:21
2026-03-31,14:53:08,NCI,Neo-Concept International Group Holdings Limited Class A Ordinary Shares,Nasdaq,LULD pause,2026-03-31,14:58:08
2026-03-31,14:30:56,NCI,Neo-Concept International Group Holdings Limited Class A Ordinary Shares,Nasdaq,LULD pause,2026-03-31,14:45:57
2026-03-31,14:25:32,NCI,Neo-Concept International Group Holdings Limited Class A Ordinary Shares,Nasdaq,LULD pause,2026-03-31,14:30:32
2026-03-31,14:13:57,NCI,Neo-Concept International Group Holdings Limited Class A Ordinary Shares,Nasdaq,LULD pause,2026-03-31,14:23:57
2026-03-31,14:08:37,NCI,Neo-Concept International Group Holdings Limited Class A Ordinary Shares,Nasdaq,LULD pause,2026-03-31,14:13:37
2026-03-31,13:58:17,NCI,Neo-Concept International Group Holdings Limited Class A Ordinary Shares,Nasdaq,LULD pause,2026-03-31,14:08:17
2026-03-31,13:52:25,NCI,Neo-Concept International Group Holdings Limited Class A Ordinary Shares,Nasdaq,LULD pause,2026-03-31,13:57:25
2026-03-31,13:39:02,NCI,Neo-Concept International Group Holdings Limited Class A Ordinary Shares,Nasdaq,LULD pause,2026-03-31,13:44:02
2026-03-31,13:32:19,NCI,Neo-Concept International Group Holdings Limited Class A Ordinary Shares,Nasdaq,LULD pause,2026-03-31,13:37:19
2026-03-31,13:26:57,NCI,Neo-Concept International Group Holdings Limited Class A Ordinary Shares,Nasdaq,LULD pause,2026-03-31,13:31:57
2026-03-31,13:21:21,NCI,Neo-Concept International Group Holdings Limited Class A Ordinary Shares,Nasdaq,LULD pause,2026-03-31,13:26:21
2026-03-31,13:06:04,NCI,Neo-Concept International Group Holdings Limited Class A Ordinary Shares,Nasdaq,LULD pause,2026-03-31,13:21:04
2026-03-31,13:04:18,RDACU,Rising Dragon Acquisition Corp. Unit,Nasdaq,LULD pause,2026-03-31,13:09:18
2026-03-31,12:25:23,ELAB,PMGC Holdings Inc. Common Stock,Nasdaq,LULD pause,2026-03-31,12:30:23
2026-03-31,12:03:47,NCI,Neo-Concept International Group Holdings Limited Class A Ordinary Shares,Nasdaq,LULD pause,2026-03-31,13:05:46
2026-03-31,11:43:50,PHGE,BiomX Inc.,NYSE American,LULD pause,2026-03-31,11:48:50
2026-03-31,11:22:51,HSY,The Hershey Company,NYSE,News pending,2026-03-31,11:50:58
2026-03-31,11:00:52,TRUG,"""TruGolf Holdings, Inc. Class A Common Stock""",Nasdaq,LULD pause,2026-03-31,11:05:52
2026-03-31,10:55:24,TRUG,"""TruGolf Holdings, Inc. Class A Common Stock""",Nasdaq,LULD pause,2026-03-31,11:00:24
2026-03-31,10:50:07,TRUG,"""TruGolf Holdings, Inc. Class A Common Stock""",Nasdaq,LULD pause,2026-03-31,10:55:07
2026-03-31,10:49:30,PHGE,BiomX Inc.,NYSE American,LULD pause,2026-03-31,10:59:30
2026-03-31,09:56:26,MASK,3 E Network Technology Group Ltd Class A Ordinary Shares,Nasdaq,LULD pause,2026-03-31,10:01:26
2026-03-31,09:45:58,AIOS,AIOS Tech Inc. Class A Common Shares,Nasdaq,LULD pause,2026-03-31,09:50:58
2026-03-31,09:43:29,SOGP,Sound Group Inc. American Depositary Shares,Nasdaq,LULD pause,2026-03-31,09:48:29
2026-03-31,09:43:07,NPT,Texxon Holding Limited Ordinary shares,Nasdaq,LULD pause,2026-03-31,09:48:07
2026-03-31,09:40:36,AIOS,AIOS Tech Inc. Class A Common Shares,Nasdaq,LULD pause,2026-03-31,09:45:36
2026-03-31,09:38:24,FCHL,Fitness Champs Holdings Limited Common Stock,Nasdaq,LULD pause,2026-03-31,09:43:24
2026-03-31,09:36:43,HQ,Horizon Quantum Holdings Ltd. Class A Ordinary Shares,Nasdaq,LULD pause,2026-03-31,09:41:43
2026-03-31,09:34:49,TANH,Tantech Holdings Ltd. Class A Common Shares,Nasdaq,LULD pause,2026-03-31,09:39:49
2026-03-31,09:33:43,THY,Toews Agility Shares Dynamic Tactical Income ETF,NYSE Arca,LULD pause,2026-03-31,09:38:43
2026-03-31,09:31:55,NPT,Texxon Holding Limited Ordinary shares,Nasdaq,LULD pause,2026-03-31,09:36:55
2026-03-31,09:30:16,NCEW,New Century Logistics (BVI) Limited Ordinary Shares,Nasdaq,LULD pause,2026-03-31,09:40:16
2026-03-31,08:00:00,CRACW,Crown Reserve Acquisition Corp. I Warrant,Nasdaq,News pending,2026-03-31,08:40:00
2026-03-31,08:00:00,CRACU,Crown Reserve Acquisition Corp. I Unit,Nasdaq,News pending,2026-03-31,08:40:00
2026-03-31,08:00:00,CRACR,Crown Reserve Acquisition Corp. I Rights,Nasdaq,News pending,2026-03-31,08:40:00
2026-03-31,08:00:00,CRAC,Crown Reserve Acquisition Corp. I Class A Ordinary Shares,Nasdaq,News pending,2026-03-31,08:35:00
2026-03-31,07:55:00,IOBT,"""IO Biotech, Inc. Common Stock""",Nasdaq,News pending,2026-03-31,08:30:00
2026-03-30,19:50:14,AGL,"""agilon health, inc.""",NYSE,Corporate Action,2026-03-31,09:34:05
2026-03-30,19:50:14,AGL,"""agilon health, inc.""",NYSE,Corporate Action,,
2026-03-30,19:50:00,MODD,"""Modular Medical, Inc. Common Stock""",Nasdaq,News pending,,
2026-03-30,19:50:00,MODD,"""Modular Medical, Inc. Common Stock""",Nasdaq,News pending,2026-03-31,09:00:00
2026-03-30,19:50:00,PAVS,Paranovus Entertainment Technology Ltd. Class A Ordinary Shares,Nasdaq,News pending,,
2026-03-30,19:50:00,PAVS,Paranovus Entertainment Technology Ltd. Class A Ordinary Shares,Nasdaq,News pending,2026-03-31,09:00:00
2026-03-30,19:50:00,AKTX,Akari Therapeutics plc ADR (0.01 USD),Nasdaq,News pending,,
2026-03-30,19:50:00,AKTX,Akari Therapeutics plc ADR (0.01 USD),Nasdaq,News pending,2026-03-31,09:00:00
2026-03-30,17:55:00,RPAY,Repay Holdings Corporation Class A Common Stock,Nasdaq,News pending,2026-03-30,18:30:00
2026-03-30,16:01:00,PEPG,PepGen Inc. Common Stock,Nasdaq,News pending,2026-03-30,16:40:00
2026-03-30,16:00:10,AFBI,"""Affinity Bancshares, Inc. Common Stock (MD)""",Nasdaq,News pending,2026-03-30,17:25:00
2026-03-30,15:55:30,VACHU,Voyager Acquisition Corp Unit,Nasdaq,LULD pause,2026-03-30,16:02:25
2026-03-30,13:55:36,PMNT,Perfect Moment Ltd.,NYSE American,News pending,2026-03-30,14:35:00
2026-03-30,13:12:55,BFRG,"""Bullfrog AI Holdings, Inc. Common Stock""",Nasdaq,LULD pause,2026-03-30,13:17:55
2026-03-30,12:02:37,QNTM,Quantum Biopharma Ltd. Class B Subordinate Voting Shares,Nasdaq,LULD pause,2026-03-30,12:07:37
2026-03-30,11:50:10,QNTM,Quantum Biopharma Ltd. Class B Subordinate Voting Shares,Nasdaq,LULD pause,2026-03-30,12:00:10
2026-03-30,11:09:09,BFRG,"""Bullfrog AI Holdings, Inc. Common Stock""",Nasdaq,LULD pause,2026-03-30,11:14:09
2026-03-30,10:25:47,ROMA,Roma Green Finance Limited Class A Ordinary Shares,Nasdaq,LULD pause,2026-03-30,10:55:48
2026-03-30,10:19:12,MKDW,MKDWELL Tech Inc. Ordinary Share,Nasdaq,LULD pause,2026-03-30,10:24:12
2026-03-30,10:18:29,ASTC,Astrotech Corporation (DE) Common Stock,Nasdaq,LULD pause,2026-03-30,10:23:29
2026-03-30,10:15:30,ROMA,Roma Green Finance Limited Class A Ordinary Shares,Nasdaq,LULD pause,2026-03-30,10:25:30
2026-03-30,10:05:51,MKDW,MKDWELL Tech Inc. Ordinary Share,Nasdaq,LULD pause,2026-03-30,10:10:51
2026-03-30,10:00:14,MKDW,MKDWELL Tech Inc. Ordinary Share,Nasdaq,LULD pause,2026-03-30,10:05:14
2026-03-30,09:52:54,SVRN,OceanPal Inc. Common Stock,Nasdaq,LULD pause,2026-03-30,09:57:54
2026-03-30,09:50:37,GLND,Greenland Energy Company Common Stock,Nasdaq,LULD pause,2026-03-30,09:55:37
2026-03-30,09:50:14,ROMA,Roma Green Finance Limited Class A Ordinary Shares,Nasdaq,LULD pause,2026-03-30,10:15:15
2026-03-30,09:49:22,ATXG,Addentax Group Corp. Common Stock,Nasdaq,LULD pause,2026-03-30,09:54:22
2026-03-30,09:44:48,SVRN,OceanPal Inc. Common Stock,Nasdaq,LULD pause,2026-03-30,09:49:48
2026-03-30,09:44:00,MKDW,MKDWELL Tech Inc. Ordinary Share,Nasdaq,LULD pause,2026-03-30,09:59:01
2026-03-30,09:38:20,LUD,Luda Technology Group Limited,NYSE American,LULD pause,2026-03-30,09:43:20
2026-03-30,09:36:45,BFRG,"""Bullfrog AI Holdings, Inc. Common Stock""",Nasdaq,LULD pause,2026-03-30,09:41:45
2026-03-30,09:33:58,ROMA,Roma Green Finance Limited Class A Ordinary Shares,Nasdaq,LULD pause,2026-03-30,09:43:58
2026-03-30,09:33:39,MKDW,MKDWELL Tech Inc. Ordinary Share,Nasdaq,LULD pause,2026-03-30,09:43:40
2026-03-30,09:30:46,RWAYI,Runway Growth Finance Corp. 7.25% Notes due 2031,Nasdaq,LULD pause,2026-03-30,09:35:46
2026-03-30,09:30:19,ZDAI,"""DirectBooking Technology Co., Ltd. Class A Ordinary Shares""",Nasdaq,LULD pause,2026-03-30,09:35:19
2026-03-30,07:55:00,KZR,"""Kezar Life Sciences, Inc. Common Stock""",Nasdaq,News pending,2026-03-30,08:35:00
2026-03-27,19:50:00,FBLG,"""FibroBiologics, Inc. Common Stock""",Nasdaq,News pending,2026-03-30,09:00:00
2026-03-27,19:50:00,FBLG,"""FibroBiologics, Inc. Common Stock""",Nasdaq,News pending,,
2026-03-27,19:50:00,SVRN,OceanPal Inc. Common Stock,Nasdaq,News pending,,
2026-03-27,19:50:00,SVRN,OceanPal Inc. Common Stock,Nasdaq,News pending,2026-03-30,09:00:00
2026-03-27,19:50:00,ATXG,Addentax Group Corp. Common Stock,Nasdaq,News pending,,
2026-03-27,19:50:00,ATXG,Addentax Group Corp. Common Stock,Nasdaq,News pending,2026-03-30,09:00:00
2026-03-27,19:50:00,EJH,E-Home Household Service Holdings Limited Ordinary Shares,Nasdaq,News pending,2026-03-30,09:00:00
2026-03-27,19:50:00,EJH,E-Home Household Service Holdings Limited Ordinary Shares,Nasdaq,News pending,,
2026-03-27,15:53:40,VRM,"""Vroom, Inc. Common Stock""",Nasdaq,LULD pause,2026-03-27,16:00:00
2026-03-27,14:43:03,VSA,VisionSys AI Inc American Depositary Shares,Nasdaq,LULD pause,2026-03-27,14:48:03
2026-03-27,14:09:15,VSA,VisionSys AI Inc American Depositary Shares,Nasdaq,LULD pause,2026-03-27,14:34:17
2026-03-27,13:56:14,ARTL,"""Artelo Biosciences, Inc. Common Stock""",Nasdaq,LULD pause,2026-03-27,14:01:14
2026-03-27,13:36:24,ARTL,"""Artelo Biosciences, Inc. Common Stock""",Nasdaq,LULD pause,2026-03-27,13:41:24
2026-03-27,13:25:51,CDT,CDT Equity Inc. Common Stock,Nasdaq,LULD pause,2026-03-27,13:30:51
2026-03-27,12:31:12,VSA,VisionSys AI Inc American Depositary Shares,Nasdaq,LULD pause,2026-03-27,12:36:12
2026-03-27,12:12:22,ARTL,"""Artelo Biosciences, Inc. Common Stock""",Nasdaq,LULD pause,2026-03-27,12:22:23
2026-03-27,12:11:32,ZDAI,"""DirectBooking Technology Co., Ltd. Class A Ordinary Shares""",Nasdaq,LULD pause,2026-03-27,12:16:32
2026-03-27,12:08:18,ONCO,"""Onconetix, Inc. Common Stock""",Nasdaq,LULD pause,2026-03-27,12:13:18
2026-03-27,12:02:50,ONCO,"""Onconetix, Inc. Common Stock""",Nasdaq,LULD pause,2026-03-27,12:07:50
2026-03-27,12:00:56,FCHL,Fitness Champs Holdings Limited Common Stock,Nasdaq,LULD pause,2026-03-27,12:05:56
2026-03-27,11:51:40,ONCO,"""Onconetix, Inc. Common Stock""",Nasdaq,LULD pause,2026-03-27,12:01:40
2026-03-27,11:45:34,ARTL,"""Artelo Biosciences, Inc. Common Stock""",Nasdaq,LULD pause,2026-03-27,11:50:34
2026-03-27,11:36:54,VSA,VisionSys AI Inc American Depositary Shares,Nasdaq,LULD pause,2026-03-27,11:41:54
2026-03-27,11:29:30,ARTL,"""Artelo Biosciences, Inc. Common Stock""",Nasdaq,LULD pause,2026-03-27,11:39:30
2026-03-27,11:28:00,ONCO,"""Onconetix, Inc. Common Stock""",Nasdaq,LULD pause,2026-03-27,11:38:00
2026-03-27,11:18:46,ARTL,"""Artelo Biosciences, Inc. Common Stock""",Nasdaq,LULD pause,2026-03-27,11:28:46
2026-03-27,11:18:34,VCIC,Vine Hill Capital Investment Corp. Class A Ordinary Shares,Nasdaq,LULD pause,2026-03-27,11:28:34
2026-03-27,11:17:41,CYAB,"""Cyabra, Inc. Common Stock""",Nasdaq,LULD pause,2026-03-27,11:22:41
2026-03-27,11:16:08,ONCO,"""Onconetix, Inc. Common Stock""",Nasdaq,LULD pause,2026-03-27,11:26:08
2026-03-27,11:13:15,ARTL,"""Artelo Biosciences, Inc. Common Stock""",Nasdaq,LULD pause,2026-03-27,11:18:15
2026-03-27,11:11:44,BUR,Burford Capital Limited,NYSE,LULD pause,2026-03-27,11:16:47
2026-03-27,11:07:52,ARTL,"""Artelo Biosciences, Inc. Common Stock""",Nasdaq,LULD pause,2026-03-27,11:12:52
2026-03-27,11:05:34,BUR,Burford Capital Limited,NYSE,LULD pause,2026-03-27,11:11:09
2026-03-27,10:46:12,BUR,Burford Capital Limited,NYSE,LULD pause,2026-03-27,10:51:13
2026-03-27,10:38:45,MKDW,MKDWELL Tech Inc. Ordinary Share,Nasdaq,LULD pause,2026-03-27,10:43:45
2026-03-27,10:37:23,BUR,Burford Capital Limited,NYSE,LULD pause,2026-03-27,10:42:25
2026-03-27,10:37:03,CHSN,Chanson International Holding Class A Ordinary Shares,Nasdaq,LULD pause,2026-03-27,10:42:03
2026-03-27,10:30:25,BUR,Burford Capital Limited,NYSE,LULD pause,2026-03-27,10:35:26
2026-03-27,10:28:46,ARTL,"""Artelo Biosciences, Inc. Common Stock""",Nasdaq,LULD pause,2026-03-27,10:33:46
2026-03-27,10:28:35,MKDW,MKDWELL Tech Inc. Ordinary Share,Nasdaq,LULD pause,2026-03-27,10:33:35
2026-03-27,10:24:08,BUR,Burford Capital Limited,NYSE,LULD pause,2026-03-27,10:29:56
2026-03-27,10:23:40,CYAB,"""Cyabra, Inc. Common Stock""",Nasdaq,LULD pause,2026-03-27,10:28:40
2026-03-27,10:20:37,ITRM,Iterum Therapeutics plc Ordinary Share,Nasdaq,LULD pause,2026-03-27,10:25:37
2026-03-27,10:18:06,ARTL,"""Artelo Biosciences, Inc. Common Stock""",Nasdaq,LULD pause,2026-03-27,10:23:06
2026-03-27,10:17:38,BUR,Burford Capital Limited,NYSE,LULD pause,2026-03-27,10:22:41
2026-03-27,10:14:05,MKDW,MKDWELL Tech Inc. Ordinary Share,Nasdaq,LULD pause,2026-03-27,10:24:05
2026-03-27,10:11:25,ARTL,"""Artelo Biosciences, Inc. Common Stock""",Nasdaq,LULD pause,2026-03-27,10:16:25
2026-03-27,10:11:03,CYAB,"""Cyabra, Inc. Common Stock""",Nasdaq,LULD pause,2026-03-27,10:16:03
2026-03-27,10:04:57,CYAB,"""Cyabra, Inc. Common Stock""",Nasdaq,LULD pause,2026-03-27,10:09:57
2026-03-27,10:02:44,ONEG,OneConstruction Group Limited Ordinary Shares,Nasdaq,LULD pause,2026-03-27,10:12:44
2026-03-27,10:02:28,MKDW,MKDWELL Tech Inc. Ordinary Share,Nasdaq,LULD pause,2026-03-27,10:12:28
2026-03-27,09:58:26,ARTL,"""Artelo Biosciences, Inc. Common Stock""",Nasdaq,LULD pause,2026-03-27,10:08:26
2026-03-27,09:55:53,EEIQ,EpicQuest Education Group International Limited Common Stock,Nasdaq,LULD pause,2026-03-27,10:00:53
2026-03-27,09:55:19,MKDW,MKDWELL Tech Inc. Ordinary Share,Nasdaq,LULD pause,2026-03-27,10:00:19
2026-03-27,09:53:08,ARTL,"""Artelo Biosciences, Inc. Common Stock""",Nasdaq,LULD pause,2026-03-27,09:58:08
2026-03-27,09:52:38,VCX,"""Fundrise Innovation Fund, LLC""",NYSE,LULD pause,2026-03-27,09:57:45
2026-03-27,09:52:04,CYAB,"""Cyabra, Inc. Common Stock""",Nasdaq,LULD pause,2026-03-27,10:02:04
2026-03-27,09:52:01,ONEG,OneConstruction Group Limited Ordinary Shares,Nasdaq,LULD pause,2026-03-27,10:02:01
2026-03-27,09:50:12,ZDAI,"""DirectBooking Technology Co., Ltd. Class A Ordinary Shares""",Nasdaq,LULD pause,2026-03-27,09:55:12
2026-03-27,09:48:13,PAMT,PAMT CORP Common Stock,Nasdaq,LULD pause,2026-03-27,09:53:13
2026-03-27,09:42:47,ARTL,"""Artelo Biosciences, Inc. Common Stock""",Nasdaq,LULD pause,2026-03-27,09:52:47
2026-03-27,09:40:33,ONEG,OneConstruction Group Limited Ordinary Shares,Nasdaq,LULD pause,2026-03-27,09:51:11
2026-03-27,09:38:33,BLIV,BeLive Holdings Ordinary Share,Nasdaq,LULD pause,2026-03-27,09:43:33
2026-03-27,09:37:58,ONCO,"""Onconetix, Inc. Common Stock""",Nasdaq,LULD pause,2026-03-27,09:42:58
2026-03-27,09:34:13,ZDAI,"""DirectBooking Technology Co., Ltd. Class A Ordinary Shares""",Nasdaq,LULD pause,2026-03-27,09:39:13
2026-03-27,09:32:24,ARTL,"""Artelo Biosciences, Inc. Common Stock""",Nasdaq,LULD pause,2026-03-27,09:42:24
2026-03-27,09:32:14,ONCO,"""Onconetix, Inc. Common Stock""",Nasdaq,LULD pause,2026-03-27,09:37:14
2026-03-27,09:30:41,CDT,CDT Equity Inc. Common Stock,Nasdaq,LULD pause,2026-03-27,09:40:41
2026-03-27,09:17:21,ITRM,Iterum Therapeutics plc Ordinary Share,Nasdaq,News pending,2026-03-27,10:20:00
2026-03-26,19:50:00,CDTTW,CDT Equity Inc. Warrant,Nasdaq,News pending,2026-03-27,09:05:00
2026-03-26,19:50:00,CDTTW,CDT Equity Inc. Warrant,Nasdaq,News pending,,
2026-03-26,19:50:00,TRUG,"""TruGolf Holdings, Inc. Class A Common Stock""",Nasdaq,News pending,,
2026-03-26,19:50:00,TRUG,"""TruGolf Holdings, Inc. Class A Common Stock""",Nasdaq,News pending,2026-03-27,09:00:00
2026-03-26,19:50:00,CDT,CDT Equity Inc. Common Stock,Nasdaq,News pending,2026-03-27,09:00:00
2026-03-26,19:50:00,CDT,CDT Equity Inc. Common Stock,Nasdaq,News pending,,
2026-03-26,19:50:00,IVF,"""INVO Fertility, Inc. Common Stock""",Nasdaq,News pending,2026-03-27,09:00:00
2026-03-26,19:50:00,IVF,"""INVO Fertility, Inc. Common Stock""",Nasdaq,News pending,,
2026-03-26,19:50:00,LBGJ,Li Bang International Corporation Inc. Class A Ordinary Shares,Nasdaq,News pending,,
2026-03-26,19:50:00,LBGJ,Li Bang International Corporation Inc. Class A Ordinary Shares,Nasdaq,News pending,2026-03-27,09:00:00
2026-03-26,19:50:00,ADV,Advantage Solutions Inc. Class A Common Stock,Nasdaq,News pending,2026-03-27,09:00:00
2026-03-26,19:50:00,ADV,Advantage Solutions Inc. Class A Common Stock,Nasdaq,News pending,,
2026-03-26,15:21:32,VSA,VisionSys AI Inc American Depositary Shares,Nasdaq,LULD pause,2026-03-26,15:26:32
2026-03-26,15:07:15,VSA,VisionSys AI Inc American Depositary Shares,Nasdaq,LULD pause,2026-03-26,15:12:15
2026-03-26,14:49:53,VSA,VisionSys AI Inc American Depositary Shares,Nasdaq,LULD pause,2026-03-26,14:54:53
2026-03-26,14:47:35,UGRO,"""urban-gro, Inc. Common Stock""",Nasdaq,LULD pause,2026-03-26,14:52:35
2026-03-26,14:34:11,VCIC,Vine Hill Capital Investment Corp. Class A Ordinary Shares,Nasdaq,LULD pause,2026-03-26,14:39:11
2026-03-26,14:33:41,VCICU,Vine Hill Capital Investment Corp. Unit,Nasdaq,LULD pause,2026-03-26,14:38:41
2026-03-26,14:25:16,VCIC,Vine Hill Capital Investment Corp. Class A Ordinary Shares,Nasdaq,LULD pause,2026-03-26,14:30:16
2026-03-26,14:14:25,CHACU,Crane Harbor Acquistion Corp. Units,Nasdaq,LULD pause,2026-03-26,14:24:25
2026-03-26,14:12:57,VCIC,Vine Hill Capital Investment Corp. Class A Ordinary Shares,Nasdaq,LULD pause,2026-03-26,14:22:57
2026-03-26,14:05:48,CHACU,Crane Harbor Acquistion Corp. Units,Nasdaq,LULD pause,2026-03-26,14:10:48
2026-03-26,14:00:27,CHACU,Crane Harbor Acquistion Corp. Units,Nasdaq,LULD pause,2026-03-26,14:05:27
2026-03-26,13:30:49,TBMC,Trailblazer Merger Corporation I Class A Common Stock,Nasdaq,LULD pause,2026-03-26,13:56:01
2026-03-26,12:14:35,BF A,Brown-Forman Corporation Class A,NYSE,LULD pause,2026-03-26,12:19:35
2026-03-26,12:14:27,BF B,Brown-Forman Corporation Class B,NYSE,LULD pause,2026-03-26,12:20:50
2026-03-26,11:22:23,GLND,Greenland Energy Company Common Stock,Nasdaq,LULD pause,2026-03-26,11:27:23
2026-03-26,11:10:58,MGN,Megan Holdings Limited Class A Ordinary Shares,Nasdaq,LULD pause,2026-03-26,11:15:58
2026-03-26,11:04:07,GLND,Greenland Energy Company Common Stock,Nasdaq,LULD pause,2026-03-26,11:09:07
2026-03-26,10:51:46,UGRO,"""urban-gro, Inc. Common Stock""",Nasdaq,LULD pause,2026-03-26,10:56:46
2026-03-26,10:50:23,GLND,Greenland Energy Company Common Stock,Nasdaq,LULD pause,2026-03-26,10:55:23
2026-03-26,10:49:37,MGN,Megan Holdings Limited Class A Ordinary Shares,Nasdaq,LULD pause,2026-03-26,10:54:37
2026-03-26,10:46:44,ZBAI,ATIF Holdings Limited Ordinary Shares,Nasdaq,LULD pause,2026-03-26,10:51:44
2026-03-26,10:44:49,VACH,Voyager Acquisition Corp Class A Ordinary Shares,Nasdaq,LULD pause,2026-03-26,10:54:50
2026-03-26,10:39:31,GLND,Greenland Energy Company Common Stock,Nasdaq,LULD pause,2026-03-26,10:44:31
2026-03-26,10:31:00,GLND,Greenland Energy Company Common Stock,Nasdaq,LULD pause,2026-03-26,10:36:00
2026-03-26,10:30:38,UGRO,"""urban-gro, Inc. Common Stock""",Nasdaq,LULD pause,2026-03-26,10:35:38
2026-03-26,10:29:01,MGN,Megan Holdings Limited Class A Ordinary Shares,Nasdaq,LULD pause,2026-03-26,10:34:01
2026-03-26,10:22:04,EEIQ,EpicQuest Education Group International Limited Common Stock,Nasdaq,LULD pause,2026-03-26,10:32:04
2026-03-26,10:12:08,UGRO,"""urban-gro, Inc. Common Stock""",Nasdaq,LULD pause,2026-03-26,10:17:08
2026-03-26,10:12:00,CMBM,Cambium Networks Corporation Ordinary Shares,Nasdaq,LULD pause,2026-03-26,10:17:00
2026-03-26,10:11:55,GLND,Greenland Energy Company Common Stock,Nasdaq,LULD pause,2026-03-26,10:16:55
2026-03-26,10:06:46,UGRO,"""urban-gro, Inc. Common Stock""",Nasdaq,LULD pause,2026-03-26,10:11:46
2026-03-26,10:05:43,GLND,Greenland Energy Company Common Stock,Nasdaq,LULD pause,2026-03-26,10:10:43
2026-03-26,10:02:01,MGN,Megan Holdings Limited Class A Ordinary Shares,Nasdaq,LULD pause,2026-03-26,10:07:01
2026-03-26,10:01:25,UGRO,"""urban-gro, Inc. Common Stock""",Nasdaq,LULD pause,2026-03-26,10:06:25
2026-03-26,10:00:34,EEIQ,EpicQuest Education Group International Limited Common Stock,Nasdaq,LULD pause,2026-03-26,10:05:34
2026-03-26,09:58:47,VCX,"""Fundrise Innovation Fund, LLC""",NYSE,LULD pause,2026-03-26,10:04:00
2026-03-26,09:56:31,MGN,Megan Holdings Limited Class A Ordinary Shares,Nasdaq,LULD pause,2026-03-26,10:01:31
2026-03-26,09:50:44,VACHU,Voyager Acquisition Corp Unit,Nasdaq,LULD pause,2026-03-26,09:55:44
2026-03-26,09:50:40,GLND,Greenland Energy Company Common Stock,Nasdaq,LULD pause,2026-03-26,10:00:40
2026-03-26,09:47:32,THCH,TH International Limited Ordinary shares,Nasdaq,LULD pause,2026-03-26,09:57:32
2026-03-26,09:46:08,VCX,"""Fundrise Innovation Fund, LLC""",NYSE,LULD pause,2026-03-26,09:51:16
2026-03-26,09:44:55,VACH,Voyager Acquisition Corp Class A Ordinary Shares,Nasdaq,LULD pause,2026-03-26,09:49:55
2026-03-26,09:42:58,MGN,Megan Holdings Limited Class A Ordinary Shares,Nasdaq,LULD pause,2026-03-26,09:47:58
2026-03-26,09:42:43,VACHU,Voyager Acquisition Corp Unit,Nasdaq,LULD pause,2026-03-26,09:47:43
2026-03-26,09:38:38,EAF,GrafTech International Ltd.,NYSE,LULD pause,2026-03-26,09:43:43
2026-03-26,09:38:33,GLND,Greenland Energy Company Common Stock,Nasdaq,LULD pause,2026-03-26,09:48:33
2026-03-26,09:38:17,CMBM,Cambium Networks Corporation Ordinary Shares,Nasdaq,LULD pause,2026-03-26,09:43:17
2026-03-26,09:37:35,LNAI,Lunai Bioworks Inc. Common Stock,Nasdaq,LULD pause,2026-03-26,09:42:35
2026-03-26,09:37:25,VCX,"""Fundrise Innovation Fund, LLC""",NYSE,LULD pause,2026-03-26,09:44:35
2026-03-26,09:37:17,EEIQ,EpicQuest Education Group International Limited Common Stock,Nasdaq,LULD pause,2026-03-26,09:42:17
2026-03-26,09:37:00,LIQT,"""LiqTech International, Inc.""",Nasdaq,LULD pause,2026-03-26,09:42:00
2026-03-26,09:36:41,MGN,Megan Holdings Limited Class A Ordinary Shares,Nasdaq,LULD pause,2026-03-26,09:41:41
2026-03-26,09:34:36,LMRI,"""Lumexa Imaging Holdings, Inc. Common Stock""",Nasdaq,LULD pause,2026-03-26,09:39:36
2026-03-26,09:32:51,GLND,Greenland Energy Company Common Stock,Nasdaq,LULD pause,2026-03-26,09:37:51
2026-03-26,09:31:12,MGN,Megan Holdings Limited Class A Ordinary Shares,Nasdaq,LULD pause,2026-03-26,09:36:12
2026-03-26,09:30:15,CVR,Chicago Rivet & Machine Co.,NYSE American,LULD pause,2026-03-26,09:40:15
2026-03-26,07:59:18,PULM,"""Pulmatrix, Inc. Common Stock""",Nasdaq,News pending,2026-03-26,08:30:00
2026-03-25,19:50:00,RENX,RenX Enterprises Corp. Common Stock,Nasdaq,News pending,2026-03-26,09:00:00
2026-03-25,19:50:00,RENX,RenX Enterprises Corp. Common Stock,Nasdaq,News pending,,
2026-03-25,19:50:00,CMCT,Creative Media & Community Trust Corporation Common stock,Nasdaq,News pending,2026-03-26,09:00:00
2026-03-25,19:50:00,CMCT,Creative Media & Community Trust Corporation Common stock,Nasdaq,News pending,,
2026-03-25,17:37:48,NOTE WS,"""FiscalNote Holdings, Inc. Warrants entitles holder to purchase 0.130952 of a share of Class A Common Stock at a price of $87.82 per share""",NYSE,News Released,,
2026-03-25,17:37:48,NOTE,"""FiscalNote Holdings, Inc.""",NYSE,News Released,,
2026-03-25,16:05:38,NOTE WS,"""FiscalNote Holdings, Inc. Warrants entitles holder to purchase 0.130952 of a share of Class A Common Stock at a price of $87.82 per share""",NYSE,Regulatory Concern,See Subsequent Halt,See Subsequent Halt
2026-03-25,16:05:38,NOTE,"""FiscalNote Holdings, Inc.""",NYSE,Regulatory Concern,See Subsequent Halt,See Subsequent Halt
2026-03-25,15:46:45,UGRO,"""urban-gro, Inc. Common Stock""",Nasdaq,LULD pause,2026-03-25,16:00:00
2026-03-25,15:36:05,UGRO,"""urban-gro, Inc. Common Stock""",Nasdaq,LULD pause,2026-03-25,15:46:06
2026-03-25,15:28:53,UGRO,"""urban-gro, Inc. Common Stock""",Nasdaq,LULD pause,2026-03-25,15:33:53
2026-03-25,15:18:29,UGRO,"""urban-gro, Inc. Common Stock""",Nasdaq,LULD pause,2026-03-25,15:28:29
2026-03-25,15:08:09,UGRO,"""urban-gro, Inc. Common Stock""",Nasdaq,LULD pause,2026-03-25,15:18:10
2026-03-25,14:57:50,UGRO,"""urban-gro, Inc. Common Stock""",Nasdaq,LULD pause,2026-03-25,15:07:50
2026-03-25,14:45:12,UGRO,"""urban-gro, Inc. Common Stock""",Nasdaq,LULD pause,2026-03-25,14:50:12
2026-03-25,14:34:30,UGRO,"""urban-gro, Inc. Common Stock""",Nasdaq,LULD pause,2026-03-25,14:44:30
2026-03-25,13:51:12,HSPT,Horizon Space Acquisition II Corp. Ordinary share,Nasdaq,LULD pause,2026-03-25,13:56:12
2026-03-25,11:29:36,NXTT,Next Technology Holding Inc. Ordinary Shares,Nasdaq,LULD pause,2026-03-25,11:34:36
2026-03-25,10:56:08,FGL,Founder Group Limited Class A Ordinary Shares,Nasdaq,LULD pause,2026-03-25,11:06:08
2026-03-25,10:56:07,HSPT,Horizon Space Acquisition II Corp. Ordinary share,Nasdaq,LULD pause,2026-03-25,11:01:07
2026-03-25,10:30:02,CORT,Corcept Therapeutics Inc.,Nasdaq,LULD pause,2026-03-25,10:57:18
2026-03-25,10:20:53,NXTT,Next Technology Holding Inc. Ordinary Shares,Nasdaq,LULD pause,2026-03-25,10:25:53
2026-03-25,10:10:06,NXTT,Next Technology Holding Inc. Ordinary Shares,Nasdaq,LULD pause,2026-03-25,10:15:06
2026-03-25,10:00:23,VCX,"""Fundrise Innovation Fund, LLC""",NYSE,LULD pause,2026-03-25,10:05:29
2026-03-25,09:58:46,NXTT,Next Technology Holding Inc. Ordinary Shares,Nasdaq,LULD pause,2026-03-25,10:03:46
2026-03-25,09:51:27,NXTT,Next Technology Holding Inc. Ordinary Shares,Nasdaq,LULD pause,2026-03-25,09:56:27
2026-03-25,09:44:48,NXTT,Next Technology Holding Inc. Ordinary Shares,Nasdaq,LULD pause,2026-03-25,09:49:48
2026-03-25,09:42:03,QNRX,"""Quoin Pharmaceuticals, Ltd. American Depositary Shares""",Nasdaq,LULD pause,2026-03-25,09:47:03
2026-03-25,09:39:32,UGRO,"""urban-gro, Inc. Common Stock""",Nasdaq,LULD pause,2026-03-25,09:44:32
2026-03-25,09:33:15,QNRX,"""Quoin Pharmaceuticals, Ltd. American Depositary Shares""",Nasdaq,LULD pause,2026-03-25,09:38:15
2026-03-25,09:31:56,DOJE,REX-Osprey DOGE ETF,Cboe BZX,LULD pause,2026-03-25,09:36:56
2026-03-25,09:30:18,ARMW,Roundhill ARM WeeklyPay ETF,Cboe BZX,LULD pause,2026-03-25,09:40:18
2026-03-25,09:30:15,SRPU,Tradr 2X Long SRPT Daily ETF,Cboe BZX,LULD pause,2026-03-25,09:40:15
2026-03-25,07:55:00,NDRA,ENDRA Life Sciences Inc. Common Stock,Nasdaq,News pending,2026-03-25,08:30:00
2026-03-24,19:50:00,ONCO,"""Onconetix, Inc. Common Stock""",Nasdaq,News pending,,
2026-03-24,19:50:00,ONCO,"""Onconetix, Inc. Common Stock""",Nasdaq,News pending,2026-03-25,09:00:00
2026-03-24,19:50:00,XTLB,XTL Biopharmaceuticals Ltd. American Depositary Shares,Nasdaq,News pending,,
2026-03-24,19:50:00,XTLB,XTL Biopharmaceuticals Ltd. American Depositary Shares,Nasdaq,News pending,2026-03-25,09:00:00
2026-03-24,15:10:05,PAVS,Paranovus Entertainment Technology Ltd. Class A Ordinary Shares,Nasdaq,LULD pause,2026-03-24,15:20:05
2026-03-24,13:59:32,SSM,Sono Group N.V. Ordinary Shares,Nasdaq,LULD pause,2026-03-24,14:04:32
2026-03-24,13:59:09,TJGC,TJGC Group Limited Ordinary Shares,Nasdaq,LULD pause,2026-03-24,14:04:09
2026-03-24,13:56:51,RDGT,"""Ridgetech, Inc. Ordinary Shares""",Nasdaq,LULD pause,2026-03-24,14:01:51
2026-03-24,13:37:39,RDGT,"""Ridgetech, Inc. Ordinary Shares""",Nasdaq,LULD pause,2026-03-24,13:42:39
2026-03-24,13:24:45,RDGT,"""Ridgetech, Inc. Ordinary Shares""",Nasdaq,LULD pause,2026-03-24,13:29:45
2026-03-24,13:15:40,RDGT,"""Ridgetech, Inc. Ordinary Shares""",Nasdaq,LULD pause,2026-03-24,13:20:40
2026-03-24,12:51:42,RDGT,"""Ridgetech, Inc. Ordinary Shares""",Nasdaq,LULD pause,2026-03-24,12:56:42
2026-03-24,12:12:22,RDGT,"""Ridgetech, Inc. Ordinary Shares""",Nasdaq,LULD pause,2026-03-24,12:17:22
2026-03-24,12:04:38,RDGT,"""Ridgetech, Inc. Ordinary Shares""",Nasdaq,LULD pause,2026-03-24,12:09:38
2026-03-24,11:59:15,RDGT,"""Ridgetech, Inc. Ordinary Shares""",Nasdaq,LULD pause,2026-03-24,12:04:15
2026-03-24,11:51:40,RDGT,"""Ridgetech, Inc. Ordinary Shares""",Nasdaq,LULD pause,2026-03-24,11:56:40
2026-03-24,11:43:42,RDGT,"""Ridgetech, Inc. Ordinary Shares""",Nasdaq,LULD pause,2026-03-24,11:48:42
2026-03-24,11:29:03,RDGT,"""Ridgetech, Inc. Ordinary Shares""",Nasdaq,LULD pause,2026-03-24,11:34:03
2026-03-24,11:22:52,RDGT,"""Ridgetech, Inc. Ordinary Shares""",Nasdaq,LULD pause,2026-03-24,11:27:52
2026-03-24,11:17:02,RDGT,"""Ridgetech, Inc. Ordinary Shares""",Nasdaq,LULD pause,2026-03-24,11:22:02
2026-03-24,11:11:16,RDGT,"""Ridgetech, Inc. Ordinary Shares""",Nasdaq,LULD pause,2026-03-24,11:16:16
2026-03-24,11:05:07,RDGT,"""Ridgetech, Inc. Ordinary Shares""",Nasdaq,LULD pause,2026-03-24,11:10:07
2026-03-24,10:59:28,RDGT,"""Ridgetech, Inc. Ordinary Shares""",Nasdaq,LULD pause,2026-03-24,11:04:28
2026-03-24,10:53:53,RDGT,"""Ridgetech, Inc. Ordinary Shares""",Nasdaq,LULD pause,2026-03-24,10:58:53
2026-03-24,10:48:26,RDGT,"""Ridgetech, Inc. Ordinary Shares""",Nasdaq,LULD pause,2026-03-24,10:53:26
2026-03-24,10:38:34,RDGT,"""Ridgetech, Inc. Ordinary Shares""",Nasdaq,LULD pause,2026-03-24,10:43:34
2026-03-24,10:33:11,RDGT,"""Ridgetech, Inc. Ordinary Shares""",Nasdaq,LULD pause,2026-03-24,10:38:11
2026-03-24,10:27:14,RDGT,"""Ridgetech, Inc. Ordinary Shares""",Nasdaq,LULD pause,2026-03-24,10:32:14
2026-03-24,10:23:59,RDACU,Rising Dragon Acquisition Corp. Unit,Nasdaq,LULD pause,2026-03-24,10:28:59
2026-03-24,10:15:10,RDGT,"""Ridgetech, Inc. Ordinary Shares""",Nasdaq,LULD pause,2026-03-24,10:20:10
2026-03-24,10:08:56,RDGT,"""Ridgetech, Inc. Ordinary Shares""",Nasdaq,LULD pause,2026-03-24,10:13:56
2026-03-24,10:03:15,RDGT,"""Ridgetech, Inc. Ordinary Shares""",Nasdaq,LULD pause,2026-03-24,10:08:15
2026-03-24,10:01:12,VCX,"""Fundrise Innovation Fund, LLC""",NYSE,LULD pause,2026-03-24,10:07:12
2026-03-24,09:57:44,RDGT,"""Ridgetech, Inc. Ordinary Shares""",Nasdaq,LULD pause,2026-03-24,10:02:44
2026-03-24,09:53:08,VCX,"""Fundrise Innovation Fund, LLC""",NYSE,LULD pause,2026-03-24,10:00:49
2026-03-24,09:50:17,RDGT,"""Ridgetech, Inc. Ordinary Shares""",Nasdaq,LULD pause,2026-03-24,09:55:17
2026-03-24,09:47:43,DXST,Decent Holding Inc Class A Ordinary Shares,Nasdaq,LULD pause,2026-03-24,09:57:43
2026-03-24,09:41:34,DXST,Decent Holding Inc Class A Ordinary Shares,Nasdaq,LULD pause,2026-03-24,09:46:34
2026-03-24,09:40:33,VCX,"""Fundrise Innovation Fund, LLC""",NYSE,LULD pause,2026-03-24,09:45:41
2026-03-24,09:37:42,UGRO,"""urban-gro, Inc. Common Stock""",Nasdaq,LULD pause,2026-03-24,09:42:42
2026-03-24,09:36:01,LICN,Lichen China Limited Class A Ordinary Shares,Nasdaq,LULD pause,2026-03-24,09:41:01
2026-03-24,09:30:16,LICN,Lichen China Limited Class A Ordinary Shares,Nasdaq,LULD pause,2026-03-24,09:35:16
2026-03-24,06:56:12,KPTI,Karyopharm Therapeutics Inc.,Nasdaq,News pending,2026-03-24,07:30:00
2026-03-23,19:50:21,FUBO,FuboTV Inc.,NYSE,Corporate Action,2026-03-24,09:31:40
2026-03-23,19:50:21,FUBO,FuboTV Inc.,NYSE,Corporate Action,,
2026-03-23,15:38:34,HDLB,"""ETRACS Monthly Pay 2xLeveraged US High Dividend Low Volatility ETN Series B due October 21, 2049""",NYSE Arca,LULD pause,2026-03-23,15:43:34
2026-03-23,15:32:09,RDACU,Rising Dragon Acquisition Corp. Unit,Nasdaq,LULD pause,2026-03-23,16:00:00
2026-03-23,15:31:35,GIGGU,GigCapital7 Corp. Unit,Nasdaq,LULD pause,2026-03-23,15:36:35
2026-03-23,15:22:33,AHMA,Ambitions Enterprise Management Co. L.L.C Class A Ordinary Shares,Nasdaq,LULD pause,2026-03-23,15:27:33
2026-03-23,15:16:33,AHMA,Ambitions Enterprise Management Co. L.L.C Class A Ordinary Shares,Nasdaq,LULD pause,2026-03-23,15:21:33
2026-03-23,15:10:56,AHMA,Ambitions Enterprise Management Co. L.L.C Class A Ordinary Shares,Nasdaq,LULD pause,2026-03-23,15:15:56
2026-03-23,15:03:32,VRM,"""Vroom, Inc. Common Stock""",Nasdaq,LULD pause,2026-03-23,15:13:32
2026-03-23,13:58:45,AHMA,Ambitions Enterprise Management Co. L.L.C Class A Ordinary Shares,Nasdaq,LULD pause,2026-03-23,14:03:45
2026-03-23,13:53:13,AHMA,Ambitions Enterprise Management Co. L.L.C Class A Ordinary Shares,Nasdaq,LULD pause,2026-03-23,13:58:13
2026-03-23,13:40:59,AHMA,Ambitions Enterprise Management Co. L.L.C Class A Ordinary Shares,Nasdaq,LULD pause,2026-03-23,13:45:59
2026-03-23,13:34:25,AHMA,Ambitions Enterprise Management Co. L.L.C Class A Ordinary Shares,Nasdaq,LULD pause,2026-03-23,13:39:25
2026-03-23,13:28:16,AHMA,Ambitions Enterprise Management Co. L.L.C Class A Ordinary Shares,Nasdaq,LULD pause,2026-03-23,13:33:16
2026-03-23,13:15:52,AHMA,Ambitions Enterprise Management Co. L.L.C Class A Ordinary Shares,Nasdaq,LULD pause,2026-03-23,13:20:52
2026-03-23,13:05:35,AHMA,Ambitions Enterprise Management Co. L.L.C Class A Ordinary Shares,Nasdaq,LULD pause,2026-03-23,13:10:35
2026-03-23,12:54:38,AHMA,Ambitions Enterprise Management Co. L.L.C Class A Ordinary Shares,Nasdaq,LULD pause,2026-03-23,12:59:38
2026-03-23,12:48:15,AHMA,Ambitions Enterprise Management Co. L.L.C Class A Ordinary Shares,Nasdaq,LULD pause,2026-03-23,12:53:15
2026-03-23,12:39:12,RDGT,"""Ridgetech, Inc. Ordinary Shares""",Nasdaq,LULD pause,2026-03-23,12:44:12
2026-03-23,12:36:33,AHMA,Ambitions Enterprise Management Co. L.L.C Class A Ordinary Shares,Nasdaq,LULD pause,2026-03-23,12:46:33
2026-03-23,12:33:31,RDGT,"""Ridgetech, Inc. Ordinary Shares""",Nasdaq,LULD pause,2026-03-23,12:38:31
2026-03-23,12:32:36,PTLE,PTL LTD Class A Ordinary Shares,Nasdaq,LULD pause,2026-03-23,12:37:36
2026-03-23,12:26:26,PTLE,PTL LTD Class A Ordinary Shares,Nasdaq,LULD pause,2026-03-23,12:31:26
2026-03-23,12:26:14,AHMA,Ambitions Enterprise Management Co. L.L.C Class A Ordinary Shares,Nasdaq,LULD pause,2026-03-23,12:36:14
2026-03-23,12:15:56,AHMA,Ambitions Enterprise Management Co. L.L.C Class A Ordinary Shares,Nasdaq,LULD pause,2026-03-23,12:25:56
2026-03-23,12:05:37,AHMA,Ambitions Enterprise Management Co. L.L.C Class A Ordinary Shares,Nasdaq,LULD pause,2026-03-23,12:15:37
2026-03-23,11:58:38,RDGT,"""Ridgetech, Inc. Ordinary Shares""",Nasdaq,LULD pause,2026-03-23,12:08:38
2026-03-23,11:55:12,AHMA,Ambitions Enterprise Management Co. L.L.C Class A Ordinary Shares,Nasdaq,LULD pause,2026-03-23,12:05:12
2026-03-23,11:49:29,AHMA,Ambitions Enterprise Management Co. L.L.C Class A Ordinary Shares,Nasdaq,LULD pause,2026-03-23,11:54:29
2026-03-23,11:48:38,RDGT,"""Ridgetech, Inc. Ordinary Shares""",Nasdaq,LULD pause,2026-03-23,11:53:38
2026-03-23,11:39:10,AHMA,Ambitions Enterprise Management Co. L.L.C Class A Ordinary Shares,Nasdaq,LULD pause,2026-03-23,11:49:10
2026-03-23,11:37:58,RDGT,"""Ridgetech, Inc. Ordinary Shares""",Nasdaq,LULD pause,2026-03-23,11:47:58
2026-03-23,11:33:46,AHMA,Ambitions Enterprise Management Co. L.L.C Class A Ordinary Shares,Nasdaq,LULD pause,2026-03-23,11:38:46
2026-03-23,11:32:16,RDGT,"""Ridgetech, Inc. Ordinary Shares""",Nasdaq,LULD pause,2026-03-23,11:37:16
2026-03-23,11:22:49,AHMA,Ambitions Enterprise Management Co. L.L.C Class A Ordinary Shares,Nasdaq,LULD pause,2026-03-23,11:32:49
2026-03-23,11:21:29,RDGT,"""Ridgetech, Inc. Ordinary Shares""",Nasdaq,LULD pause,2026-03-23,11:31:30
2026-03-23,11:17:06,AHMA,Ambitions Enterprise Management Co. L.L.C Class A Ordinary Shares,Nasdaq,LULD pause,2026-03-23,11:22:06
2026-03-23,11:16:42,PTLE,PTL LTD Class A Ordinary Shares,Nasdaq,LULD pause,2026-03-23,11:21:42
2026-03-23,11:16:03,RDGT,"""Ridgetech, Inc. Ordinary Shares""",Nasdaq,LULD pause,2026-03-23,11:21:03
2026-03-23,11:10:48,RDGT,"""Ridgetech, Inc. Ordinary Shares""",Nasdaq,LULD pause,2026-03-23,11:15:48
2026-03-23,11:09:52,FGI,FGI Industries Ltd. Ordinary Shares,Nasdaq,LULD pause,2026-03-23,11:19:52
2026-03-23,11:08:55,PTHS,Pelthos Therapeutics Inc.,NYSE American,LULD pause,2026-03-23,11:13:55
2026-03-23,11:05:33,PTLE,PTL LTD Class A Ordinary Shares,Nasdaq,LULD pause,2026-03-23,11:15:33
2026-03-23,10:59:56,PTLE,PTL LTD Class A Ordinary Shares,Nasdaq,LULD pause,2026-03-23,11:04:56
2026-03-23,10:54:21,PTLE,PTL LTD Class A Ordinary Shares,Nasdaq,LULD pause,2026-03-23,10:59:21
2026-03-23,10:48:42,PTLE,PTL LTD Class A Ordinary Shares,Nasdaq,LULD pause,2026-03-23,10:53:42
2026-03-23,10:48:20,VRM,"""Vroom, Inc. Common Stock""",Nasdaq,LULD pause,2026-03-23,10:58:20
2026-03-23,10:43:03,PTLE,PTL LTD Class A Ordinary Shares,Nasdaq,LULD pause,2026-03-23,10:48:03
2026-03-23,10:41:35,AHMA,Ambitions Enterprise Management Co. L.L.C Class A Ordinary Shares,Nasdaq,LULD pause,2026-03-23,10:46:35
2026-03-23,10:36:43,VRM,"""Vroom, Inc. Common Stock""",Nasdaq,LULD pause,2026-03-23,10:46:49
2026-03-23,10:33:50,PTLE,PTL LTD Class A Ordinary Shares,Nasdaq,LULD pause,2026-03-23,10:38:50
2026-03-23,10:33:28,RDGT,"""Ridgetech, Inc. Ordinary Shares""",Nasdaq,LULD pause,2026-03-23,11:10:27
2026-03-23,10:30:03,WSHP,WeShop Holdings Limited Class A Ordinary Shares,Nasdaq,LULD pause,2026-03-23,10:35:03
2026-03-23,10:28:24,PTLE,PTL LTD Class A Ordinary Shares,Nasdaq,LULD pause,2026-03-23,10:33:24
2026-03-23,10:23:02,RDGT,"""Ridgetech, Inc. Ordinary Shares""",Nasdaq,LULD pause,2026-03-23,10:33:02
2026-03-23,10:22:46,PTLE,PTL LTD Class A Ordinary Shares,Nasdaq,LULD pause,2026-03-23,10:27:46
2026-03-23,10:17:42,RDGT,"""Ridgetech, Inc. Ordinary Shares""",Nasdaq,LULD pause,2026-03-23,10:22:42
2026-03-23,10:03:01,GPMT PRA,Granite Point Mortgage Trust Inc. 7.00% Series A Fixed-to-Floating Rate Cumulative Redeemable Preferred Stock,NYSE,LULD pause,2026-03-23,10:08:01
2026-03-23,09:53:31,PTLE,PTL LTD Class A Ordinary Shares,Nasdaq,LULD pause,2026-03-23,10:21:57
2026-03-23,09:48:37,AHMA,Ambitions Enterprise Management Co. L.L.C Class A Ordinary Shares,Nasdaq,LULD pause,2026-03-23,09:53:37
2026-03-23,09:46:18,BGM,BGM Group Ltd. Class A Ordinary Shares,Nasdaq,LULD pause,2026-03-23,09:51:18
2026-03-23,09:43:21,YDES,YD Bio Limited Ordinary Shares,Nasdaq,LULD pause,2026-03-23,09:48:21
2026-03-23,09:41:42,AHMA,Ambitions Enterprise Management Co. L.L.C Class A Ordinary Shares,Nasdaq,LULD pause,2026-03-23,09:46:42
2026-03-23,09:39:42,HKIT,Hitek Global Inc. Class A Ordinary Share,Nasdaq,LULD pause,2026-03-23,09:44:42
2026-03-23,09:34:21,SMX,SMX (Security Matters) Public Limited Company Ordinary Shares,Nasdaq,LULD pause,2026-03-23,09:39:21
2026-03-23,09:33:28,HKIT,Hitek Global Inc. Class A Ordinary Share,Nasdaq,LULD pause,2026-03-23,09:38:28
2026-03-23,09:31:28,AHMA,Ambitions Enterprise Management Co. L.L.C Class A Ordinary Shares,Nasdaq,LULD pause,2026-03-23,09:36:28
2026-03-23,09:30:18,PW PRA,"""Power REIT  7.75% Series A Cumulative Redeemable Perpetual Preferred Stock, Liquidation Preference $25.00 per Share""",NYSE American,LULD pause,2026-03-23,09:35:18
2026-03-23,09:30:15,MWG,Multi Ways Holdings Limited,NYSE American,LULD pause,2026-03-23,09:40:15
2026-03-20,19:51:39,XFLT,XAI Octagon Floating Rate and Alternative Income Trust Common Shares of Beneficial Interest,NYSE,Corporate Action,2026-03-23,09:34:06
2026-03-20,19:51:39,XFLT,XAI Octagon Floating Rate and Alternative Income Trust Common Shares of Beneficial Interest,NYSE,Corporate Action,,
2026-03-20,19:51:12,OKLS,Defiance Daily Target 2X Short OKLO ETF,NYSE Arca,Corporate Action,2026-03-23,09:00:00
2026-03-20,19:51:12,OKLS,Defiance Daily Target 2X Short OKLO ETF,NYSE Arca,Corporate Action,,
2026-03-20,19:51:12,STSM,Defiance Daily Target 2X Short TSM ETF,NYSE Arca,Corporate Action,2026-03-23,09:00:00
2026-03-20,19:51:12,STSM,Defiance Daily Target 2X Short TSM ETF,NYSE Arca,Corporate Action,,
2026-03-20,19:50:00,YYGH,YY Group Holding Limited Class A Ordinary Shares,Nasdaq,News pending,,
2026-03-20,19:50:00,YYGH,YY Group Holding Limited Class A Ordinary Shares,Nasdaq,News pending,2026-03-23,09:00:00
2026-03-20,19:50:00,QPUX,Defiance 2X Daily Long Pure Quantum ETF,Nasdaq,News pending,2026-03-23,09:00:00
2026-03-20,19:50:00,QPUX,Defiance 2X Daily Long Pure Quantum ETF,Nasdaq,News pending,,
2026-03-20,19:50:00,FCHL,Fitness Champs Holdings Limited Common Stock,Nasdaq,News pending,2026-03-23,09:00:00
2026-03-20,19:50:00,FCHL,Fitness Champs Holdings Limited Common Stock,Nasdaq,News pending,,
2026-03-20,19:50:00,EUDAW,EUDA Health Holdings Limited Warrant,Nasdaq,News pending,,
2026-03-20,19:50:00,EUDAW,EUDA Health Holdings Limited Warrant,Nasdaq,News pending,2026-03-23,09:05:00
2026-03-20,19:50:00,QBTZ,Defiance Daily Target 2x Short QBTS ETF,Nasdaq,News pending,,
2026-03-20,19:50:00,QBTZ,Defiance Daily Target 2x Short QBTS ETF,Nasdaq,News pending,2026-03-23,09:00:00
2026-03-20,19:50:00,EUDA,EUDA Health Holdings Limited Ordinary Shares,Nasdaq,News pending,,
2026-03-20,19:50:00,EUDA,EUDA Health Holdings Limited Ordinary Shares,Nasdaq,News pending,2026-03-23,09:00:00
2026-03-20,19:50:00,JDZG,JIADE LIMITED Class A Ordinary Shares,Nasdaq,News pending,2026-03-23,09:00:00
2026-03-20,19:50:00,JDZG,JIADE LIMITED Class A Ordinary Shares,Nasdaq,News pending,,
2026-03-20,19:50:00,EXAS,Exact Sciences Corp,Nasdaq,News pending,,
2026-03-20,19:50:00,AREBW,"""American Rebel Holdings, Inc. Warrants""",Nasdaq,News pending,2026-04-27,11:05:00
2026-03-20,19:50:00,AREBW,"""American Rebel Holdings, Inc. Warrants""",Nasdaq,News pending,,
2026-03-20,19:50:00,OSCX,Defiance Daily Target 2x Long OSCR ETF,Nasdaq,News pending,2026-03-23,09:00:00
2026-03-20,19:50:00,OSCX,Defiance Daily Target 2x Long OSCR ETF,Nasdaq,News pending,,
2026-03-20,19:50:00,MST,Defiance Leveraged Long Income MSTR ETF,Nasdaq,News pending,2026-03-23,09:00:00
2026-03-20,19:50:00,MST,Defiance Leveraged Long Income MSTR ETF,Nasdaq,News pending,,
2026-03-20,19:50:00,AVXX,Defiance Daily Target 2x Long AVAV ETF,Nasdaq,News pending,,
2026-03-20,19:50:00,AVXX,Defiance Daily Target 2x Long AVAV ETF,Nasdaq,News pending,2026-03-23,09:00:00
2026-03-20,19:50:00,AZI,Autozi Internet Technology (Global) Ltd. Class A Ordinary Shares,Nasdaq,News pending,,
2026-03-20,19:50:00,AZI,Autozi Internet Technology (Global) Ltd. Class A Ordinary Shares,Nasdaq,News pending,2026-03-23,09:00:00
2026-03-20,19:50:00,RKLZ,Defiance Daily Target 2x Short RKLB ETF,Nasdaq,News pending,2026-03-23,09:00:00
2026-03-20,19:50:00,RKLZ,Defiance Daily Target 2x Short RKLB ETF,Nasdaq,News pending,,
2026-03-20,19:50:00,AREB,"""American Rebel Holdings, Inc. Common Stock""",Nasdaq,News pending,2026-04-27,11:15:01
2026-03-20,19:50:00,AREB,"""American Rebel Holdings, Inc. Common Stock""",Nasdaq,News pending,,
2026-03-20,15:57:00,SUPX,SuperX AI Technology Limited Ordinary Shares,Nasdaq,LULD pause,2026-03-20,16:00:00
2026-03-20,15:53:32,ZBAI,ATIF Holdings Limited Ordinary Shares,Nasdaq,LULD pause,2026-03-20,16:00:00
2026-03-20,11:28:05,INTJ,Intelligent Group Limited Class A Ordinary Shares,Nasdaq,LULD pause,2026-03-20,11:33:05
2026-03-20,10:55:56,ANNA,"""AleAnna, Inc. Class A Common Stock""",Nasdaq,LULD pause,2026-03-20,11:00:56
2026-03-20,10:44:34,VCX,"""Fundrise Innovation Fund, LLC""",NYSE,LULD pause,2026-03-20,10:49:49
2026-03-20,10:23:47,SBDS,"""Solo Brands, Inc.""",NYSE,LULD pause,2026-03-20,10:28:47
2026-03-20,09:58:44,UONEK,"""Urban One, Inc. Class D Common Stock""",Nasdaq,LULD pause,2026-03-20,10:03:44
2026-03-20,09:35:46,VCX,"""Fundrise Innovation Fund, LLC""",NYSE,LULD pause,2026-03-20,09:41:00
2026-03-20,09:32:42,BRAI,Braiin Limited Common Stock,Nasdaq,LULD pause,2026-03-20,09:47:43
2026-03-20,09:31:21,MFI,mF International Limited Class A Ordinary Shares,Nasdaq,LULD pause,2026-03-20,09:36:21
2026-03-20,09:30:18,GOAI,Eva Live Inc. Common Stock,Nasdaq,LULD pause,2026-03-20,09:40:18
2026-03-20,08:15:28,NGD,New Gold Inc.,NYSE American,Merger Effective,,
2026-03-20,06:34:36,TGNA,TEGNA Inc.,NYSE,Merger Effective,,
2026-03-19,19:50:20,MPL,Defiance Daily Target 2X Long MP ETF,NYSE Arca,Corporate Action,,
2026-03-19,19:50:20,MPL,Defiance Daily Target 2X Long MP ETF,NYSE Arca,Corporate Action,2026-03-20,09:00:00
2026-03-19,19:50:20,IRE,Defiance Daily Target 2X Long IREN ETF,NYSE Arca,Corporate Action,,
2026-03-19,19:50:20,IRE,Defiance Daily Target 2X Long IREN ETF,NYSE Arca,Corporate Action,2026-03-20,09:00:00
2026-03-19,19:50:20,QSU,Defiance Daily Target 2X Long QS ETF,NYSE Arca,Corporate Action,2026-03-20,09:00:00
2026-03-19,19:50:20,QSU,Defiance Daily Target 2X Long QS ETF,NYSE Arca,Corporate Action,,
2026-03-19,19:50:00,ORGNW,"""Origin Materials, Inc. Warrants""",Nasdaq,News pending,2026-03-20,09:05:00
2026-03-19,19:50:00,ORGNW,"""Origin Materials, Inc. Warrants""",Nasdaq,News pending,,
2026-03-19,19:50:00,ORGN,"""Origin Materials, Inc. Common Stock""",Nasdaq,News pending,,
2026-03-19,19:50:00,ORGN,"""Origin Materials, Inc. Common Stock""",Nasdaq,News pending,2026-03-20,09:00:00
2026-03-19,19:50:00,CIIT,"""Tianci International, Inc. Common Stock""",Nasdaq,News pending,,
2026-03-19,19:50:00,CIIT,"""Tianci International, Inc. Common Stock""",Nasdaq,News pending,2026-03-20,09:00:00
2026-03-19,19:50:00,ORCX,Defiance Daily Target 2X Long ORCL ETF,Nasdaq,News pending,,
2026-03-19,19:50:00,ORCX,Defiance Daily Target 2X Long ORCL ETF,Nasdaq,News pending,2026-03-20,09:00:00
2026-03-19,19:50:00,DKNX,Defiance Daily Target 2X Long DKNG ETF,Nasdaq,News pending,2026-03-20,09:00:00
2026-03-19,19:50:00,DKNX,Defiance Daily Target 2X Long DKNG ETF,Nasdaq,News pending,,
2026-03-19,18:25:05,RYTM,"""Rhythm Pharmaceuticals, Inc. Common Stock""",Nasdaq,News pending,2026-03-19,19:05:00
2026-03-19,15:13:58,SAIH,SAIHEAT Limited Class A Ordinary Shares,Nasdaq,LULD pause,2026-03-19,15:18:58
2026-03-19,14:55:13,UOKA,MDJM LTD Class A Ordinary Shares,Nasdaq,LULD pause,2026-03-19,15:00:13
2026-03-19,13:44:36,VCX,"""Fundrise Innovation Fund, LLC""",NYSE,LULD pause,2026-03-19,13:49:43
2026-03-19,13:37:42,VCX,"""Fundrise Innovation Fund, LLC""",NYSE,LULD pause,2026-03-19,13:42:57
2026-03-19,13:29:20,VCX,"""Fundrise Innovation Fund, LLC""",NYSE,LULD pause,2026-03-19,13:37:03
2026-03-19,13:08:48,VCX,"""Fundrise Innovation Fund, LLC""",NYSE,LULD pause,2026-03-19,13:14:10
2026-03-19,12:58:35,VCX,"""Fundrise Innovation Fund, LLC""",NYSE,LULD pause,2026-03-19,13:05:15
2026-03-19,12:50:35,VCX,"""Fundrise Innovation Fund, LLC""",NYSE,LULD pause,2026-03-19,12:57:21
2026-03-19,12:49:38,LNZA,"""LanzaTech Global, Inc. Common Stock""",Nasdaq,LULD pause,2026-03-19,12:54:38
2026-03-19,12:41:16,VCX,"""Fundrise Innovation Fund, LLC""",NYSE,LULD pause,2026-03-19,12:46:48
2026-03-19,12:33:38,VCX,"""Fundrise Innovation Fund, LLC""",NYSE,LULD pause,2026-03-19,12:38:45
2026-03-19,12:24:34,VCX,"""Fundrise Innovation Fund, LLC""",NYSE,LULD pause,2026-03-19,12:33:16
2026-03-19,12:23:51,AZTR,Azitra Inc,NYSE American,News pending,2026-03-19,13:45:00
2026-03-19,12:20:10,LNZA,"""LanzaTech Global, Inc. Common Stock""",Nasdaq,LULD pause,2026-03-19,12:25:10
2026-03-19,12:16:57,VCX,"""Fundrise Innovation Fund, LLC""",NYSE,LULD pause,2026-03-19,12:24:12
2026-03-19,12:07:37,VCX,"""Fundrise Innovation Fund, LLC""",NYSE,LULD pause,2026-03-19,12:16:37
2026-03-19,12:02:29,LNZA,"""LanzaTech Global, Inc. Common Stock""",Nasdaq,LULD pause,2026-03-19,12:07:29
2026-03-19,11:54:57,VCX,"""Fundrise Innovation Fund, LLC""",NYSE,LULD pause,2026-03-19,12:06:55
2026-03-19,11:36:08,VCX,"""Fundrise Innovation Fund, LLC""",NYSE,LULD pause,2026-03-19,11:54:21
2026-03-19,11:28:09,VCX,"""Fundrise Innovation Fund, LLC""",NYSE,LULD pause,2026-03-19,11:34:31
2026-03-19,11:19:42,VCX,"""Fundrise Innovation Fund, LLC""",NYSE,LULD pause,2026-03-19,11:27:47
2026-03-19,10:01:28,GAUZ,Gauzy Ltd. Ordinary Shares,Nasdaq,LULD pause,2026-03-19,10:06:28
2026-03-19,09:59:17,SWMR,"""Swarmer, Inc Common Stock""",Nasdaq,LULD pause,2026-03-19,10:04:17
2026-03-19,09:47:58,DWSN,Dawson Geophysical Company New Common Stock,Nasdaq,LULD pause,2026-03-19,09:52:58
2026-03-19,09:47:55,GCDT,Green Circle Decarbonize Technology Limited,NYSE American,LULD pause,2026-03-19,09:52:55
2026-03-19,09:46:26,WETO,Wetour Robotics Limited Ordinary Shares,Nasdaq,LULD pause,2026-03-19,09:56:27
2026-03-19,09:32:30,VACH,Voyager Acquisition Corp Class A Ordinary Shares,Nasdaq,LULD pause,2026-03-19,09:37:30
2026-03-19,09:30:50,BABW,Roundhill BABA WeeklyPay ETF,Cboe BZX,LULD pause,2026-03-19,09:35:50
2026-03-19,08:02:34,TWO PRB,Two Harbors Investment Corp 7.625% Series B Fixed-to-Floating Rate Cumulative Redeemable Preferred Stock,NYSE,News pending,2026-03-19,08:20:20
2026-03-19,08:02:34,TWO PRC,Two Harbors Investment Corp 7.25% Series C Fixed-to-Floating Rate Cumulative Redeemable Preferred Stock,NYSE,News pending,2026-03-19,08:20:20
2026-03-19,08:02:34,TWOD,Two Harbors Investment Corp. 9.375% Senior Notes due 2030,NYSE,News pending,2026-03-19,08:20:20
2026-03-19,08:02:34,TWO PRA,Two Harbors Investment Corp 8.125% Series A Fixed-to-Floating Rate Cumulative Redeemable Preferred Stock ($25.00 liquidation preference per share),NYSE,News pending,2026-03-19,08:20:20
2026-03-19,08:02:34,TWO,Two Harbors Investment Corp.,NYSE,News pending,2026-03-19,08:20:20
2026-03-18,19:50:15,RIOX,Defiance Daily Target 2X Long RIOT ETF,NYSE Arca,Corporate Action,,
2026-03-18,19:50:15,RIOX,Defiance Daily Target 2X Long RIOT ETF,NYSE Arca,Corporate Action,2026-03-19,09:00:00
2026-03-18,19:50:00,VSTL,Defiance Daily Target 2X Long VST ETF,Nasdaq,News pending,,
2026-03-18,19:50:00,MSTX,Tidal Trust II Defiance Daily Target 2x Long MSTR ETF,Nasdaq,News pending,2026-03-19,09:00:00
2026-03-18,19:50:00,MSTX,Tidal Trust II Defiance Daily Target 2x Long MSTR ETF,Nasdaq,News pending,,
2026-03-18,19:50:00,VSTL,Defiance Daily Target 2X Long VST ETF,Nasdaq,News pending,2026-03-19,09:00:00
2026-03-18,19:50:00,RGTX,Defiance Daily Target 2X Long RGTI ETF,Nasdaq,News pending,2026-03-19,09:00:00
2026-03-18,19:50:00,RGTX,Defiance Daily Target 2X Long RGTI ETF,Nasdaq,News pending,,
2026-03-18,19:50:00,SOUX,Defiance Daily Target 2X Long SOUN ETF,Nasdaq,News pending,,
2026-03-18,19:50:00,SOUX,Defiance Daily Target 2X Long SOUN ETF,Nasdaq,News pending,2026-03-19,09:00:00
2026-03-18,19:50:00,IONX,Defiance Daily Target 2X Long IONQ ETF,Nasdaq,News pending,,
2026-03-18,19:50:00,IONX,Defiance Daily Target 2X Long IONQ ETF,Nasdaq,News pending,2026-03-19,09:00:00
2026-03-18,19:50:00,HOOX,Defiance Daily Target 2X Long HOOD ETF,Nasdaq,News pending,,
2026-03-18,19:50:00,HOOX,Defiance Daily Target 2X Long HOOD ETF,Nasdaq,News pending,2026-03-19,09:00:00
2026-03-18,19:50:00,HIMZ,Defiance Daily Target 2X Long HIMS ETF,Nasdaq,News pending,,
2026-03-18,19:50:00,HIMZ,Defiance Daily Target 2X Long HIMS ETF,Nasdaq,News pending,2026-03-19,09:00:00
2026-03-18,19:50:00,SMCX,Defiance Daily Target 2X Long SMCI ETF,Nasdaq,News pending,,
2026-03-18,19:50:00,SMCX,Defiance Daily Target 2X Long SMCI ETF,Nasdaq,News pending,2026-03-19,09:00:00
2026-03-18,15:02:33,GXAI,Gaxos.ai Inc. Common Stock,Nasdaq,LULD pause,2026-03-18,15:07:33
2026-03-18,13:29:27,AKA,a.k.a. Brands Holding Corp.,NYSE,LULD pause,2026-03-18,13:34:35
2026-03-18,13:19:47,AHT PRD,"""Ashford Hospitality Trust, Inc. 8.45% Series D""",NYSE,LULD pause,2026-03-18,13:24:57
2026-03-18,12:32:44,SWMR,"""Swarmer, Inc Common Stock""",Nasdaq,LULD pause,2026-03-18,12:37:44
2026-03-18,12:18:24,NPT,Texxon Holding Limited Ordinary shares,Nasdaq,LULD pause,2026-03-18,12:23:24
2026-03-18,12:09:30,NPT,Texxon Holding Limited Ordinary shares,Nasdaq,LULD pause,2026-03-18,12:14:30
2026-03-18,12:03:00,NPT,Texxon Holding Limited Ordinary shares,Nasdaq,LULD pause,2026-03-18,12:08:00
2026-03-18,11:56:38,ADXN,Addex Therapeutics Ltd American Depositary Shares,Nasdaq,LULD pause,2026-03-18,12:01:38
2026-03-18,11:06:31,SWMR,"""Swarmer, Inc Common Stock""",Nasdaq,LULD pause,2026-03-18,11:11:31
2026-03-18,10:47:35,SWMR,"""Swarmer, Inc Common Stock""",Nasdaq,LULD pause,2026-03-18,10:52:35
2026-03-18,10:45:47,AFJKU,"""Aimei Health Technology Co., Ltd Unit""",Nasdaq,LULD pause,2026-03-18,10:50:47
2026-03-18,10:42:46,ATGL,Alpha Technology Group Limited Class A Ordinary Shares,Nasdaq,LULD pause,2026-03-18,10:47:46
2026-03-18,10:36:13,CREG,Smart Powerr Corp. Common Stock,Nasdaq,LULD pause,2026-03-18,10:41:13
2026-03-18,10:33:28,LNKS,Linkers Industries Limited Class A Ordinary Shares,Nasdaq,LULD pause,2026-03-18,10:38:28
2026-03-18,10:28:54,TOXR,21Shares XRP ETF,Cboe BZX,LULD pause,2026-03-18,10:33:54
2026-03-18,10:22:31,LNKS,Linkers Industries Limited Class A Ordinary Shares,Nasdaq,LULD pause,2026-03-18,10:27:31
2026-03-18,10:16:47,LNKS,Linkers Industries Limited Class A Ordinary Shares,Nasdaq,LULD pause,2026-03-18,10:21:47
2026-03-18,10:15:26,NPT,Texxon Holding Limited Ordinary shares,Nasdaq,LULD pause,2026-03-18,10:20:26
2026-03-18,10:11:39,AFJKU,"""Aimei Health Technology Co., Ltd Unit""",Nasdaq,LULD pause,2026-03-18,10:16:39
2026-03-18,10:11:09,LNKS,Linkers Industries Limited Class A Ordinary Shares,Nasdaq,LULD pause,2026-03-18,10:16:09
2026-03-18,10:05:50,LNKS,Linkers Industries Limited Class A Ordinary Shares,Nasdaq,LULD pause,2026-03-18,10:10:50
2026-03-18,10:03:44,AIM,AIM ImmunoTech Inc.,NYSE American,LULD pause,2026-03-18,10:08:44
2026-03-18,10:02:28,ARTL,"""Artelo Biosciences, Inc. Common Stock""",Nasdaq,LULD pause,2026-03-18,10:07:28
2026-03-18,09:59:14,LNKS,Linkers Industries Limited Class A Ordinary Shares,Nasdaq,LULD pause,2026-03-18,10:04:14
2026-03-18,09:58:44,NPT,Texxon Holding Limited Ordinary shares,Nasdaq,LULD pause,2026-03-18,10:08:44
2026-03-18,09:48:54,LNKS,Linkers Industries Limited Class A Ordinary Shares,Nasdaq,LULD pause,2026-03-18,09:58:54
2026-03-18,09:45:58,AIM,AIM ImmunoTech Inc.,NYSE American,LULD pause,2026-03-18,09:50:58
2026-03-18,09:39:45,ARTL,"""Artelo Biosciences, Inc. Common Stock""",Nasdaq,LULD pause,2026-03-18,09:44:45
2026-03-18,09:36:31,AIM,AIM ImmunoTech Inc.,NYSE American,LULD pause,2026-03-18,09:41:31
2026-03-18,09:30:44,JXG,JX Luxventure Limited Common Stock,Nasdaq,LULD pause,2026-03-18,09:40:44
2026-03-18,09:30:42,AIM,AIM ImmunoTech Inc.,NYSE American,LULD pause,2026-03-18,09:35:42
2026-03-18,09:30:33,FTMA,Franklin Massachusetts Municipal Income ETF,NYSE Arca,LULD pause,2026-03-18,09:35:33
2026-03-17,19:50:20,COOK,"""Traeger, Inc.""",NYSE,Corporate Action,,
2026-03-17,19:50:20,COOK,"""Traeger, Inc.""",NYSE,Corporate Action,2026-03-18,09:41:52
2026-03-17,15:45:02,SWMR,"""Swarmer, Inc Common Stock""",Nasdaq,LULD pause,2026-03-17,16:00:00
2026-03-17,15:35:05,MRLN,"""Merlin, Inc. Common Stock""",Nasdaq,LULD pause,2026-03-17,15:45:05
2026-03-17,15:22:54,SWMR,"""Swarmer, Inc Common Stock""",Nasdaq,LULD pause,2026-03-17,15:27:54
2026-03-17,14:24:34,SWMR,"""Swarmer, Inc Common Stock""",Nasdaq,LULD pause,2026-03-17,14:29:34
2026-03-17,14:24:19,AIB,"""BlockchAIn Digital Infrastructure, Inc""",NYSE American,LULD pause,2026-03-17,14:34:19
2026-03-17,14:13:50,AIB,"""BlockchAIn Digital Infrastructure, Inc""",NYSE American,LULD pause,2026-03-17,14:23:50
2026-03-17,13:39:45,CREG,Smart Powerr Corp. Common Stock,Nasdaq,LULD pause,2026-03-17,13:44:45
2026-03-17,13:39:21,SWMR,"""Swarmer, Inc Common Stock""",Nasdaq,LULD pause,2026-03-17,13:44:21
2026-03-17,13:33:34,SWMR,"""Swarmer, Inc Common Stock""",Nasdaq,LULD pause,2026-03-17,13:38:34
2026-03-17,12:22:10,SWMR,"""Swarmer, Inc Common Stock""",Nasdaq,LULD pause,2026-03-17,12:27:10
2026-03-17,12:10:52,SWMR,"""Swarmer, Inc Common Stock""",Nasdaq,LULD pause,2026-03-17,12:20:52
2026-03-17,12:03:21,SWMR,"""Swarmer, Inc Common Stock""",Nasdaq,LULD pause,2026-03-17,12:08:21
2026-03-17,12:01:20,CGTL,Creative Global Technology Holdings Limited Class A Ordinary Shares,Nasdaq,LULD pause,2026-03-17,12:06:20
2026-03-17,11:44:04,SWMR,"""Swarmer, Inc Common Stock""",Nasdaq,LULD pause,2026-03-17,11:56:55
2026-03-17,11:35:12,JFU,9F Inc. American Depositary Shares,Nasdaq,LULD pause,2026-03-17,11:40:12
2026-03-17,11:33:43,SWMR,"""Swarmer, Inc Common Stock""",Nasdaq,LULD pause,2026-03-17,11:43:43
2026-03-17,11:23:17,SWMR,"""Swarmer, Inc Common Stock""",Nasdaq,LULD pause,2026-03-17,11:33:17
2026-03-17,11:07:25,SWMR,"""Swarmer, Inc Common Stock""",Nasdaq,LULD pause,2026-03-17,11:23:02
2026-03-17,10:47:14,BRAI,Braiin Limited Common Stock,Nasdaq,LULD pause,2026-03-17,10:52:14
2026-03-17,10:36:53,LNKS,Linkers Industries Limited Class A Ordinary Shares,Nasdaq,LULD pause,2026-03-17,10:41:53
2026-03-17,10:36:53,ODYS,Odysight.ai Inc. Common Stock,Nasdaq,LULD pause,2026-03-17,10:41:53
2026-03-17,10:23:05,AIB,"""BlockchAIn Digital Infrastructure, Inc""",NYSE American,LULD pause,2026-03-17,10:33:05
2026-03-17,10:19:31,UCAR,U Power Limited Class A Ordinary Shares,Nasdaq,LULD pause,2026-03-17,10:24:31
2026-03-17,10:13:52,UCAR,U Power Limited Class A Ordinary Shares,Nasdaq,LULD pause,2026-03-17,10:18:52
2026-03-17,10:12:38,AIB,"""BlockchAIn Digital Infrastructure, Inc""",NYSE American,LULD pause,2026-03-17,10:22:38
2026-03-17,10:12:03,SMX,SMX (Security Matters) Public Limited Company Ordinary Shares,Nasdaq,LULD pause,2026-03-17,10:17:03
2026-03-17,10:07:52,ORIS,Oriental Rise Holdings Limited Ordinary Shares,Nasdaq,LULD pause,2026-03-17,10:12:52
2026-03-17,10:05:59,AIB,"""BlockchAIn Digital Infrastructure, Inc""",NYSE American,LULD pause,2026-03-17,10:10:59
2026-03-17,10:05:57,UCAR,U Power Limited Class A Ordinary Shares,Nasdaq,LULD pause,2026-03-17,10:10:57
2026-03-17,10:03:02,SMX,SMX (Security Matters) Public Limited Company Ordinary Shares,Nasdaq,LULD pause,2026-03-17,10:08:02
2026-03-17,10:00:34,UCAR,U Power Limited Class A Ordinary Shares,Nasdaq,LULD pause,2026-03-17,10:05:34
2026-03-17,10:00:11,ORIS,Oriental Rise Holdings Limited Ordinary Shares,Nasdaq,LULD pause,2026-03-17,10:05:11
2026-03-17,09:55:49,CMTL,Comtech Telecommunications,Nasdaq,LULD pause,2026-03-17,10:05:49
2026-03-17,09:54:47,UCAR,U Power Limited Class A Ordinary Shares,Nasdaq,LULD pause,2026-03-17,09:59:47
2026-03-17,09:51:20,ZNB,Zeta Network Group Class A Ordinary Shares,Nasdaq,LULD pause,2026-03-17,09:56:20
2026-03-17,09:50:19,AIB,"""BlockchAIn Digital Infrastructure, Inc""",NYSE American,LULD pause,2026-03-17,10:05:20
2026-03-17,09:48:57,SMX,SMX (Security Matters) Public Limited Company Ordinary Shares,Nasdaq,LULD pause,2026-03-17,09:53:57
2026-03-17,09:48:50,UCAR,U Power Limited Class A Ordinary Shares,Nasdaq,LULD pause,2026-03-17,09:53:50
2026-03-17,09:45:26,NOMA,NOMADAR Corp. Class A Common Stock,Nasdaq,LULD pause,2026-03-17,09:50:26
2026-03-17,09:42:44,UCAR,U Power Limited Class A Ordinary Shares,Nasdaq,LULD pause,2026-03-17,09:47:44
2026-03-17,09:36:52,YDDL,One and One Green Technologies. Inc Class A Ordinary Shares,Nasdaq,LULD pause,2026-03-17,09:41:52
2026-03-17,09:32:34,SHIM,Shimmick Corporation Common Stock,Nasdaq,LULD pause,2026-03-17,09:37:34
2026-03-17,09:31:55,WNW,Meiwu Technology Company Limited Ordinary Shares,Nasdaq,LULD pause,2026-03-17,09:36:55
2026-03-17,09:31:13,YDDL,One and One Green Technologies. Inc Class A Ordinary Shares,Nasdaq,LULD pause,2026-03-17,09:36:13
2026-03-16,19:50:00,CFLT,"""Confluent, Inc. Class A Common Stock""",Nasdaq,News pending,,
2026-03-16,16:25:00,LNSR,"""LENSAR, Inc. Common Stock""",Nasdaq,News pending,2026-03-16,17:00:00
2026-03-16,15:52:52,NOMA,NOMADAR Corp. Class A Common Stock,Nasdaq,LULD pause,2026-03-16,16:00:00
2026-03-16,15:21:58,WNW,Meiwu Technology Company Limited Ordinary Shares,Nasdaq,LULD pause,2026-03-16,15:26:58
2026-03-16,15:20:07,LNZA,"""LanzaTech Global, Inc. Common Stock""",Nasdaq,LULD pause,2026-03-16,15:30:07
2026-03-16,13:40:00,IBACR,IB Acquisition Corp. Right,Nasdaq,News pending,2026-03-16,14:15:00
2026-03-16,13:40:00,IBAC,IB Acquisition Corp. Common Stock,Nasdaq,News pending,2026-03-16,14:10:00
2026-03-16,13:24:31,WNW,Meiwu Technology Company Limited Ordinary Shares,Nasdaq,LULD pause,2026-03-16,13:29:31
2026-03-16,13:22:42,LYRA,"""Lyra Therapeutics, Inc. Common Stock""",Nasdaq,LULD pause,2026-03-16,13:27:42
2026-03-16,13:18:31,CYN,Cyngn Inc. Common Stock,Nasdaq,LULD pause,2026-03-16,13:23:31
2026-03-16,13:17:05,LYRA,"""Lyra Therapeutics, Inc. Common Stock""",Nasdaq,LULD pause,2026-03-16,13:22:05
2026-03-16,13:13:11,WNW,Meiwu Technology Company Limited Ordinary Shares,Nasdaq,LULD pause,2026-03-16,13:18:11
2026-03-16,12:58:44,WNW,Meiwu Technology Company Limited Ordinary Shares,Nasdaq,LULD pause,2026-03-16,13:08:44
2026-03-16,12:54:03,MOLN,Molecular Partners AG American Depositary Shares,Nasdaq,LULD pause,2026-03-16,12:59:03
2026-03-16,12:43:27,HCWB,HCW Biologics Inc. Common Stock,Nasdaq,LULD pause,2026-03-16,12:48:27
2026-03-16,12:27:14,SCE PRK,SCE TRUST V,NYSE,News Released,,
2026-03-16,11:27:33,WNW,Meiwu Technology Company Limited Ordinary Shares,Nasdaq,LULD pause,2026-03-16,11:32:33
2026-03-16,10:43:25,PAVS,Paranovus Entertainment Technology Ltd. Class A Ordinary Shares,Nasdaq,LULD pause,2026-03-16,10:48:25
2026-03-16,10:38:49,NCI,Neo-Concept International Group Holdings Limited Class A Ordinary Shares,Nasdaq,LULD pause,2026-03-16,10:43:49
2026-03-16,10:04:31,DXST,Decent Holding Inc Class A Ordinary Shares,Nasdaq,LULD pause,2026-03-16,10:09:31
2026-03-16,10:01:52,NCI,Neo-Concept International Group Holdings Limited Class A Ordinary Shares,Nasdaq,LULD pause,2026-03-16,10:06:52
2026-03-16,09:57:02,DXST,Decent Holding Inc Class A Ordinary Shares,Nasdaq,LULD pause,2026-03-16,10:02:02
2026-03-16,09:48:00,PAVS,Paranovus Entertainment Technology Ltd. Class A Ordinary Shares,Nasdaq,LULD pause,2026-03-16,09:53:00
2026-03-16,09:46:36,WNW,Meiwu Technology Company Limited Ordinary Shares,Nasdaq,LULD pause,2026-03-16,09:51:36
2026-03-16,09:46:36,CAST,"""FreeCast, Inc. Class A Common Stock""",Nasdaq,LULD pause,2026-03-16,09:51:36
2026-03-16,09:42:52,NCI,Neo-Concept International Group Holdings Limited Class A Ordinary Shares,Nasdaq,LULD pause,2026-03-16,09:47:52
2026-03-16,09:40:58,AFRI,Forafric Global PLC Ordinary Shares,Nasdaq,LULD pause,2026-03-16,09:45:58
2026-03-16,09:39:21,PAVS,Paranovus Entertainment Technology Ltd. Class A Ordinary Shares,Nasdaq,LULD pause,2026-03-16,09:44:21
2026-03-16,09:31:38,PAVS,Paranovus Entertainment Technology Ltd. Class A Ordinary Shares,Nasdaq,LULD pause,2026-03-16,09:36:38
2026-03-16,09:30:47,IHS,IHS Holding Limited,NYSE,News pending,2026-03-16,09:57:32
2026-03-16,09:30:17,CMCI,VanEck CMCI Commodity Strategy ETF,Cboe BZX,LULD pause,2026-03-16,09:35:17
2026-03-13,19:50:00,NIVFW,NewGenIvf Group Limited Warrants,Nasdaq,News pending,2026-03-16,09:05:00
2026-03-13,19:50:00,NIVFW,NewGenIvf Group Limited Warrants,Nasdaq,News pending,,
2026-03-13,19:50:00,NIVF,NewGenIvf Group Limited Class A ordinary shares,Nasdaq,News pending,2026-03-16,09:00:00
2026-03-13,19:50:00,NIVF,NewGenIvf Group Limited Class A ordinary shares,Nasdaq,News pending,,
2026-03-13,19:50:00,QIPT,Quipt Home Medical Corp. Ordinary Shares,Nasdaq,News pending,,
2026-03-13,19:50:00,HBIO,Harvard Bioscience Inc,Nasdaq,News pending,,
2026-03-13,19:50:00,HBIO,Harvard Bioscience Inc,Nasdaq,News pending,2026-03-16,09:00:00
2026-03-13,19:50:00,ZJYL,JIN MEDICAL INTERNATIONAL LTD. Ordinary Shares,Nasdaq,News pending,,
2026-03-13,19:50:00,ZJYL,JIN MEDICAL INTERNATIONAL LTD. Ordinary Shares,Nasdaq,News pending,2026-03-16,09:00:00
2026-03-13,19:50:00,DXST,Decent Holding Inc Class A Ordinary Shares,Nasdaq,News pending,,
2026-03-13,19:50:00,DXST,Decent Holding Inc Class A Ordinary Shares,Nasdaq,News pending,2026-03-16,09:00:00
2026-03-13,19:50:00,CLIR,ClearSign Technologies Corporation Common Stock (DE),Nasdaq,News pending,,
2026-03-13,19:50:00,CLIR,ClearSign Technologies Corporation Common Stock (DE),Nasdaq,News pending,2026-03-16,09:00:00
2026-03-13,19:50:00,UOKA,MDJM LTD Class A Ordinary Shares,Nasdaq,News pending,,
2026-03-13,19:50:00,UOKA,MDJM LTD Class A Ordinary Shares,Nasdaq,News pending,2026-03-16,09:00:00
2026-03-13,19:50:00,XLO,"""Xilio Therapeutics, Inc. Common Stock""",Nasdaq,News pending,,
2026-03-13,19:50:00,XLO,"""Xilio Therapeutics, Inc. Common Stock""",Nasdaq,News pending,2026-03-16,09:00:00
2026-03-13,19:50:00,MASK,3 E Network Technology Group Ltd Class A Ordinary Shares,Nasdaq,News pending,,
2026-03-13,19:50:00,MASK,3 E Network Technology Group Ltd Class A Ordinary Shares,Nasdaq,News pending,2026-03-16,09:00:00
2026-03-13,19:50:00,SKYQ,Sky Quarry Inc. Common Stock,Nasdaq,News pending,,
2026-03-13,19:50:00,SKYQ,Sky Quarry Inc. Common Stock,Nasdaq,News pending,2026-03-16,09:00:00
2026-03-13,16:01:00,ULY,Urgent.ly Inc. Common Stock,Nasdaq,News pending,2026-03-13,16:35:19
2026-03-13,13:15:12,CAST,"""FreeCast, Inc. Class A Common Stock""",Nasdaq,LULD pause,2026-03-13,13:25:12
2026-03-13,13:03:37,CAST,"""FreeCast, Inc. Class A Common Stock""",Nasdaq,LULD pause,2026-03-13,13:08:37
2026-03-13,12:37:58,STFS,Star Fashion Culture Holdings Limited Class A Ordinary Shares,Nasdaq,LULD pause,2026-03-13,12:42:58
2026-03-13,11:39:06,LUD,Luda Technology Group Limited,NYSE American,LULD pause,2026-03-13,11:44:06
2026-03-13,11:37:23,ATGL,Alpha Technology Group Limited Class A Ordinary Shares,Nasdaq,LULD pause,2026-03-13,11:47:23
2026-03-13,11:26:59,AIFU,AIFU Inc. Class A Ordinary Share,Nasdaq,LULD pause,2026-03-13,11:31:59
2026-03-13,10:21:52,TPTA,"""Terra Property Trust, Inc. 6.00% Notes due 2026""",NYSE,LULD pause,2026-03-13,10:26:52
2026-03-13,10:21:01,AFJK,"""Aimei Health Technology Co., Ltd Ordinary Share""",Nasdaq,LULD pause,2026-03-13,10:26:01
2026-03-13,10:08:14,TFSA,"""Terra Income Fund 6, LLC 7.00% Notes due 2026""",NYSE,LULD pause,2026-03-13,10:13:14
2026-03-13,10:06:33,STFS,Star Fashion Culture Holdings Limited Class A Ordinary Shares,Nasdaq,LULD pause,2026-03-13,10:11:33
2026-03-13,10:02:05,TPTA,"""Terra Property Trust, Inc. 6.00% Notes due 2026""",NYSE,LULD pause,2026-03-13,10:07:05
2026-03-13,10:01:16,ROMA,Roma Green Finance Limited Class A Ordinary Shares,Nasdaq,LULD pause,2026-03-13,10:06:16
2026-03-13,09:46:29,TPTA,"""Terra Property Trust, Inc. 6.00% Notes due 2026""",NYSE,LULD pause,2026-03-13,09:51:30
2026-03-12,19:50:19,PED,PEDEVCO Corp.,NYSE American,Corporate Action,,
2026-03-12,19:50:19,PED,PEDEVCO Corp.,NYSE American,Corporate Action,2026-03-13,09:00:00
2026-03-12,19:50:00,KXIN,Kaixin Holdings Ordinary Shares,Nasdaq,News pending,,
2026-03-12,19:50:00,KXIN,Kaixin Holdings Ordinary Shares,Nasdaq,News pending,2026-03-13,09:00:00
2026-03-12,19:50:00,STFS,Star Fashion Culture Holdings Limited Class A Ordinary Shares,Nasdaq,News pending,,
2026-03-12,19:50:00,STFS,Star Fashion Culture Holdings Limited Class A Ordinary Shares,Nasdaq,News pending,2026-03-13,09:00:00
2026-03-12,19:50:00,IROQ,"""IF Bancorp, Inc.""",Nasdaq,News pending,,
2026-03-12,14:50:21,CAPNU,Cayson Acquisition Corp Unit,Nasdaq,LULD pause,2026-03-12,15:00:21
2026-03-12,14:01:24,LUD,Luda Technology Group Limited,NYSE American,LULD pause,2026-03-12,14:06:24
2026-03-12,12:22:19,AFJKU,"""Aimei Health Technology Co., Ltd Unit""",Nasdaq,LULD pause,2026-03-12,12:32:19
2026-03-12,11:23:04,UONEK,"""Urban One, Inc. Class D Common Stock""",Nasdaq,LULD pause,2026-03-12,11:28:04
2026-03-12,11:07:53,PLYX,"""Polaryx Therapeutics, Inc. Common Stock""",Nasdaq,LULD pause,2026-03-12,11:12:53
2026-03-12,11:02:30,ROMA,Roma Green Finance Limited Class A Ordinary Shares,Nasdaq,LULD pause,2026-03-12,11:07:30
2026-03-12,11:02:16,PLYX,"""Polaryx Therapeutics, Inc. Common Stock""",Nasdaq,LULD pause,2026-03-12,11:07:16
2026-03-12,10:41:25,ROMA,Roma Green Finance Limited Class A Ordinary Shares,Nasdaq,LULD pause,2026-03-12,10:46:25
2026-03-12,10:35:54,VMC,Vulcan Materials Company(Holding Company),NYSE,News pending,2026-03-12,11:20:07
2026-03-12,10:27:07,ROMA,Roma Green Finance Limited Class A Ordinary Shares,Nasdaq,LULD pause,2026-03-12,10:37:07
2026-03-12,10:16:50,ROMA,Roma Green Finance Limited Class A Ordinary Shares,Nasdaq,LULD pause,2026-03-12,10:26:50
2026-03-12,10:06:28,ROMA,Roma Green Finance Limited Class A Ordinary Shares,Nasdaq,LULD pause,2026-03-12,10:16:28
2026-03-12,09:56:41,ROMA,Roma Green Finance Limited Class A Ordinary Shares,Nasdaq,LULD pause,2026-03-12,10:01:41
2026-03-12,09:55:56,SXTP,"""60 Degrees Pharmaceuticals, Inc. Common Stock""",Nasdaq,LULD pause,2026-03-12,10:00:56
2026-03-12,09:44:51,CAST,"""FreeCast, Inc. Class A Common Stock""",Nasdaq,LULD pause,2026-03-12,09:49:51
2026-03-12,09:42:18,LIXT,"""Lixte Biotechnology Holdings, Inc. Common Stock""",Nasdaq,LULD pause,2026-03-12,09:52:18
2026-03-12,09:41:19,ZNB,Zeta Network Group Class A Ordinary Shares,Nasdaq,LULD pause,2026-03-12,09:46:19
2026-03-12,09:30:21,BGMSP,"""Bio Green Med Solution, Inc. 6% Convertible Preferred Stock""",Nasdaq,LULD pause,2026-03-12,09:40:21
2026-03-11,19:50:00,ELPW,Elong Power Holding Limited Class A Ordinary Shares,Nasdaq,News pending,,
2026-03-11,19:50:00,ELPW,Elong Power Holding Limited Class A Ordinary Shares,Nasdaq,News pending,2026-03-12,09:00:00
2026-03-11,19:50:00,ZNB,Zeta Network Group Class A Ordinary Shares,Nasdaq,News pending,2026-03-12,09:05:01
2026-03-11,19:50:00,ZNB,Zeta Network Group Class A Ordinary Shares,Nasdaq,News pending,,
2026-03-11,16:55:00,STRS,Stratus Properties Inc,Nasdaq,News pending,2026-03-11,17:30:00
2026-03-11,15:55:04,AMCI,AMC Robotics Corporation Common Stock,Nasdaq,LULD pause,2026-03-11,16:00:00
2026-03-11,15:18:03,CZR,"""Caesars Entertainment, Inc. Common Stock""",Nasdaq,LULD pause,2026-03-11,15:28:03
2026-03-11,15:00:10,PIII,P3 Health Partners Inc. Common Stock,Nasdaq,LULD pause,2026-03-11,15:05:10
2026-03-11,14:54:49,SOC,Sable Offshore Corp.,NYSE,LULD pause,2026-03-11,15:00:02
2026-03-11,14:46:00,OIO,OIO Group Ordinary Shares,Nasdaq,LULD pause,2026-03-11,14:51:00
2026-03-11,14:05:02,PIII,P3 Health Partners Inc. Common Stock,Nasdaq,LULD pause,2026-03-11,14:10:02
2026-03-11,13:58:33,PIII,P3 Health Partners Inc. Common Stock,Nasdaq,LULD pause,2026-03-11,14:03:33
2026-03-11,12:55:00,SLDB,Solid Biosciences Inc. Common Stock,Nasdaq,News pending,2026-03-11,13:30:00
2026-03-11,12:26:32,PCTTU,"""PureCycle Technologies, Inc. Unit""",Nasdaq,LULD pause,2026-03-11,12:31:32
2026-03-11,12:20:54,PCTTU,"""PureCycle Technologies, Inc. Unit""",Nasdaq,LULD pause,2026-03-11,12:25:54
2026-03-11,12:18:45,PZZA,Papa John's International Inc,Nasdaq,LULD pause,2026-03-11,12:28:45
2026-03-11,11:47:31,PCTTU,"""PureCycle Technologies, Inc. Unit""",Nasdaq,LULD pause,2026-03-11,11:52:31
2026-03-11,11:07:43,LUD,Luda Technology Group Limited,NYSE American,LULD pause,2026-03-11,11:12:43
2026-03-11,10:35:13,LUD,Luda Technology Group Limited,NYSE American,LULD pause,2026-03-11,10:45:13
2026-03-11,10:23:36,IBG,Innovation Beverage Group Limited Ordinary Shares,Nasdaq,LULD pause,2026-03-11,10:28:36
2026-03-11,10:15:38,GSUN,Golden Sun Technology Group Limited Class A Ordinary Shares,Nasdaq,LULD pause,2026-03-11,10:20:38
2026-03-11,10:08:05,LUD,Luda Technology Group Limited,NYSE American,LULD pause,2026-03-11,10:33:06
2026-03-11,10:06:49,ATPC,Agape ATP Corporation Common Stock,Nasdaq,LULD pause,2026-03-11,10:11:49
2026-03-11,10:04:38,PIII,P3 Health Partners Inc. Common Stock,Nasdaq,LULD pause,2026-03-11,10:09:38
2026-03-11,09:58:12,ADXN,Addex Therapeutics Ltd American Depositary Shares,Nasdaq,LULD pause,2026-03-11,10:08:12
2026-03-11,09:56:59,VACHU,Voyager Acquisition Corp Unit,Nasdaq,LULD pause,2026-03-11,10:01:59
2026-03-11,09:52:47,VACH,Voyager Acquisition Corp Class A Ordinary Shares,Nasdaq,LULD pause,2026-03-11,09:57:47
2026-03-11,09:46:39,JXG,JX Luxventure Limited Common Stock,Nasdaq,LULD pause,2026-03-11,09:56:39
2026-03-11,09:41:09,PLSM,Pulsenmore Ltd. Ordinary Shares,Nasdaq,LULD pause,2026-03-11,09:46:09
2026-03-11,09:30:26,CODX,"""Co-Diagnostics, Inc. Common Stock""",Nasdaq,LULD pause,2026-03-11,09:35:26
2026-03-10,19:50:00,WLDSW,Wearable Devices Ltd. Warrant,Nasdaq,News pending,,
2026-03-10,19:50:00,WLDSW,Wearable Devices Ltd. Warrant,Nasdaq,News pending,2026-03-11,09:05:00
2026-03-10,19:50:00,WLDS,Wearable Devices Ltd. Ordinary Share,Nasdaq,News pending,,
2026-03-10,19:50:00,WLDS,Wearable Devices Ltd. Ordinary Share,Nasdaq,News pending,2026-03-11,09:00:00
2026-03-10,15:13:06,TEO,Telecom Argentina S.A.,NYSE,News pending,2026-03-10,15:47:18
2026-03-10,14:42:03,CAST,"""FreeCast, Inc. Class A Common Stock""",Nasdaq,LULD pause,2026-03-10,14:47:03
2026-03-10,14:34:35,CAST,"""FreeCast, Inc. Class A Common Stock""",Nasdaq,LULD pause,2026-03-10,14:39:35
2026-03-10,14:18:38,CAST,"""FreeCast, Inc. Class A Common Stock""",Nasdaq,LULD pause,2026-03-10,14:23:38
2026-03-10,14:17:35,CHECU,Chenghe Acquisition III Co. Units,Nasdaq,LULD pause,2026-03-10,14:22:35
2026-03-10,13:51:16,CAST,"""FreeCast, Inc. Class A Common Stock""",Nasdaq,LULD pause,2026-03-10,13:56:16
2026-03-10,13:36:56,PLBL,Polibeli Group Ltd Class A Ordinary Shares,Nasdaq,LULD pause,2026-03-10,13:41:56
2026-03-10,13:31:02,CAST,"""FreeCast, Inc. Class A Common Stock""",Nasdaq,LULD pause,2026-03-10,13:36:02
2026-03-10,13:08:02,CAST,"""FreeCast, Inc. Class A Common Stock""",Nasdaq,LULD pause,2026-03-10,13:13:02
2026-03-10,13:01:11,CAST,"""FreeCast, Inc. Class A Common Stock""",Nasdaq,LULD pause,2026-03-10,13:06:11
2026-03-10,12:55:36,CAST,"""FreeCast, Inc. Class A Common Stock""",Nasdaq,LULD pause,2026-03-10,13:00:36
2026-03-10,12:42:40,CAST,"""FreeCast, Inc. Class A Common Stock""",Nasdaq,LULD pause,2026-03-10,12:52:41
2026-03-10,12:29:19,FEUZ,First Trust Eurozone AlphaDEX,Nasdaq,LULD pause,2026-03-10,12:34:19
2026-03-10,12:06:46,CAST,"""FreeCast, Inc. Class A Common Stock""",Nasdaq,LULD pause,2026-03-10,12:41:47
2026-03-10,11:51:21,CAST,"""FreeCast, Inc. Class A Common Stock""",Nasdaq,LULD pause,2026-03-10,12:06:24
2026-03-10,11:43:22,TOPS,TOP Ships Inc.,NYSE American,LULD pause,2026-03-10,11:48:22
2026-03-10,11:34:02,TOPS,TOP Ships Inc.,NYSE American,LULD pause,2026-03-10,11:39:02
2026-03-10,11:06:15,TOPS,TOP Ships Inc.,NYSE American,LULD pause,2026-03-10,11:28:54
2026-03-10,10:55:58,TOPS,TOP Ships Inc.,NYSE American,LULD pause,2026-03-10,11:05:58
2026-03-10,10:30:53,AHG,Akso Health Group ADS,Nasdaq,LULD pause,2026-03-10,10:35:53
2026-03-10,10:15:34,TOPS,TOP Ships Inc.,NYSE American,LULD pause,2026-03-10,10:55:41
2026-03-10,10:10:50,GSIW,Garden Stage Limited Class A Ordinary Shares,Nasdaq,LULD pause,2026-03-10,10:15:50
2026-03-10,10:06:59,OIO,OIO Group Ordinary Shares,Nasdaq,LULD pause,2026-03-10,10:11:59
2026-03-10,10:04:34,MSLE,Satellos Bioscience Inc. Common Stock,Nasdaq,LULD pause,2026-03-10,10:09:34
2026-03-10,10:01:36,OIO,OIO Group Ordinary Shares,Nasdaq,LULD pause,2026-03-10,10:06:36
2026-03-10,09:58:14,MI,NFT Limited,NYSE American,LULD pause,2026-03-10,10:03:14
2026-03-10,09:57:04,ANTA,Antalpha Platform Holding Company Class A Ordinary Shares,Nasdaq,LULD pause,2026-03-10,10:02:04
2026-03-10,09:56:02,VOYX,Tradr 2X Long VOYG Daily ETF,Cboe BZX,LULD pause,2026-03-10,10:01:02
2026-03-10,09:50:49,MI,NFT Limited,NYSE American,LULD pause,2026-03-10,09:55:49
2026-03-10,09:50:04,TBMC,Trailblazer Merger Corporation I Class A Common Stock,Nasdaq,LULD pause,2026-03-10,09:55:04
2026-03-10,09:46:33,ANTA,Antalpha Platform Holding Company Class A Ordinary Shares,Nasdaq,LULD pause,2026-03-10,09:56:33
2026-03-10,09:45:05,GSIW,Garden Stage Limited Class A Ordinary Shares,Nasdaq,LULD pause,2026-03-10,09:50:05
2026-03-10,09:44:34,TBMC,Trailblazer Merger Corporation I Class A Common Stock,Nasdaq,LULD pause,2026-03-10,09:49:34
2026-03-10,09:42:53,MI,NFT Limited,NYSE American,LULD pause,2026-03-10,09:47:53
2026-03-10,09:42:37,CNCG,Leverage Shares 2X Long CNC Daily ETF,Nasdaq,LULD pause,2026-03-10,09:47:37
2026-03-10,09:34:48,KIDZ,"""Classover Holdings, Inc. Class B Common Stock""",Nasdaq,LULD pause,2026-03-10,09:44:48
2026-03-10,09:34:27,GSIW,Garden Stage Limited Class A Ordinary Shares,Nasdaq,LULD pause,2026-03-10,09:44:27
2026-03-10,09:33:44,MI,NFT Limited,NYSE American,LULD pause,2026-03-10,09:38:44
2026-03-10,09:32:05,ARTL,"""Artelo Biosciences, Inc. Common Stock""",Nasdaq,LULD pause,2026-03-10,09:37:05
2026-03-10,09:00:27,EB,"""Eventbrite, Inc. Class A Common Stock""",NYSE,Merger Effective,,
2026-03-09,19:50:00,ARTL,"""Artelo Biosciences, Inc. Common Stock""",Nasdaq,News pending,2026-03-10,09:00:00
2026-03-09,19:50:00,ARTL,"""Artelo Biosciences, Inc. Common Stock""",Nasdaq,News pending,,
2026-03-09,19:50:00,KIDZW,"""Classover Holdings, Inc. Warrants""",Nasdaq,News pending,,
2026-03-09,19:50:00,KIDZW,"""Classover Holdings, Inc. Warrants""",Nasdaq,News pending,2026-03-10,09:05:00
2026-03-09,19:50:00,ELAB,PMGC Holdings Inc. Common Stock,Nasdaq,News pending,2026-03-10,09:00:00
2026-03-09,19:50:00,ELAB,PMGC Holdings Inc. Common Stock,Nasdaq,News pending,,
2026-03-09,19:50:00,KIDZ,"""Classover Holdings, Inc. Class B Common Stock""",Nasdaq,News pending,2026-03-10,09:00:00
2026-03-09,19:50:00,KIDZ,"""Classover Holdings, Inc. Class B Common Stock""",Nasdaq,News pending,,
2026-03-09,19:50:00,TSLS,Direxion Shares ETF Trust Direxion Daily TSLA Bear 1X ETF,Nasdaq,News pending,2026-03-10,09:00:00
2026-03-09,19:50:00,TSLS,Direxion Shares ETF Trust Direxion Daily TSLA Bear 1X ETF,Nasdaq,News pending,,
2026-03-09,19:50:00,APPX,Tradr 2X Long APP Daily ETF,Nasdaq,News pending,2026-03-10,09:00:00
2026-03-09,19:50:00,APPX,Tradr 2X Long APP Daily ETF,Nasdaq,News pending,,
2026-03-09,19:50:00,MUD,Direxion Shares ETF Trust Direxion Daily MU Bear 1X ETF,Nasdaq,News pending,2026-03-10,09:00:00
2026-03-09,19:50:00,MUD,Direxion Shares ETF Trust Direxion Daily MU Bear 1X ETF,Nasdaq,News pending,,
2026-03-09,15:43:04,GSIW,Garden Stage Limited Class A Ordinary Shares,Nasdaq,LULD pause,2026-03-09,15:48:04
2026-03-09,15:05:31,GSIW,Garden Stage Limited Class A Ordinary Shares,Nasdaq,LULD pause,2026-03-09,15:10:31
2026-03-09,14:53:53,GSIW,Garden Stage Limited Class A Ordinary Shares,Nasdaq,LULD pause,2026-03-09,14:58:53
2026-03-09,14:39:22,GSIW,Garden Stage Limited Class A Ordinary Shares,Nasdaq,LULD pause,2026-03-09,14:49:22
2026-03-09,14:38:06,EJH,E-Home Household Service Holdings Limited Ordinary Shares,Nasdaq,LULD pause,2026-03-09,14:43:06
2026-03-09,14:34:00,GSIW,Garden Stage Limited Class A Ordinary Shares,Nasdaq,LULD pause,2026-03-09,14:39:00
2026-03-09,14:29:49,EJH,E-Home Household Service Holdings Limited Ordinary Shares,Nasdaq,LULD pause,2026-03-09,14:34:49
2026-03-09,14:24:31,EJH,E-Home Household Service Holdings Limited Ordinary Shares,Nasdaq,LULD pause,2026-03-09,14:29:31
2026-03-09,14:19:14,EJH,E-Home Household Service Holdings Limited Ordinary Shares,Nasdaq,LULD pause,2026-03-09,14:24:14
2026-03-09,14:15:19,GSIW,Garden Stage Limited Class A Ordinary Shares,Nasdaq,LULD pause,2026-03-09,14:20:19
2026-03-09,14:08:59,EJH,E-Home Household Service Holdings Limited Ordinary Shares,Nasdaq,LULD pause,2026-03-09,14:18:59
2026-03-09,14:08:13,GSIW,Garden Stage Limited Class A Ordinary Shares,Nasdaq,LULD pause,2026-03-09,14:13:13
2026-03-09,14:00:15,GSIW,Garden Stage Limited Class A Ordinary Shares,Nasdaq,LULD pause,2026-03-09,14:05:15
2026-03-09,13:59:45,USEG,U.S. Energy Corp. Common Stock (DE),Nasdaq,News pending,2026-03-09,14:30:00
2026-03-09,13:52:43,AFJKU,"""Aimei Health Technology Co., Ltd Unit""",Nasdaq,LULD pause,2026-03-09,13:57:43
2026-03-09,13:46:26,GSIW,Garden Stage Limited Class A Ordinary Shares,Nasdaq,LULD pause,2026-03-09,13:51:26
2026-03-09,13:36:47,GSIW,Garden Stage Limited Class A Ordinary Shares,Nasdaq,LULD pause,2026-03-09,13:41:47
2026-03-09,13:35:44,EPSM,Epsium Enterprise Limited Class A Ordinary Shares,Nasdaq,LULD pause,2026-03-09,13:40:44
2026-03-09,13:31:05,GSIW,Garden Stage Limited Class A Ordinary Shares,Nasdaq,LULD pause,2026-03-09,13:36:05
2026-03-09,13:25:35,GSIW,Garden Stage Limited Class A Ordinary Shares,Nasdaq,LULD pause,2026-03-09,13:30:35
2026-03-09,13:16:56,PIII,P3 Health Partners Inc. Common Stock,Nasdaq,LULD pause,2026-03-09,13:21:56
2026-03-09,12:47:18,CAMP,CAMP4 Therapeutics Corporation Common Stock,Nasdaq,LULD pause,2026-03-09,12:52:18
2026-03-09,12:42:13,AFJKU,"""Aimei Health Technology Co., Ltd Unit""",Nasdaq,LULD pause,2026-03-09,12:47:13
2026-03-09,12:38:44,CAMP,CAMP4 Therapeutics Corporation Common Stock,Nasdaq,LULD pause,2026-03-09,12:43:44
2026-03-09,12:32:49,HSPTU,Horizon Space Acquisition II Corp. Units,Nasdaq,LULD pause,2026-03-09,12:37:49
2026-03-09,12:15:40,HSPTU,Horizon Space Acquisition II Corp. Units,Nasdaq,LULD pause,2026-03-09,12:30:27
2026-03-09,11:28:38,KRKR,36Kr Holdings Inc. American Depositary Shares,Nasdaq,LULD pause,2026-03-09,11:33:38
2026-03-09,11:11:40,GSIW,Garden Stage Limited Class A Ordinary Shares,Nasdaq,LULD pause,2026-03-09,11:16:40
2026-03-09,11:05:35,RGC,Regencell Bioscience Holdings Limited Ordinary Shares,Nasdaq,LULD pause,2026-03-09,11:10:35
2026-03-09,11:04:54,GSIW,Garden Stage Limited Class A Ordinary Shares,Nasdaq,LULD pause,2026-03-09,11:09:54
2026-03-09,11:02:46,LUD,Luda Technology Group Limited,NYSE American,LULD pause,2026-03-09,11:07:46
2026-03-09,10:57:20,GSIW,Garden Stage Limited Class A Ordinary Shares,Nasdaq,LULD pause,2026-03-09,11:02:20
2026-03-09,10:50:41,ADTX,"""Aditxt, Inc. Common Stock""",Nasdaq,LULD pause,2026-03-09,10:55:41
2026-03-09,10:50:14,GSIW,Garden Stage Limited Class A Ordinary Shares,Nasdaq,LULD pause,2026-03-09,10:55:14
2026-03-09,10:46:19,OLOX,Olenox Industries Inc. Common Stock,Nasdaq,LULD pause,2026-03-09,10:51:19
2026-03-09,10:39:30,GSIW,Garden Stage Limited Class A Ordinary Shares,Nasdaq,LULD pause,2026-03-09,10:49:30
2026-03-09,10:33:43,POCI,"""Precision Optics Corporation, Inc. Common Stock""",Nasdaq,LULD pause,2026-03-09,10:43:43
2026-03-09,10:21:27,FEDU,"""Four Seasons Education (Cayman) Inc. American depositary shares, each representing ten (10) Ordinary Shares""",NYSE,LULD pause,2026-03-09,10:29:20
2026-03-09,10:13:24,DTCK,Davis Commodities Limited Class A Ordinary Shares,Nasdaq,LULD pause,2026-03-09,10:18:24
2026-03-09,10:11:51,XBP,"""XBP Global Holdings, Inc. Common Stock""",Nasdaq,LULD pause,2026-03-09,10:21:51
2026-03-09,10:07:39,AFJKU,"""Aimei Health Technology Co., Ltd Unit""",Nasdaq,LULD pause,2026-03-09,10:12:39
2026-03-09,10:05:46,WCT,Wellchange Holdings Company Limited Class A Ordinary shares,Nasdaq,LULD pause,2026-03-09,10:10:46
2026-03-09,09:59:41,SLGL,Sol-Gel Technologies Ltd. Ordinary Shares,Nasdaq,LULD pause,2026-03-09,10:04:41
2026-03-09,09:50:06,AFJKU,"""Aimei Health Technology Co., Ltd Unit""",Nasdaq,LULD pause,2026-03-09,10:05:54
2026-03-09,09:41:02,DTCK,Davis Commodities Limited Class A Ordinary Shares,Nasdaq,LULD pause,2026-03-09,09:46:02
2026-03-09,09:39:15,ADTX,"""Aditxt, Inc. Common Stock""",Nasdaq,LULD pause,2026-03-09,09:44:15
2026-03-09,09:38:23,SLGL,Sol-Gel Technologies Ltd. Ordinary Shares,Nasdaq,LULD pause,2026-03-09,09:48:23
2026-03-09,09:37:13,WCT,Wellchange Holdings Company Limited Class A Ordinary shares,Nasdaq,LULD pause,2026-03-09,09:42:13
2026-03-09,09:31:07,PMAX,Powell Max Limited Class A Ordinary Shares,Nasdaq,LULD pause,2026-03-09,09:36:07
2026-03-09,09:30:18,AGPU,Axe Compute Inc. Common Stock,Nasdaq,LULD pause,2026-03-09,09:35:18
2026-03-09,06:58:32,PLMKW,Plum Acquisition Corp. IV Warrants,Nasdaq,News pending,2026-03-09,08:35:00
2026-03-09,06:58:32,PLMKU,Plum Acquisition Corp. IV Unit,Nasdaq,News pending,2026-03-09,08:35:00
2026-03-09,06:58:32,PLMK,Plum Acquisition Corp. IV Class A Ordinary Shares,Nasdaq,News pending,2026-03-09,08:30:00
2026-03-09,06:55:00,TALKW,"""Talkspace, Inc. Warrant""",Nasdaq,News pending,2026-03-09,08:05:00
2026-03-09,06:55:00,XENE,Xenon Pharmaceuticals Inc,Nasdaq,News pending,2026-03-09,07:35:01
2026-03-09,06:55:00,TALK,"""Talkspace, Inc. Common Stock""",Nasdaq,News pending,2026-03-09,08:00:00
2026-03-06,19:50:00,BHAT,Blue Hat Interactive Entertainment Technology Ordinary Shares,Nasdaq,News pending,,
2026-03-06,19:50:00,BHAT,Blue Hat Interactive Entertainment Technology Ordinary Shares,Nasdaq,News pending,2026-03-09,09:00:00
2026-03-06,19:50:00,ADTX,"""Aditxt, Inc. Common Stock""",Nasdaq,News pending,,
2026-03-06,19:50:00,ADTX,"""Aditxt, Inc. Common Stock""",Nasdaq,News pending,2026-03-09,09:00:00
2026-03-06,19:50:00,RVPH,"""Reviva Pharmaceuticals Holdings, Inc. Common Stock""",Nasdaq,News pending,2026-03-09,09:00:00
2026-03-06,19:50:00,RVPH,"""Reviva Pharmaceuticals Holdings, Inc. Common Stock""",Nasdaq,News pending,,
2026-03-06,19:50:00,DCOY,Decoy Therapeutics Inc. Common Stock,Nasdaq,News pending,2026-03-09,09:00:00
2026-03-06,19:50:00,DCOY,Decoy Therapeutics Inc. Common Stock,Nasdaq,News pending,,
2026-03-06,19:50:00,DTCK,Davis Commodities Limited Class A Ordinary Shares,Nasdaq,News pending,,
2026-03-06,19:50:00,DTCK,Davis Commodities Limited Class A Ordinary Shares,Nasdaq,News pending,2026-03-09,09:00:00
2026-03-06,17:00:54,ALUR,"""Allurion Technologies, Inc.""",NYSE,News Released,,
2026-03-06,17:00:54,ALUR WS,"""Allurion Technologies, Inc. Warrants, each whole warrant exercisable to purchase 0.056818 shares of common stock at an exercise price of $202.50 per s""",NYSE,News Released,,
2026-03-06,16:23:00,ALUR,"""Allurion Technologies, Inc.""",NYSE,Regulatory Concern,See Subsequent Halt,See Subsequent Halt
2026-03-06,16:23:00,ALUR WS,"""Allurion Technologies, Inc. Warrants, each whole warrant exercisable to purchase 0.056818 shares of common stock at an exercise price of $202.50 per s""",NYSE,Regulatory Concern,See Subsequent Halt,See Subsequent Halt
2026-03-06,15:45:29,BAK,Braskem S.A. American Depositary Shares (Each representing Two Class A  Preferred Shares),NYSE,News pending,2026-03-06,16:27:38
2026-03-06,15:34:57,BESS,Bimergen Energy Corporation,NYSE American,LULD pause,2026-03-06,15:39:57
2026-03-06,12:27:39,TURB,"""Turbo Energy, S.A. American Depositary Shares""",Nasdaq,LULD pause,2026-03-06,12:37:39
2026-03-06,11:09:22,PTLE,PTL LTD Class A Ordinary Shares,Nasdaq,LULD pause,2026-03-06,11:14:22
2026-03-06,10:57:46,PTLE,PTL LTD Class A Ordinary Shares,Nasdaq,LULD pause,2026-03-06,11:02:46
2026-03-06,10:41:35,TVGN,Tevogen Bio Holdings Inc. Common Stock,Nasdaq,LULD pause,2026-03-06,10:46:35
2026-03-06,10:34:41,TVGN,Tevogen Bio Holdings Inc. Common Stock,Nasdaq,LULD pause,2026-03-06,10:39:41
2026-03-06,10:29:44,PTLE,PTL LTD Class A Ordinary Shares,Nasdaq,LULD pause,2026-03-06,10:39:44
2026-03-06,10:22:15,TVGN,Tevogen Bio Holdings Inc. Common Stock,Nasdaq,LULD pause,2026-03-06,10:27:15
2026-03-06,10:19:10,LUD,Luda Technology Group Limited,NYSE American,LULD pause,2026-03-06,10:24:10
2026-03-06,10:19:07,PTLE,PTL LTD Class A Ordinary Shares,Nasdaq,LULD pause,2026-03-06,10:29:08
2026-03-06,10:14:21,TVGN,Tevogen Bio Holdings Inc. Common Stock,Nasdaq,LULD pause,2026-03-06,10:19:21
2026-03-06,10:13:44,PTLE,PTL LTD Class A Ordinary Shares,Nasdaq,LULD pause,2026-03-06,10:18:44
2026-03-06,10:09:08,WCT,Wellchange Holdings Company Limited Class A Ordinary shares,Nasdaq,LULD pause,2026-03-06,10:14:08
2026-03-06,10:08:32,VMET,Versamet Royalties Corporation Common Stock,Nasdaq,LULD pause,2026-03-06,10:18:32
2026-03-06,09:58:41,NCI,Neo-Concept International Group Holdings Limited Class A Ordinary Shares,Nasdaq,LULD pause,2026-03-06,10:08:41
2026-03-06,09:58:13,ANNA,"""AleAnna, Inc. Class A Common Stock""",Nasdaq,LULD pause,2026-03-06,10:08:13
2026-03-06,09:57:09,OPRX,OptimizeRx Corporation Common Stock,Nasdaq,LULD pause,2026-03-06,10:02:09
2026-03-06,09:56:39,FTW,Presidio Production Company,NYSE,LULD pause,2026-03-06,10:01:42
2026-03-06,09:56:36,PTLE,PTL LTD Class A Ordinary Shares,Nasdaq,LULD pause,2026-03-06,10:01:36
2026-03-06,09:53:19,NCI,Neo-Concept International Group Holdings Limited Class A Ordinary Shares,Nasdaq,LULD pause,2026-03-06,09:58:19
2026-03-06,09:48:03,NCI,Neo-Concept International Group Holdings Limited Class A Ordinary Shares,Nasdaq,LULD pause,2026-03-06,09:53:03
2026-03-06,09:46:39,OPRX,OptimizeRx Corporation Common Stock,Nasdaq,LULD pause,2026-03-06,09:56:39
2026-03-06,09:42:34,NCI,Neo-Concept International Group Holdings Limited Class A Ordinary Shares,Nasdaq,LULD pause,2026-03-06,09:47:34
2026-03-06,09:40:33,EDSA,"""Edesa Biotech, Inc. Common Shares""",Nasdaq,LULD pause,2026-03-06,09:45:33
2026-03-06,09:37:19,NCI,Neo-Concept International Group Holdings Limited Class A Ordinary Shares,Nasdaq,LULD pause,2026-03-06,09:42:19
2026-03-06,09:34:37,GSIW,Garden Stage Limited Class A Ordinary Shares,Nasdaq,LULD pause,2026-03-06,09:44:37
2026-03-06,09:31:09,OPRX,OptimizeRx Corporation Common Stock,Nasdaq,LULD pause,2026-03-06,09:41:09
2026-03-06,09:30:32,WCT,Wellchange Holdings Company Limited Class A Ordinary shares,Nasdaq,LULD pause,2026-03-06,09:40:32
2026-03-06,09:30:23,AGCC,Agencia Comercial Spirits Ltd Class A Ordinary Shares,Nasdaq,LULD pause,2026-03-06,09:35:23
2026-03-06,08:25:00,DAWN,"""Day One Biopharmaceuticals, Inc. Common Stock""",Nasdaq,News pending,2026-03-06,09:00:01
2026-03-06,06:33:04,IMMP,Immutep Limited American Depositary Shares,Nasdaq,News pending,2026-03-12,19:00:00
2026-03-06,06:33:04,IMMP,Immutep Limited American Depositary Shares,Nasdaq,News pending,,
2026-03-05,19:50:00,TVGNW,Tevogen Bio Holdings Inc. Warrant,Nasdaq,News pending,2026-03-06,09:05:00
2026-03-05,19:50:00,TVGNW,Tevogen Bio Holdings Inc. Warrant,Nasdaq,News pending,,
2026-03-05,19:50:00,WCT,Wellchange Holdings Company Limited Class A Ordinary shares,Nasdaq,News pending,2026-03-06,09:00:00
2026-03-05,19:50:00,WCT,Wellchange Holdings Company Limited Class A Ordinary shares,Nasdaq,News pending,,
2026-03-05,19:50:00,TVGN,Tevogen Bio Holdings Inc. Common Stock,Nasdaq,News pending,,
2026-03-05,19:50:00,TVGN,Tevogen Bio Holdings Inc. Common Stock,Nasdaq,News pending,2026-03-06,09:00:00
2026-03-05,19:50:00,GSIW,Garden Stage Limited Class A Ordinary Shares,Nasdaq,News pending,2026-03-06,09:00:00
2026-03-05,19:50:00,GSIW,Garden Stage Limited Class A Ordinary Shares,Nasdaq,News pending,,
2026-03-05,17:25:00,ANY,Sphere 3D Corp. Common Shares,Nasdaq,News pending,2026-03-05,18:00:00
2026-03-05,15:48:56,FTW,Presidio Production Company,NYSE,LULD pause,2026-03-05,16:03:19
2026-03-05,15:43:15,FTW,Presidio Production Company,NYSE,LULD pause,2026-03-05,15:48:41
2026-03-05,15:35:43,VRM,"""Vroom, Inc. Common Stock""",Nasdaq,LULD pause,2026-03-05,15:40:43
2026-03-05,15:27:29,VRM,"""Vroom, Inc. Common Stock""",Nasdaq,LULD pause,2026-03-05,15:32:29
2026-03-05,15:04:59,GLU PRA,The Gabelli Global Utility & Income Trust Series A,NYSE American,LULD pause,2026-03-05,15:09:59
2026-03-05,13:05:42,UNF,Unifirst Corp,NYSE,LULD pause,2026-03-05,13:11:27
2026-03-05,12:11:11,HUHU,HUHUTECH International Group Inc. Ordinary Shares,Nasdaq,LULD pause,2026-03-05,12:21:11
2026-03-05,12:01:25,PLBL,Polibeli Group Ltd Class A Ordinary Shares,Nasdaq,LULD pause,2026-03-05,12:06:25
2026-03-05,11:47:09,PLBL,Polibeli Group Ltd Class A Ordinary Shares,Nasdaq,LULD pause,2026-03-05,11:52:09
2026-03-05,10:51:44,PHGE,BiomX Inc.,NYSE American,LULD pause,2026-03-05,10:56:44
2026-03-05,10:45:31,TKC,TURKCELL ILETISIM HIZMETLERI A.S. ADS,NYSE,News pending,2026-03-05,11:14:39
2026-03-05,10:36:04,HUHU,HUHUTECH International Group Inc. Ordinary Shares,Nasdaq,LULD pause,2026-03-05,10:46:04
2026-03-05,09:48:18,STAK,STAK Inc. Class A Ordinary Shares,Nasdaq,LULD pause,2026-03-05,09:53:18
2026-03-05,09:41:05,CLIK,Click Holdings Limited Class A Ordinary Share,Nasdaq,LULD pause,2026-03-05,09:46:05
2026-03-05,09:38:51,PACK,Ranpak Holdings Corp.,NYSE,LULD pause,2026-03-05,09:43:55
2026-03-05,09:16:19,HIYY,YieldMax HIMS Option Income Strategy ETF,NYSE Arca,News pending,2026-03-05,16:00:00
2026-03-04,19:50:55,JDST,Direxion Daily Junior Gold Miners Index Bear 2X Shares,NYSE Arca,Corporate Action,,
2026-03-04,19:50:55,JDST,Direxion Daily Junior Gold Miners Index Bear 2X Shares,NYSE Arca,Corporate Action,2026-03-05,09:00:00
2026-03-04,19:50:55,HIBS,Direxion Daily S&P 500 High Beta Bear 3X Shares,NYSE Arca,Corporate Action,,
2026-03-04,19:50:55,HIBS,Direxion Daily S&P 500 High Beta Bear 3X Shares,NYSE Arca,Corporate Action,2026-03-05,09:00:00
2026-03-04,19:50:55,SOXS,Direxion Daily Semiconductor Bear 3X Shares,NYSE Arca,Corporate Action,,
2026-03-04,19:50:55,SOXS,Direxion Daily Semiconductor Bear 3X Shares,NYSE Arca,Corporate Action,2026-03-05,09:00:00
2026-03-04,19:50:55,DUST,Direxion Daily Gold Miners Index Bear 2X Shares,NYSE Arca,Corporate Action,2026-03-05,09:00:00
2026-03-04,19:50:55,DUST,Direxion Daily Gold Miners Index Bear 2X Shares,NYSE Arca,Corporate Action,,
2026-03-04,19:50:00,AEHL,Antelope Enterprise Holdings Limited Class A Ordinary Shares,Nasdaq,News pending,,
2026-03-04,19:50:00,AEHL,Antelope Enterprise Holdings Limited Class A Ordinary Shares,Nasdaq,News pending,2026-03-05,09:00:00
2026-03-04,19:50:00,XTKG,"""X3 Holdings Co., Ltd. Ordinary Shares""",Nasdaq,News pending,2026-03-05,09:00:00
2026-03-04,19:50:00,XTKG,"""X3 Holdings Co., Ltd. Ordinary Shares""",Nasdaq,News pending,,
2026-03-04,16:01:00,PEPG,PepGen Inc. Common Stock,Nasdaq,News pending,2026-03-04,16:30:01
2026-03-04,14:20:00,QXAS,Quantify 2X Daily Alt Season Crypto ETF,NYSE Arca,LULD pause,2026-03-04,14:25:00
2026-03-04,14:00:42,PCLA,PicoCELA Inc. American Depositary Shares,Nasdaq,LULD pause,2026-03-04,14:05:42
2026-03-04,12:20:08,ZDAI,"""DirectBooking Technology Co., Ltd. Class A Ordinary Shares""",Nasdaq,LULD pause,2026-03-04,12:30:08
2026-03-04,12:20:06,RILYL,"""BRC Group Holdings, Inc. Depositary Shares each representing 1/1000th in a share of 7.375% Series B Cumulative Perpetual Preferred Stock, par value $0""",Nasdaq,LULD pause,2026-03-04,12:25:06
2026-03-04,11:23:10,HKIT,Hitek Global Inc. Class A Ordinary Share,Nasdaq,LULD pause,2026-03-04,11:28:10
2026-03-04,10:53:56,BWOW,Bitwise Dogecoin ETF,NYSE Arca,LULD pause,2026-03-04,10:58:56
2026-03-04,10:48:36,FTW,EQV Ventures Acquisition Corp.,NYSE,LULD pause,2026-03-04,10:53:51
2026-03-04,10:46:23,CCHH,CCH Holdings Ltd Ordinary Shares,Nasdaq,LULD pause,2026-03-04,10:51:23
2026-03-04,10:43:32,VCIG,VCI Global Limited Ordinary Share,Nasdaq,LULD pause,2026-03-04,10:48:32
2026-03-04,10:41:58,ADVB,Advanced Biomed Inc. Common Stock,Nasdaq,LULD pause,2026-03-04,10:46:58
2026-03-04,10:32:23,VCIG,VCI Global Limited Ordinary Share,Nasdaq,LULD pause,2026-03-04,10:37:23
2026-03-04,10:26:04,FEDU,"""Four Seasons Education (Cayman) Inc. American depositary shares, each representing ten (10) Ordinary Shares""",NYSE,LULD pause,2026-03-04,10:32:34
2026-03-04,10:23:54,VCIG,VCI Global Limited Ordinary Share,Nasdaq,LULD pause,2026-03-04,10:28:54
2026-03-04,10:16:09,NSRX,Nasus Pharma Ltd.,NYSE American,LULD pause,2026-03-04,10:26:09
2026-03-04,10:14:16,VCIG,VCI Global Limited Ordinary Share,Nasdaq,LULD pause,2026-03-04,10:19:16
2026-03-04,10:02:51,VCIG,VCI Global Limited Ordinary Share,Nasdaq,LULD pause,2026-03-04,10:12:51
2026-03-04,09:58:15,ADVB,Advanced Biomed Inc. Common Stock,Nasdaq,LULD pause,2026-03-04,10:03:15
2026-03-04,09:57:14,VCIG,VCI Global Limited Ordinary Share,Nasdaq,LULD pause,2026-03-04,10:02:14
2026-03-04,09:53:57,STAK,STAK Inc. Class A Ordinary Shares,Nasdaq,LULD pause,2026-03-04,09:58:57
2026-03-04,09:51:10,NSRX,Nasus Pharma Ltd.,NYSE American,LULD pause,2026-03-04,10:01:10
2026-03-04,09:47:59,VCIG,VCI Global Limited Ordinary Share,Nasdaq,LULD pause,2026-03-04,09:52:59
2026-03-04,09:43:20,CANF,"""Can-Fite BioPharma Ltd. American Depositary Shares, each representing two (2) Ordinary Shares""",NYSE American,News pending,2026-03-04,11:00:00
2026-03-04,09:43:18,LGOV,First Trust Long Duration Opportunities ETF,NYSE Arca,LULD pause,2026-03-04,09:48:18
2026-03-04,09:39:59,VCIG,VCI Global Limited Ordinary Share,Nasdaq,LULD pause,2026-03-04,09:44:59
2026-03-04,09:38:41,CANF,"""Can-Fite BioPharma Ltd. American Depositary Shares, each representing two (2) Ordinary Shares""",NYSE American,LULD pause,See Subsequent Halt,See Subsequent Halt
2026-03-04,09:38:33,FBGL,FBS Global Limited Ordinary Shares,Nasdaq,LULD pause,2026-03-04,09:43:33
2026-03-04,09:38:06,NPT,Texxon Holding Limited Ordinary shares,Nasdaq,LULD pause,2026-03-04,09:43:06
2026-03-04,09:37:42,MINE,Mayfair Gold Corp.,NYSE American,LULD pause,2026-03-04,09:42:42
2026-03-04,09:35:35,TMDE,TMD Energy Limited,NYSE American,LULD pause,2026-03-04,09:45:35
2026-03-04,09:34:20,ADVB,Advanced Biomed Inc. Common Stock,Nasdaq,LULD pause,2026-03-04,09:39:20
2026-03-04,09:31:51,CANF,"""Can-Fite BioPharma Ltd. American Depositary Shares, each representing two (2) Ordinary Shares""",NYSE American,LULD pause,2026-03-04,09:36:51
2026-03-04,09:31:28,MSTK,Tuttle Capital MSTR 0DTE Covered Call ETF,Cboe BZX,LULD pause,2026-03-04,09:36:28
2026-03-04,09:31:22,VCIG,VCI Global Limited Ordinary Share,Nasdaq,LULD pause,2026-03-04,09:36:22
2026-03-04,09:30:15,EZET,Franklin Ethereum ETF,Cboe BZX,LULD pause,2026-03-04,09:35:15
2026-03-04,09:30:15,TETH,21Shares Ethereum ETF,Cboe BZX,LULD pause,2026-03-04,09:35:15
2026-03-04,09:00:00,FARM,Farmer Bros Co,Nasdaq,News pending,2026-03-04,09:50:00
2026-03-04,07:55:00,KLTOW,"""Klotho Neurosciences, Inc. Warrant""",Nasdaq,News pending,2026-03-04,08:35:00
2026-03-04,07:55:00,KLTO,"""Klotho Neurosciences, Inc. Common Stock""",Nasdaq,News pending,2026-03-04,08:30:00
2026-03-03,19:50:00,VTYX,"""Ventyx Biosciences, Inc. Common Stock""",Nasdaq,News pending,,
2026-03-03,19:50:00,SPRC,SciSparc Ltd. Ordinary Shares,Nasdaq,News pending,2026-03-04,09:00:00
2026-03-03,19:50:00,SPRC,SciSparc Ltd. Ordinary Shares,Nasdaq,News pending,,
2026-03-03,16:05:11,RBOT,Vicarious Surgical Inc.,NYSE,News Released,,
2026-03-03,15:03:55,JL,J-Long Group Limited Class A Ordinary Shares,Nasdaq,LULD pause,2026-03-03,15:08:55
2026-03-03,14:58:07,BRAI,Braiin Limited Common Stock,Nasdaq,LULD pause,2026-03-03,15:03:07
2026-03-03,14:50:52,BRAI,Braiin Limited Common Stock,Nasdaq,LULD pause,2026-03-03,14:55:52
2026-03-03,14:48:07,CLIK,Click Holdings Limited Class A Ordinary Share,Nasdaq,LULD pause,2026-03-03,14:53:07
2026-03-03,14:45:07,BRAI,Braiin Limited Common Stock,Nasdaq,LULD pause,2026-03-03,14:50:07
2026-03-03,10:14:10,ZDAI,"""DirectBooking Technology Co., Ltd. Class A Ordinary Shares""",Nasdaq,LULD pause,2026-03-03,10:19:10
2026-03-03,10:08:56,AIDX,"""20/20 Biolabs, Inc. Common Stock""",Nasdaq,LULD pause,2026-03-03,10:13:56
2026-03-03,10:03:24,AIDX,"""20/20 Biolabs, Inc. Common Stock""",Nasdaq,LULD pause,2026-03-03,10:08:24
2026-03-03,09:55:51,BU,Defiance Daily Target 2X Long BU ETF,Nasdaq,LULD pause,2026-03-03,10:00:51
2026-03-03,09:40:31,FRGN,Horizon International Equity ETF,NYSE Arca,LULD pause,2026-03-03,09:45:31
2026-03-03,09:37:59,BRAI,Braiin Limited Common Stock,Nasdaq,LULD pause,2026-03-03,09:47:59
2026-03-03,09:36:38,TMDE,TMD Energy Limited,NYSE American,LULD pause,2026-03-03,09:41:38
2026-03-03,09:34:28,BATL,Battalion Oil Corporation,NYSE American,LULD pause,2026-03-03,09:39:28
2026-03-03,09:32:24,PBOT,Pictet AI & Automation ETF,NYSE Arca,LULD pause,2026-03-03,09:37:24
2026-03-03,09:32:18,SMRF,"""ALPS Nautilus SMR, Nuclear & Technology ETF""",NYSE Arca,LULD pause,2026-03-03,09:37:18
2026-03-03,09:30:16,MDAA,Myriad Dynamic Asset Allocation ETF,NYSE Arca,LULD pause,2026-03-03,09:35:16
2026-03-03,09:30:16,FRGN,Horizon International Equity ETF,NYSE Arca,LULD pause,2026-03-03,09:40:16
2026-03-03,08:26:04,TBPH,"""Theravance Biopharma, Inc.""",Nasdaq,News pending,2026-03-03,08:50:01
2026-03-03,08:13:02,BATL,Battalion Oil Corporation,NYSE American,News pending,2026-03-03,09:20:00
2026-03-03,00:21:58,MRDN,Meridian Holdings Inc. Common Stock,Nasdaq,News pending,2026-03-03,09:00:00
